metric,moderator,group,x,n_obs,n_studies,fit,lwr,upr,fit_bt,lwr_bt,upr_bt
RR,time_since_conversion,"[0,15)",2,151,39,0.08498152569460601,0.050206955729764816,0.13138743838273562,8.86969535926092,5.148868546783314,14.040953415603031
RR,time_since_conversion,"[0,15)",3.7435897435897436,151,39,0.09597596828363193,0.05078435001884904,0.14959566441911198,10.073261118221799,5.209598433843676,16.136456676460465
RR,time_since_conversion,"[0,15)",5.487179487179487,151,39,0.03644815379127689,0.0032523601554143035,0.10098267085219978,3.7120531856254635,0.32576548171974196,10.625747109809659
RR,time_since_conversion,"[0,15)",7.230769230769231,151,39,0.041019799621060296,0.016393361965021676,0.09981497153635938,4.187273402658764,1.6528470407452867,10.496644891550645
RR,time_since_conversion,"[0,15)",8.974358974358974,151,39,0.056473545643766214,0.017193090110419352,0.10404301039553977,5.809862311207037,1.7341741990578141,10.964818029637602
RR,time_since_conversion,"[0,15)",10.717948717948719,151,39,0.0642661255697985,0.0221472198961496,0.1150429947586231,6.637615096376703,2.239429017267258,12.192167328652648
RR,time_since_conversion,"[0,15)",12.461538461538462,151,39,0.06855352898937843,0.02231115653643706,0.12310046657895991,7.095795071343902,2.2561911796940226,13.09980427439621
RR,time_since_conversion,"[0,15)",14.205128205128204,151,39,0.0686079277753343,0.023793101053305628,0.1275345151692927,7.101621111040068,2.4078415224715766,13.602407762785852
RR,time_since_conversion,"[0,15)",15.948717948717949,151,39,0.1484484960254134,0.0324332202237575,0.19949051721934347,16.003304992309154,3.296490967511345,22.078063298113104
RR,time_since_conversion,"[0,15)",17.692307692307693,151,39,0.15039981808359207,0.04795284886896112,0.20602074970710185,16.22988579432556,4.91211869076742,22.877870052891723
RR,time_since_conversion,"[0,15)",19.435897435897438,151,39,0.15725416316348592,0.0606319742287287,0.21408910701820003,17.029302148083204,6.250781196678057,23.87330296824115
RR,time_since_conversion,"[0,15)",21.17948717948718,151,39,0.1540463608288706,0.058773683044500126,0.21564332127234964,16.654496751642476,6.053519648127259,24.065978312020597
RR,time_since_conversion,"[0,15)",22.923076923076923,151,39,0.15362888254496632,0.058773683044500126,0.21564332127234964,16.605806196860694,6.053519648127259,24.065978312020597
RR,time_since_conversion,"[0,15)",24.666666666666668,151,39,0.15215865143309562,0.058773683044500126,0.21420204724545208,16.4344946773868,6.053519648127259,23.88729403729124
RR,time_since_conversion,"[0,15)",26.41025641025641,151,39,0.15215865143309562,0.06039464981911938,0.21420204724545208,16.4344946773868,6.225568284698091,23.88729403729124
RR,time_since_conversion,"[0,15)",28.153846153846153,151,39,0.15215865143309562,0.06039464981911938,0.21443338140410478,16.4344946773868,6.225568284698091,23.915956715425544
RR,time_since_conversion,"[0,15)",29.897435897435898,151,39,0.15215865143309562,0.06039464981911938,0.21443338140410478,16.4344946773868,6.225568284698091,23.915956715425544
RR,time_since_conversion,"[0,15)",31.641025641025642,151,39,0.15562645667263408,0.06032569691783977,0.21820115615746366,16.83896773965603,6.218243976093851,24.38372479768718
RR,time_since_conversion,"[0,15)",33.38461538461539,151,39,0.15562645667263408,0.06032569691783977,0.21820115615746366,16.83896773965603,6.218243976093851,24.38372479768718
RR,time_since_conversion,"[0,15)",35.12820512820513,151,39,0.1641302167820368,0.06138462977596042,0.21820115615746366,17.83677483589594,6.3307815391175914,24.38372479768718
RR,time_since_conversion,"[0,15)",36.871794871794876,151,39,0.1641302167820368,0.06138462977596042,0.2891320501936799,17.83677483589594,6.3307815391175914,33.52680392905199
RR,time_since_conversion,"[0,15)",38.61538461538461,151,39,0.20353013966294217,0.06625354959404356,0.40498084933897915,22.572209993544277,6.84975999561368,49.927378769775174
RR,time_since_conversion,"[0,15)",40.35897435897436,151,39,0.20353013966294217,0.06625354959404356,0.40498084933897915,22.572209993544277,6.84975999561368,49.927378769775174
RR,time_since_conversion,"[0,15)",42.1025641025641,151,39,0.20353013966294217,0.06625354959404356,0.40498084933897915,22.572209993544277,6.84975999561368,49.927378769775174
RR,time_since_conversion,"[0,15)",43.84615384615385,151,39,0.20353013966294217,0.06625354959404356,0.40498084933897915,22.572209993544277,6.84975999561368,49.927378769775174
RR,time_since_conversion,"[0,15)",45.58974358974359,151,39,0.20353013966294217,0.06625354959404356,0.40498084933897915,22.572209993544277,6.84975999561368,49.927378769775174
RR,time_since_conversion,"[0,15)",47.333333333333336,151,39,0.20353013966294217,0.06628157633190224,0.40498084933897915,22.572209993544277,6.8527546877928724,49.927378769775174
RR,time_since_conversion,"[0,15)",49.07692307692308,151,39,0.20353013966294217,0.06628157633190224,0.40498084933897915,22.572209993544277,6.8527546877928724,49.927378769775174
RR,time_since_conversion,"[0,15)",50.82051282051282,151,39,0.20353013966294217,0.06628157633190224,0.40498084933897915,22.572209993544277,6.8527546877928724,49.927378769775174
RR,time_since_conversion,"[0,15)",52.56410256410256,151,39,0.20353013966294217,0.06628157633190224,0.40498084933897915,22.572209993544277,6.8527546877928724,49.927378769775174
RR,time_since_conversion,"[0,15)",54.30769230769231,151,39,0.20825667388811214,0.0765967276103067,0.40498084933897915,23.15292303807368,7.96066130545563,49.927378769775174
RR,time_since_conversion,"[0,15)",56.05128205128205,151,39,0.20825667388811214,0.0765967276103067,0.40498084933897915,23.15292303807368,7.96066130545563,49.927378769775174
RR,time_since_conversion,"[0,15)",57.794871794871796,151,39,0.20825667388811214,0.0765967276103067,0.40498084933897915,23.15292303807368,7.96066130545563,49.927378769775174
RR,time_since_conversion,"[0,15)",59.53846153846154,151,39,0.20825667388811214,0.0765967276103067,0.40498084933897915,23.15292303807368,7.96066130545563,49.927378769775174
RR,time_since_conversion,"[0,15)",61.282051282051285,151,39,0.20825667388811214,0.0765967276103067,0.40498084933897915,23.15292303807368,7.96066130545563,49.927378769775174
RR,time_since_conversion,"[0,15)",63.02564102564103,151,39,0.20825667388811214,0.0765967276103067,0.40498084933897915,23.15292303807368,7.96066130545563,49.927378769775174
RR,time_since_conversion,"[0,15)",64.76923076923077,151,39,0.20825667388811214,0.0765967276103067,0.40498084933897915,23.15292303807368,7.96066130545563,49.927378769775174
RR,time_since_conversion,"[0,15)",66.51282051282051,151,39,0.20825667388811214,0.0765967276103067,0.40498084933897915,23.15292303807368,7.96066130545563,49.927378769775174
RR,time_since_conversion,"[0,15)",68.25641025641026,151,39,0.20825667388811214,0.0765967276103067,0.40498084933897915,23.15292303807368,7.96066130545563,49.927378769775174
RR,time_since_conversion,"[0,15)",70,151,39,0.20825667388811214,0.0765967276103067,0.40498084933897915,23.15292303807368,7.96066130545563,49.927378769775174
RR,time_since_conversion,"[15,30)",3,71,25,0.04941604422851351,0.002669586484877104,0.10832327911431466,5.065737976101814,0.2673153003881268,11.440795197539689
RR,time_since_conversion,"[15,30)",4.717948717948718,71,25,0.03868997542672905,-0.007540196048187631,0.08532941427994803,3.944817921339383,-0.7511840084566512,8.907576472387447
RR,time_since_conversion,"[15,30)",6.435897435897436,71,25,0.001573540775341484,-0.058497203839450916,0.07202058708059321,0.15747794402387605,-5.681912231885966,7.467746830772781
RR,time_since_conversion,"[15,30)",8.153846153846153,71,25,1.0752713333973056e-4,-0.040615605569688934,0.06797911687064417,0.010753291458920344,-3.980184615977822,7.034295613497377
RR,time_since_conversion,"[15,30)",9.871794871794872,71,25,3.140692100663557e-4,-0.04740953078136032,0.061076422746975355,0.0314118534964436,-4.6303250570367,6.298014694595033
RR,time_since_conversion,"[15,30)",11.58974358974359,71,25,0.004632651822274221,-0.03748495133458814,0.07674604996556786,0.46433991435175237,-3.6791087379595244,7.976783449345604
RR,time_since_conversion,"[15,30)",13.307692307692307,71,25,0.007192897469356225,-0.026564133476341272,0.07587740520928647,0.7218828492136398,-2.6214410422218504,7.883030707411076
RR,time_since_conversion,"[15,30)",15.025641025641026,71,25,0.010870316285561303,-0.021564559411100942,0.07943769197797891,1.092961283628413,-2.1333706689956933,8.267809789699477
RR,time_since_conversion,"[15,30)",16.743589743589745,71,25,0.07896169383262457,-0.011112646345261521,0.1673345819016133,8.216286776440196,-1.10511289753229,18.214972505083526
RR,time_since_conversion,"[15,30)",18.46153846153846,71,25,0.08865502923989382,0.003773844133714909,0.18939628607534456,9.270364049491775,0.37809740497303235,20.851977716032643
RR,time_since_conversion,"[15,30)",20.17948717948718,71,25,0.08865502923989382,0.007980100660663583,0.21032055365380792,9.270364049491775,0.8012026531322824,23.407358335633365
RR,time_since_conversion,"[15,30)",21.897435897435898,71,25,0.08316237563398524,0.006704992385381119,0.21032055365380792,8.671825078782502,0.6727521170456052,23.407358335633365
RR,time_since_conversion,"[15,30)",23.615384615384613,71,25,0.08316237563398524,0.006731086985362243,0.21032055365380792,8.671825078782502,0.675379166516854,23.407358335633365
RR,time_since_conversion,"[15,30)",25.333333333333332,71,25,0.08241193605140898,0.006731086985362243,0.20718666902074304,8.590304031868579,0.675379166516854,23.021219285386163
RR,time_since_conversion,"[15,30)",27.05128205128205,71,25,0.08241193605140898,0.007842598074119127,0.20718666902074304,8.590304031868579,0.7873431799192199,23.021219285386163
RR,time_since_conversion,"[15,30)",28.769230769230766,71,25,0.08241193605140898,0.007842598074119127,0.20718666902074304,8.590304031868579,0.7873431799192199,23.021219285386163
RR,time_since_conversion,"[15,30)",30.487179487179485,71,25,0.08241193605140898,0.007842598074119127,0.2097007600961148,8.590304031868579,0.7873431799192199,23.330894948170243
RR,time_since_conversion,"[15,30)",32.205128205128204,71,25,0.08476707160892624,0.007842598074119127,0.2097007600961148,8.846350311594309,0.7873431799192199,23.330894948170243
RR,time_since_conversion,"[15,30)",33.92307692307692,71,25,0.10251549422301509,0.011384631233368922,0.2097007600961148,10.795446867043967,1.1449682775755088,23.330894948170243
RR,time_since_conversion,"[15,30)",35.64102564102564,71,25,0.10251549422301509,0.011384631233368922,0.2510970249804866,10.795446867043967,1.1449682775755088,28.543479756709857
RR,time_since_conversion,"[15,30)",37.35897435897436,71,25,0.10251549422301509,0.0067490882450931345,0.2510970249804866,10.795446867043967,0.6771914664775114,28.543479756709857
RR,time_since_conversion,"[15,30)",39.07692307692307,71,25,0.14062466402169202,0.0067490882450931345,0.3847749098177842,15.099255798257927,0.6771914664775114,46.92835629123895
RR,time_since_conversion,"[15,30)",40.794871794871796,71,25,0.14062466402169202,0.0067490882450931345,0.3847749098177842,15.099255798257927,0.6771914664775114,46.92835629123895
RR,time_since_conversion,"[15,30)",42.51282051282051,71,25,0.14062466402169202,0.0067490882450931345,0.3847749098177842,15.099255798257927,0.6771914664775114,46.92835629123895
RR,time_since_conversion,"[15,30)",44.230769230769226,71,25,0.14062466402169202,0.0067490882450931345,0.3847749098177842,15.099255798257927,0.6771914664775114,46.92835629123895
RR,time_since_conversion,"[15,30)",45.94871794871795,71,25,0.14062466402169202,0.0067490882450931345,0.3847749098177842,15.099255798257927,0.6771914664775114,46.92835629123895
RR,time_since_conversion,"[15,30)",47.666666666666664,71,25,0.14062466402169202,0.0067490882450931345,0.3847749098177842,15.099255798257927,0.6771914664775114,46.92835629123895
RR,time_since_conversion,"[15,30)",49.38461538461538,71,25,0.14062466402169202,0.0067490882450931345,0.3847749098177842,15.099255798257927,0.6771914664775114,46.92835629123895
RR,time_since_conversion,"[15,30)",51.1025641025641,71,25,0.14062466402169202,0.006751291587019136,0.3847749098177842,15.099255798257927,0.6774132929988408,46.92835629123895
RR,time_since_conversion,"[15,30)",52.82051282051282,71,25,0.14062466402169202,0.006751291587019136,0.3847749098177842,15.099255798257927,0.6774132929988408,46.92835629123895
RR,time_since_conversion,"[15,30)",54.53846153846153,71,25,0.14062466402169202,0.006751291587019136,0.3847749098177842,15.099255798257927,0.6774132929988408,46.92835629123895
RR,time_since_conversion,"[15,30)",56.256410256410255,71,25,0.14062466402169202,0.006751291587019136,0.3847749098177842,15.099255798257927,0.6774132929988408,46.92835629123895
RR,time_since_conversion,"[15,30)",57.97435897435897,71,25,0.14062466402169202,0.006751291587019136,0.3847749098177842,15.099255798257927,0.6774132929988408,46.92835629123895
RR,time_since_conversion,"[15,30)",59.692307692307686,71,25,0.14062466402169202,0.006751291587019136,0.3847749098177842,15.099255798257927,0.6774132929988408,46.92835629123895
RR,time_since_conversion,"[15,30)",61.41025641025641,71,25,0.14062466402169202,0.006751291587019136,0.3847749098177842,15.099255798257927,0.6774132929988408,46.92835629123895
RR,time_since_conversion,"[15,30)",63.128205128205124,71,25,0.14062466402169202,0.006751291587019136,0.3847749098177842,15.099255798257927,0.6774132929988408,46.92835629123895
RR,time_since_conversion,"[15,30)",64.84615384615384,71,25,0.14062466402169202,0.006751291587019136,0.3847749098177842,15.099255798257927,0.6774132929988408,46.92835629123895
RR,time_since_conversion,"[15,30)",66.56410256410257,71,25,0.14062466402169202,0.006751291587019136,0.3847749098177842,15.099255798257927,0.6774132929988408,46.92835629123895
RR,time_since_conversion,"[15,30)",68.28205128205128,71,25,0.14062466402169202,0.006751291587019136,0.3847749098177842,15.099255798257927,0.6774132929988408,46.92835629123895
RR,time_since_conversion,"[15,30)",70,71,25,0.14062466402169202,0.006751291587019136,0.3847749098177842,15.099255798257927,0.6774132929988408,46.92835629123895
RR,time_since_conversion,"[30,45)",3,52,11,0.12758416816247448,0.0542741538136817,0.16033748124956707,13.608048602405054,5.57740069529451,17.390697574213675
RR,time_since_conversion,"[30,45)",3.41025641025641,52,11,0.13730583351571113,0.059739350044961066,0.17795092614833266,14.717894064423675,6.155981496384766,19.47666879929093
RR,time_since_conversion,"[30,45)",3.8205128205128203,52,11,0.1382274003341221,0.04816393871380152,0.17790388594775533,14.82366299815563,4.93426691117369,19.471048725012064
RR,time_since_conversion,"[30,45)",4.230769230769231,52,11,0.12355880493347426,0.04464327746335791,0.14897206026183155,13.151654134065204,4.56547847432478,16.064056076269107
RR,time_since_conversion,"[30,45)",4.6410256410256405,52,11,0.1189924626859675,0.04198025211287059,0.14734829474204722,12.636142851655707,4.287388399166114,15.875748189227789
RR,time_since_conversion,"[30,45)",5.051282051282051,52,11,0.11256069105225973,0.025274863499754004,0.1429982808973784,11.914017664664645,2.5596980961605453,15.372781828778859
RR,time_since_conversion,"[30,45)",5.461538461538462,52,11,0.08991926958193429,0.017834865750494207,0.13831917234839725,9.408595412334009,1.7994856692355121,14.834201080538545
RR,time_since_conversion,"[30,45)",5.871794871794872,52,11,0.08047287077463879,0.007445669079271062,0.13831917234839725,8.37994436040599,0.747345699702362,14.834201080538545
RR,time_since_conversion,"[30,45)",6.282051282051282,52,11,0.08914137547477506,0.009573439494124602,0.1373052675156102,9.323520204731572,0.9619411452138626,14.717829134102423
RR,time_since_conversion,"[30,45)",6.692307692307692,52,11,0.08914137547477506,0.01661497840401495,0.13780707906654033,9.323520204731572,1.6753774791855358,14.775410312101345
RR,time_since_conversion,"[30,45)",7.102564102564102,52,11,0.08461573492520705,0.015390199695013058,0.13494178849505264,8.82987911228299,1.5509238712414941,14.447016108176891
RR,time_since_conversion,"[30,45)",7.512820512820513,52,11,0.09010287751264585,0.015462500726033989,0.1501305686021135,9.428685542436899,1.5582663731705582,16.198595170524264
RR,time_since_conversion,"[30,45)",7.923076923076923,52,11,0.09010287751264585,0.015462500726033989,0.1501305686021135,9.428685542436899,1.5582663731705582,16.198595170524264
RR,time_since_conversion,"[30,45)",8.333333333333332,52,11,0.10884797651893818,0.016129117300778692,0.15408213144445865,11.499283236468273,1.625989366964431,16.658669629435163
RR,time_since_conversion,"[30,45)",8.7435897435897445,52,11,0.10807978154088439,0.015357336825959795,0.15274096875263454,11.413662937781698,1.5475866713633657,16.502316245149483
RR,time_since_conversion,"[30,45)",9.153846153846153,52,11,0.10807978154088439,0.015357336825959795,0.15274096875263454,11.413662937781698,1.5475866713633657,16.502316245149483
RR,time_since_conversion,"[30,45)",9.564102564102564,52,11,0.10900191181840807,0.013362454035534325,0.14340217152225362,11.51644823313951,1.3452130612325863,15.419389225236934
RR,time_since_conversion,"[30,45)",9.974358974358974,52,11,0.10900191181840807,0.011940905881615761,0.14340217152225362,11.51644823313951,1.201248311352754,15.419389225236934
RR,time_since_conversion,"[30,45)",10.384615384615383,52,11,0.11138637338836609,0.011940905881615761,0.14341022041402407,11.782672192631694,1.201248311352754,15.420318227147733
RR,time_since_conversion,"[30,45)",10.794871794871796,52,11,0.12093300992049849,0.021734655493995763,0.1582112927786791,12.854930822712895,2.197257368216965,17.14136798122312
RR,time_since_conversion,"[30,45)",11.205128205128204,52,11,0.12213318941828148,0.025304857003860745,0.15835391397570048,12.990458309297281,2.562774267018919,17.15807601477688
RR,time_since_conversion,"[30,45)",11.615384615384615,52,11,0.12213318941828148,0.02528255013749003,0.16048174174950244,12.990458309297281,2.5604864384359827,17.407633636506525
RR,time_since_conversion,"[30,45)",12.025641025641026,52,11,0.12096372221668182,0.02528255013749003,0.15998958321735982,12.858396909999549,2.5604864384359827,17.349864684780947
RR,time_since_conversion,"[30,45)",12.435897435897436,52,11,0.12287138277091658,0.029771292166641122,0.16413739114516201,13.073897908021891,3.0218887877760503,17.83762024274076
RR,time_since_conversion,"[30,45)",12.846153846153847,52,11,0.12287138277091658,0.032427871595763685,0.15959434525127736,13.073897908021891,3.295938474485638,17.303492727525583
RR,time_since_conversion,"[30,45)",13.256410256410255,52,11,0.12287138277091658,0.032427871595763685,0.15959434525127736,13.073897908021891,3.295938474485638,17.303492727525583
RR,time_since_conversion,"[30,45)",13.666666666666666,52,11,0.12287138277091658,0.032427871595763685,0.15959434525127736,13.073897908021891,3.295938474485638,17.303492727525583
RR,time_since_conversion,"[30,45)",14.076923076923077,52,11,0.12287138277091658,0.032427871595763685,0.16075499049777417,13.073897908021891,3.295938474485638,17.43971950894785
RR,time_since_conversion,"[30,45)",14.487179487179487,52,11,0.12471849704161286,0.032909626090594654,0.1634980862476648,13.282951331834369,3.345713745911194,17.762310150630523
RR,time_since_conversion,"[30,45)",14.897435897435898,52,11,0.12539806249193275,0.033301271860881776,0.16656875092213833,13.359960675150662,3.38619658452588,18.124474474422136
RR,time_since_conversion,"[30,45)",15.307692307692307,52,11,0.12539806249193275,0.033301271860881776,0.16656875092213833,13.359960675150662,3.38619658452588,18.124474474422136
RR,time_since_conversion,"[30,45)",15.717948717948717,52,11,0.20114788178873896,0.042199784110953945,0.2551921138969752,22.280558913100478,4.310285331128938,29.070956029931484
RR,time_since_conversion,"[30,45)",16.128205128205128,52,11,0.20114788178873896,0.042199784110953945,0.2551921138969752,22.280558913100478,4.310285331128938,29.070956029931484
RR,time_since_conversion,"[30,45)",16.53846153846154,52,11,0.20114788178873896,0.05265211195118566,0.2551921138969752,22.280558913100478,5.406288544685567,29.070956029931484
RR,time_since_conversion,"[30,45)",16.94871794871795,52,11,0.20114788178873896,0.05265211195118566,0.2551921138969752,22.280558913100478,5.406288544685567,29.070956029931484
RR,time_since_conversion,"[30,45)",17.358974358974358,52,11,0.20114788178873896,0.05401627415815782,0.2571988035279972,22.280558913100478,5.550177941820111,29.330221424651583
RR,time_since_conversion,"[30,45)",17.769230769230766,52,11,0.2050338702213664,0.05854209749769115,0.2681713639910764,22.756664221297207,6.028962029493057,30.757119143519574
RR,time_since_conversion,"[30,45)",18.17948717948718,52,11,0.22250751056708395,0.062365184942609654,0.30118517992624017,24.920520185489025,6.435095870950036,35.14595815532153
RR,time_since_conversion,"[30,45)",18.58974358974359,52,11,0.22250751056708395,0.06792687082852353,0.3077812446209674,24.920520185489025,7.028703641260869,36.04033608316266
RR,time_since_conversion,"[30,45)",19,52,11,0.22250751056708395,0.06792687082852353,0.3077812446209674,24.920520185489025,7.028703641260869,36.04033608316266
RR,time_since_conversion,"[45,55)",3,39,9,0.12376254706237562,0.07418682608837023,0.18562577450394224,13.174710241637655,7.700799989321716,20.397161918574792
RR,time_since_conversion,"[45,55)",3.3333333333333335,39,9,0.13235239130564225,0.07999327045220596,0.1961167256595591,14.151050677726973,8.327977766739124,21.666891352755147
RR,time_since_conversion,"[45,55)",3.6666666666666665,39,9,0.1331462341432388,0.07965807587606835,0.19509424186693747,14.241704649453958,8.291672901084702,21.5425525063087
RR,time_since_conversion,"[45,55)",4,39,9,0.1190724062273661,0.055764347919448023,0.1751585522512846,12.645147743741436,5.734848800495129,19.14351063558877
RR,time_since_conversion,"[45,55)",4.333333333333333,39,9,0.11355599416837764,0.055764347919448023,0.17285831436687982,12.025461486175026,5.734848800495129,18.869767176981036
RR,time_since_conversion,"[45,55)",4.666666666666666,39,9,0.11355599416837764,0.05129271307631802,0.16922113669779487,12.025461486175026,5.263096704098569,18.438202029600713
RR,time_since_conversion,"[45,55)",5,39,9,0.10746300397201991,0.04353871288879489,0.16609628401451915,11.344966676950774,4.450042915830643,18.06867775134362
RR,time_since_conversion,"[45,55)",5.333333333333333,39,9,0.08476768338527434,0.034483611319984245,0.15675797373002687,8.846416901237376,3.5085064559195356,16.971247849108195
RR,time_since_conversion,"[45,55)",5.666666666666666,39,9,0.0735240100214306,0.020958967530616355,0.14408387185681842,7.62943782127492,2.1180149234646395,15.498097486162866
RR,time_since_conversion,"[45,55)",6,39,9,0.0735240100214306,0.02094788667372763,0.14408387185681842,7.62943782127492,2.1168833746247895,15.498097486162866
RR,time_since_conversion,"[45,55)",6.333333333333333,39,9,0.08098114173835476,0.02675468794977627,0.14408387185681842,8.43504474094907,2.7115807971402894,15.498097486162866
RR,time_since_conversion,"[45,55)",6.666666666666666,39,9,0.08098114173835476,0.03044967825572268,0.14666724872241063,8.43504474094907,3.09180111509455,15.796858339009612
RR,time_since_conversion,"[45,55)",7,39,9,0.07685763166190529,0.028969652457640337,0.15645743521730393,7.988832354214059,2.9393354442675435,16.93609876633937
RR,time_since_conversion,"[45,55)",7.333333333333333,39,9,0.07685763166190529,0.028969652457640337,0.15645743521730393,7.988832354214059,2.9393354442675435,16.93609876633937
RR,time_since_conversion,"[45,55)",7.666666666666666,39,9,0.08218558589951734,0.02790385621647615,0.16891409928182097,8.565727381626198,2.8296815322266022,18.401842652227216
RR,time_since_conversion,"[45,55)",8,39,9,0.10828239432512184,0.027587362254547387,0.19083989049376657,11.436239057259613,2.797141708515083,21.026566153037997
RR,time_since_conversion,"[45,55)",8.333333333333332,39,9,0.10828239432512184,0.027587362254547387,0.19083989049376657,11.436239057259613,2.797141708515083,21.026566153037997
RR,time_since_conversion,"[45,55)",8.666666666666666,39,9,0.10828239432512184,0.021605244718599488,0.18903888060236707,11.436239057259613,2.184032797616986,20.808792275592868
RR,time_since_conversion,"[45,55)",9,39,9,0.10828239432512184,0.021605244718599488,0.18903888060236707,11.436239057259613,2.184032797616986,20.808792275592868
RR,time_since_conversion,"[45,55)",9.333333333333332,39,9,0.10901241224163617,0.032084601707398325,0.18903888060236707,11.517619209190721,3.2604861744185643,20.808792275592868
RR,time_since_conversion,"[45,55)",9.666666666666666,39,9,0.10901241224163617,0.030422685738318637,0.1839750772915208,11.517619209190721,3.0890184454145375,20.198586597966273
RR,time_since_conversion,"[45,55)",10,39,9,0.10901241224163617,0.020898604348827267,0.1839750772915208,11.517619209190721,2.111850941206539,20.198586597966273
RR,time_since_conversion,"[45,55)",10.333333333333332,39,9,0.11119816757929629,0.020898604348827267,0.1839750772915208,11.761636023998356,2.111850941206539,20.198586597966273
RR,time_since_conversion,"[45,55)",10.666666666666666,39,9,0.12532560030619302,0.03768807840891755,0.1842014603674986,13.351746662231022,3.8407280706096447,20.225800604007492
RR,time_since_conversion,"[45,55)",11,39,9,0.12652422564151963,0.03770772003126927,0.1842014603674986,13.48769439650681,3.8427676910057773,20.225800604007492
RR,time_since_conversion,"[45,55)",11.333333333333332,39,9,0.12652422564151963,0.03961866026660667,0.18421877180464957,13.48769439650681,4.041394735697357,20.227881903413667
RR,time_since_conversion,"[45,55)",11.666666666666666,39,9,0.12652422564151963,0.03669233271517816,0.18416836087902397,13.48769439650681,3.7373805752494604,20.22182125736358
RR,time_since_conversion,"[45,55)",12,39,9,0.1259536991516749,0.03669233271517816,0.18416836087902397,13.422965127219388,3.7373805752494604,20.22182125736358
RR,time_since_conversion,"[45,55)",12.333333333333332,39,9,0.12643751463828942,0.04007078376538956,0.19331123359167043,13.477854191304605,4.088444930551383,21.326034213708024
RR,time_since_conversion,"[45,55)",12.666666666666666,39,9,0.1270543879423386,0.039030591341463895,0.19332088452931018,13.54787724561195,3.9802292110596493,21.327205129348513
RR,time_since_conversion,"[45,55)",13,39,9,0.1270543879423386,0.04194489386953556,0.19332088452931018,13.54787724561195,4.283701045499888,21.327205129348513
RR,time_since_conversion,"[45,55)",13.333333333333332,39,9,0.1270543879423386,0.04194489386953556,0.19332088452931018,13.54787724561195,4.283701045499888,21.327205129348513
RR,time_since_conversion,"[45,55)",13.666666666666666,39,9,0.1270543879423386,0.04579825716284224,0.1979363683038033,13.54787724561195,4.68631925011771,21.888483164465654
RR,time_since_conversion,"[45,55)",14,39,9,0.1270543879423386,0.04917263555450917,0.1979363683038033,13.54787724561195,5.040167176341237,21.888483164465654
RR,time_since_conversion,"[45,55)",14.333333333333332,39,9,0.1270543879423386,0.04917263555450917,0.1979363683038033,13.54787724561195,5.040167176341237,21.888483164465654
RR,time_since_conversion,"[45,55)",14.666666666666666,39,9,0.12869626665726686,0.050665824606011704,0.19794618056800503,13.734462221421161,5.197129161732272,21.889679172333377
RR,time_since_conversion,"[45,55)",15,39,9,0.12869626665726686,0.050665824606011704,0.19794618056800503,13.734462221421161,5.197129161732272,21.889679172333377
RR,time_since_conversion,"[45,55)",15.333333333333332,39,9,0.12869626665726686,0.050665824606011704,0.19794618056800503,13.734462221421161,5.197129161732272,21.889679172333377
RR,time_since_conversion,"[45,55)",15.666666666666666,39,9,0.20698965608309475,0.05832873613305706,0.2834772286888881,22.996984900903715,6.006341958674111,32.77386456198472
RR,time_since_conversion,"[45,55)",16,39,9,0.20698965608309475,0.06067196541892675,0.2834772286888881,22.996984900903715,6.255030376841897,32.77386456198472
RR,time_since_conversion,"[55,75]",3,5,3,0.19284318536520004,0.04169619529508056,0.25649069976061584,21.26926106589162,4.257769062468242,29.238674623767036
RR,time_since_conversion,"[55,75]",3.1666666666666665,5,3,0.19284318536520004,0.04169619529508056,0.25649069976061584,21.26926106589162,4.257769062468242,29.238674623767036
RR,time_since_conversion,"[55,75]",3.3333333333333335,5,3,0.19751202464103698,0.04169619529508056,0.26163176253438003,21.83677153159842,4.257769062468242,29.9048096165218
RR,time_since_conversion,"[55,75]",3.5,5,3,0.19751202464103698,0.03690901382360608,0.26163176253438003,21.83677153159842,3.759860941305271,29.9048096165218
RR,time_since_conversion,"[55,75]",3.6666666666666665,5,3,0.19751202464103698,0.03690901382360608,0.26163176253438003,21.83677153159842,3.759860941305271,29.9048096165218
RR,time_since_conversion,"[55,75]",3.833333333333333,5,3,0.19798238575458527,0.03690901382360608,0.2515321234613658,21.89409229079842,3.759860941305271,28.59942099857109
RR,time_since_conversion,"[55,75]",4,5,3,0.18596049398183823,0.034775327160023156,0.2482426777109504,20.43746793898107,3.5387059314500258,28.177095169426437
RR,time_since_conversion,"[55,75]",4.166666666666666,5,3,0.18596049398183823,0.034775327160023156,0.2482426777109504,20.43746793898107,3.5387059314500258,28.177095169426437
RR,time_since_conversion,"[55,75]",4.333333333333333,5,3,0.18596049398183823,0.03318978175520898,0.2482426777109504,20.43746793898107,3.3746706890671607,28.177095169426437
RR,time_since_conversion,"[55,75]",4.5,5,3,0.18596049398183823,0.027347308145836004,0.24939111378043893,20.43746793898107,2.7724677939399367,28.32438292790027
RR,time_since_conversion,"[55,75]",4.666666666666666,5,3,0.18596049398183823,0.027347308145836004,0.24939111378043893,20.43746793898107,2.7724677939399367,28.32438292790027
RR,time_since_conversion,"[55,75]",4.833333333333333,5,3,0.18596049398183823,0.0058952994365245115,0.24939111378043893,20.43746793898107,0.5912710912720609,28.32438292790027
RR,time_since_conversion,"[55,75]",5,5,3,0.1804750457406044,0.003775035180151464,0.24939111378043893,19.77862312392289,0.3782169600194507,28.32438292790027
RR,time_since_conversion,"[55,75]",5.166666666666666,5,3,0.1804750457406044,0.003775035180151464,0.24939111378043893,19.77862312392289,0.3782169600194507,28.32438292790027
RR,time_since_conversion,"[55,75]",5.333333333333333,5,3,0.1606660380959511,-0.008587441053241485,0.24721039272844791,17.429273428436964,-0.8550674300698446,28.044848149032497
RR,time_since_conversion,"[55,75]",5.5,5,3,0.14762105494737626,-0.014296782696619624,0.24721039272844791,15.907358792957949,-1.4195069002029714,28.044848149032497
RR,time_since_conversion,"[55,75]",5.666666666666666,5,3,0.14762105494737626,-0.014296782696619624,0.24721039272844791,15.907358792957949,-1.4195069002029714,28.044848149032497
RR,time_since_conversion,"[55,75]",5.833333333333333,5,3,0.14762105494737626,-0.014296782696619624,0.24721039272844791,15.907358792957949,-1.4195069002029714,28.044848149032497
RR,time_since_conversion,"[55,75]",6,5,3,0.14762105494737626,-0.014296782696619624,0.24721039272844791,15.907358792957949,-1.4195069002029714,28.044848149032497
RR,time_since_conversion,"[55,75]",6.166666666666666,5,3,0.14762105494737626,-0.014296782696619624,0.24721039272844791,15.907358792957949,-1.4195069002029714,28.044848149032497
RR,time_since_conversion,"[55,75]",6.333333333333333,5,3,0.15371025949716569,-0.014214585414156313,0.24721039272844791,16.615295608082192,-1.411403518532861,28.044848149032497
RR,time_since_conversion,"[55,75]",6.5,5,3,0.15371025949716569,-0.003043524833628906,0.24721039272844791,16.615295608082192,-0.30388980070665816,28.044848149032497
RR,time_since_conversion,"[55,75]",6.666666666666666,5,3,0.15371025949716569,-0.003043524833628906,0.24721039272844791,16.615295608082192,-0.30388980070665816,28.044848149032497
RR,time_since_conversion,"[55,75]",6.833333333333333,5,3,0.15371025949716569,-0.003043524833628906,0.2495227209478617,16.615295608082192,-0.30388980070665816,28.341272447815257
RR,time_since_conversion,"[55,75]",7,5,3,0.15371025949716569,-0.003043524833628906,0.2495227209478617,16.615295608082192,-0.30388980070665816,28.341272447815257
RR,time_since_conversion,"[55,75]",7.166666666666666,5,3,0.15371025949716569,-0.003043524833628906,0.2495227209478617,16.615295608082192,-0.30388980070665816,28.341272447815257
RR,time_since_conversion,"[55,75]",7.333333333333333,5,3,0.15371025949716569,-0.003043524833628906,0.2495227209478617,16.615295608082192,-0.30388980070665816,28.341272447815257
RR,time_since_conversion,"[55,75]",7.5,5,3,0.15838645845651628,-0.0029398164583835755,0.2560222653858364,17.161888925578417,-0.2935499429439492,29.17814896327906
RR,time_since_conversion,"[55,75]",7.666666666666666,5,3,0.15838645845651628,-0.0029398164583835755,0.2560222653858364,17.161888925578417,-0.2935499429439492,29.17814896327906
RR,time_since_conversion,"[55,75]",7.833333333333333,5,3,0.15838645845651628,-0.0029398164583835755,0.2548575049452484,17.161888925578417,-0.2935499429439492,29.02777495742552
RR,time_since_conversion,"[55,75]",8,5,3,0.2008664146065712,-4.617153690196546e-4,0.2689849937707186,22.246145792058613,-0.04616087948815517,30.8635503214715
RR,time_since_conversion,"[55,75]",8.166666666666666,5,3,0.2008664146065712,-4.617153690196546e-4,0.2689849937707186,22.246145792058613,-0.04616087948815517,30.8635503214715
RR,time_since_conversion,"[55,75]",8.333333333333332,5,3,0.2008664146065712,0.0024905603472143434,0.2689849937707186,22.246145792058613,0.24936643690187665,30.8635503214715
RR,time_since_conversion,"[55,75]",8.5,5,3,0.2008664146065712,0.0024905603472143434,0.2689849937707186,22.246145792058613,0.24936643690187665,30.8635503214715
RR,time_since_conversion,"[55,75]",8.666666666666666,5,3,0.2008664146065712,0.0024905603472143434,0.2689849937707186,22.246145792058613,0.24936643690187665,30.8635503214715
RR,time_since_conversion,"[55,75]",8.833333333333332,5,3,0.2008664146065712,0.0024905603472143434,0.2689849937707186,22.246145792058613,0.24936643690187665,30.8635503214715
RR,time_since_conversion,"[55,75]",9,5,3,0.2008664146065712,0.0024928822088986654,0.2689849937707186,22.246145792058613,0.24959920233491584,30.8635503214715
RR,time_since_conversion,"[55,75]",9.166666666666666,5,3,0.2008664146065712,0.0024928822088986654,0.2689849937707186,22.246145792058613,0.24959920233491584,30.8635503214715
RR,time_since_conversion,"[55,75]",9.333333333333332,5,3,0.21301519721746445,0.007413202454335993,0.2944149861857295,23.740345619012395,0.7440748265137298,34.23408410038853
RR,time_since_conversion,"[55,75]",9.5,5,3,0.21301519721746445,0.007413202454335993,0.28585902530699975,23.740345619012395,0.7440748265137298,33.090481812841134
RR,time_since_conversion,0-30 cm,2,222,49,0.07360697982031517,0.03926596069523096,0.11865759170944555,7.6383681845551,4.0047058508260625,12.59843059123047
RR,time_since_conversion,0-30 cm,3.7435897435897436,222,49,0.08506386407254037,0.041309434695086446,0.14024933920672422,8.878659882440099,4.217454061781067,15.056064297300598
RR,time_since_conversion,0-30 cm,5.487179487179487,222,49,0.024260083853732795,-0.009260863695607753,0.08212109490266016,2.4556753910191187,-0.9218113965668184,8.558726095405223
RR,time_since_conversion,0-30 cm,7.230769230769231,222,49,0.024818216248096606,-0.0029129208163500074,0.07900406845045845,2.512875183484975,-0.29086823789185035,8.220872497394138
RR,time_since_conversion,0-30 cm,8.974358974358974,222,49,0.03835384106800502,3.403402137467991e-4,0.08361234561443052,3.909884368137373,0.03403981360483588,8.720735140992787
RR,time_since_conversion,0-30 cm,10.717948717948719,222,49,0.04487821320386451,0.005178251187657974,0.09563095450905648,4.590047528403041,0.5191681502179746,10.03529087742827
RR,time_since_conversion,0-30 cm,12.461538461538462,222,49,0.04892918287261453,0.008745295120044514,0.10718456102432343,5.014597978506674,0.8783646931191269,11.313967772131583
RR,time_since_conversion,0-30 cm,14.205128205128204,222,49,0.04897358402036137,0.013659186302886095,0.1069719395362709,5.019260850704765,1.3752899182557954,11.290302546619735
RR,time_since_conversion,0-30 cm,15.948717948717949,222,49,0.12622523946826023,0.021787947757974033,0.18664716827819627,13.453768217029193,2.2027038365605156,20.52019765346671
RR,time_since_conversion,0-30 cm,17.692307692307693,222,49,0.12777226279921794,0.0358814508344916,0.1927668320934203,13.629419676867304,3.6532959089646155,21.260002114523058
RR,time_since_conversion,0-30 cm,19.435897435897438,222,49,0.13531480051224706,0.0477928390768202,0.20297570889081534,14.489714183469804,4.895333067430507,22.50427102398429
RR,time_since_conversion,0-30 cm,21.17948717948718,222,49,0.1315655645595545,0.045298185089474835,0.20303631460668806,14.061268903942148,4.633981632778195,22.511695708014035
RR,time_since_conversion,0-30 cm,22.923076923076923,222,49,0.13109229700136432,0.045298185089474835,0.20303631460668806,14.007300177554939,4.633981632778195,22.511695708014035
RR,time_since_conversion,0-30 cm,24.666666666666668,222,49,0.1298522694867004,0.045298185089474835,0.20303631460668806,13.866015604945003,4.633981632778195,22.511695708014035
RR,time_since_conversion,0-30 cm,26.41025641025641,222,49,0.1298522694867004,0.045298185089474835,0.20303631460668806,13.866015604945003,4.633981632778195,22.511695708014035
RR,time_since_conversion,0-30 cm,28.153846153846153,222,49,0.1298522694867004,0.044859622410024766,0.20268933648298082,13.866015604945003,4.588103134465715,22.46919420367759
RR,time_since_conversion,0-30 cm,29.897435897435898,222,49,0.1298522694867004,0.044859622410024766,0.20268933648298082,13.866015604945003,4.588103134465715,22.46919420367759
RR,time_since_conversion,0-30 cm,31.641025641025642,222,49,0.13296422090901583,0.044859622410024766,0.20600638323225423,14.220913039539052,4.588103134465715,22.876104743742953
RR,time_since_conversion,0-30 cm,33.38461538461539,222,49,0.13296422090901583,0.044859622410024766,0.20600638323225423,14.220913039539052,4.588103134465715,22.876104743742953
RR,time_since_conversion,0-30 cm,35.12820512820513,222,49,0.14442460731496232,0.0474813644802313,0.20600638323225423,15.537458488788381,4.862665923636089,22.876104743742953
RR,time_since_conversion,0-30 cm,36.871794871794876,222,49,0.14442460731496232,0.0529256830797536,0.29236703410735226,15.537458488788381,5.4351286067251925,33.959460432904805
RR,time_since_conversion,0-30 cm,38.61538461538461,222,49,0.18341172177767748,0.055412428496328894,0.39973296190461,20.130891131547646,5.6976452002204026,49.14263768011426
RR,time_since_conversion,0-30 cm,40.35897435897436,222,49,0.18341172177767748,0.055412428496328894,0.39973296190461,20.130891131547646,5.6976452002204026,49.14263768011426
RR,time_since_conversion,0-30 cm,42.1025641025641,222,49,0.18341172177767748,0.055412428496328894,0.39973296190461,20.130891131547646,5.6976452002204026,49.14263768011426
RR,time_since_conversion,0-30 cm,43.84615384615385,222,49,0.18341172177767748,0.055412428496328894,0.39973296190461,20.130891131547646,5.6976452002204026,49.14263768011426
RR,time_since_conversion,0-30 cm,45.58974358974359,222,49,0.18341172177767748,0.055412428496328894,0.39973296190461,20.130891131547646,5.6976452002204026,49.14263768011426
RR,time_since_conversion,0-30 cm,47.333333333333336,222,49,0.18341172177767748,0.055436128699131546,0.39973296190461,20.130891131547646,5.700150285532812,49.14263768011426
RR,time_since_conversion,0-30 cm,49.07692307692308,222,49,0.18341172177767748,0.055436128699131546,0.39973296190461,20.130891131547646,5.700150285532812,49.14263768011426
RR,time_since_conversion,0-30 cm,50.82051282051282,222,49,0.18341172177767748,0.055436128699131546,0.39973296190461,20.130891131547646,5.700150285532812,49.14263768011426
RR,time_since_conversion,0-30 cm,52.56410256410256,222,49,0.18341172177767748,0.055436128699131546,0.39973296190461,20.130891131547646,5.700150285532812,49.14263768011426
RR,time_since_conversion,0-30 cm,54.30769230769231,222,49,0.18662661667858133,0.061264590566530434,0.39973296190461,20.517720796070794,6.318018442214912,49.14263768011426
RR,time_since_conversion,0-30 cm,56.05128205128205,222,49,0.18662661667858133,0.061264590566530434,0.39973296190461,20.517720796070794,6.318018442214912,49.14263768011426
RR,time_since_conversion,0-30 cm,57.794871794871796,222,49,0.18662661667858133,0.061264590566530434,0.39973296190461,20.517720796070794,6.318018442214912,49.14263768011426
RR,time_since_conversion,0-30 cm,59.53846153846154,222,49,0.18662661667858133,0.061264590566530434,0.39973296190461,20.517720796070794,6.318018442214912,49.14263768011426
RR,time_since_conversion,0-30 cm,61.282051282051285,222,49,0.18662661667858133,0.061264590566530434,0.39973296190461,20.517720796070794,6.318018442214912,49.14263768011426
RR,time_since_conversion,0-30 cm,63.02564102564103,222,49,0.18662661667858133,0.061264590566530434,0.39973296190461,20.517720796070794,6.318018442214912,49.14263768011426
RR,time_since_conversion,0-30 cm,64.76923076923077,222,49,0.18662661667858133,0.061264590566530434,0.39973296190461,20.517720796070794,6.318018442214912,49.14263768011426
RR,time_since_conversion,0-30 cm,66.51282051282051,222,49,0.18662661667858133,0.061264590566530434,0.39973296190461,20.517720796070794,6.318018442214912,49.14263768011426
RR,time_since_conversion,0-30 cm,68.25641025641026,222,49,0.18662661667858133,0.061264590566530434,0.39973296190461,20.517720796070794,6.318018442214912,49.14263768011426
RR,time_since_conversion,0-30 cm,70,222,49,0.18662661667858133,0.061264590566530434,0.39973296190461,20.517720796070794,6.318018442214912,49.14263768011426
RR,time_since_conversion,45-75 cm,3,44,11,0.13161261959678747,0.0853708247183187,0.18372740530506818,14.066636187475146,8.912086476251035,20.168820461525993
RR,time_since_conversion,45-75 cm,3.3333333333333335,44,11,0.13975689509375527,0.0880917532173705,0.19828272874900982,14.999419564103423,9.208832004839905,21.930707825814167
RR,time_since_conversion,45-75 cm,3.6666666666666665,44,11,0.14046052851798857,0.08805137275273658,0.1984729255872398,15.080365474260438,9.204422190497198,21.953900866477372
RR,time_since_conversion,45-75 cm,4,44,11,0.1266733252903743,0.06717520943890454,0.17219986475062224,13.504616633409094,6.948284524911497,18.79152318708821
RR,time_since_conversion,45-75 cm,4.333333333333333,44,11,0.12178377823808909,0.06717520943890454,0.17078614130785524,12.950985076504962,6.948284524911497,18.623703479234766
RR,time_since_conversion,45-75 cm,4.666666666666666,44,11,0.12178377823808909,0.06564325596012746,0.17067127276042646,12.950985076504962,6.784570161796544,18.610078129302554
RR,time_since_conversion,45-75 cm,5,44,11,0.11575982690026812,0.055216446316494125,0.163024989268425,12.272619112001726,5.676932375049271,17.70661033417631
RR,time_since_conversion,45-75 cm,5.333333333333333,44,11,0.09339249642057851,0.03943927876462111,0.15762535320510243,9.789256961583526,4.022733307848503,17.072750322883934
RR,time_since_conversion,45-75 cm,5.666666666666666,44,11,0.0819441287630153,0.023223414579512214,0.14726794046106415,8.53951657649068,2.3495177750482377,15.86643745088252
RR,time_since_conversion,45-75 cm,6,44,11,0.0819441287630153,0.02334658370025203,0.14726794046106415,8.53951657649068,2.3621248515460547,15.86643745088252
RR,time_since_conversion,45-75 cm,6.333333333333333,44,11,0.08924581421094693,0.02556029256375042,0.14726794046106415,9.334938411256765,2.5889757929459023,15.86643745088252
RR,time_since_conversion,45-75 cm,6.666666666666666,44,11,0.08924581421094693,0.04110267674947285,0.1497903370807763,9.334938411256765,4.195908502516699,16.159067470378254
RR,time_since_conversion,45-75 cm,7,44,11,0.08559088482500307,0.040762776758426544,0.16229625020350796,8.936056318926555,4.160498332448803,17.62086417610904
RR,time_since_conversion,45-75 cm,7.333333333333333,44,11,0.08559088482500307,0.040762776758426544,0.16229625020350796,8.936056318926555,4.160498332448803,17.62086417610904
RR,time_since_conversion,45-75 cm,7.666666666666666,44,11,0.09084477596281268,0.040762776758426544,0.17640012323655274,9.5099006375960915,4.160498332448803,19.291527629265225
RR,time_since_conversion,45-75 cm,8,44,11,0.11880330572074106,0.037393272365178844,0.19837130730910837,12.614838955652763,3.8101197083749705,21.94150875070331
RR,time_since_conversion,45-75 cm,8.333333333333332,44,11,0.11880330572074106,0.037393272365178844,0.19837130730910837,12.614838955652763,3.8101197083749705,21.94150875070331
RR,time_since_conversion,45-75 cm,8.666666666666666,44,11,0.11880330572074106,0.02425753570304634,0.19580009866953,12.614838955652763,2.455414318852167,21.62837442923049
RR,time_since_conversion,45-75 cm,9,44,11,0.11880330572074106,0.02425753570304634,0.19580009866953,12.614838955652763,2.455414318852167,21.62837442923049
RR,time_since_conversion,45-75 cm,9.333333333333332,44,11,0.12083091053434394,0.02425753570304634,0.19580009866953,12.84340899174734,2.455414318852167,21.62837442923049
RR,time_since_conversion,45-75 cm,9.666666666666666,44,11,0.12083091053434394,0.0282074336057783,0.1903040521550628,12.84340899174734,2.86090303732065,20.961732850527337
RR,time_since_conversion,45-75 cm,10,44,11,0.12083091053434394,0.0282074336057783,0.1903040521550628,12.84340899174734,2.86090303732065,20.961732850527337
RR,time_since_conversion,45-75 cm,10.333333333333332,44,11,0.1229444102130153,0.0282074336057783,0.1903040521550628,13.08215570707354,2.86090303732065,20.961732850527337
RR,time_since_conversion,45-75 cm,10.666666666666666,44,11,0.13784080015664749,0.04533009140286596,0.18508956833578527,14.77928072931154,4.637320170647463,20.332621522750994
RR,time_since_conversion,45-75 cm,11,44,11,0.13919525508853522,0.045387316035868784,0.18509048125018712,14.934849423783447,4.64330817422165,20.33273137618432
RR,time_since_conversion,45-75 cm,11.333333333333332,44,11,0.13919525508853522,0.048708850806790674,0.18509048125018712,14.934849423783447,4.991462444036054,20.33273137618432
RR,time_since_conversion,45-75 cm,11.666666666666666,44,11,0.13919525508853522,0.04088371329602195,0.1841071265892508,14.934849423783447,4.173095904209334,20.21445978491321
RR,time_since_conversion,45-75 cm,12,44,11,0.13868956115435468,0.04088371329602195,0.1841071265892508,14.876742261062038,4.173095904209334,20.21445978491321
RR,time_since_conversion,45-75 cm,12.333333333333332,44,11,0.1391183976083994,0.04320024133511735,0.1944812087188687,14.926016160332466,4.414695529903012,21.468065726486742
RR,time_since_conversion,45-75 cm,12.666666666666666,44,11,0.13966517167335205,0.041445376848886634,0.19525043255760635,14.988871907737567,4.231622569976734,21.56153780415511
RR,time_since_conversion,45-75 cm,13,44,11,0.13966517167335205,0.04438932999090121,0.1952670705181928,14.988871907737567,4.53892770675286,21.563560357055444
RR,time_since_conversion,45-75 cm,13.333333333333332,44,11,0.13966517167335205,0.04438932999090121,0.1952670705181928,14.988871907737567,4.53892770675286,21.563560357055444
RR,time_since_conversion,45-75 cm,13.666666666666666,44,11,0.13966517167335205,0.048328668496634995,0.20069561550467785,14.988871907737567,4.9515541339949065,22.22526804314855
RR,time_since_conversion,45-75 cm,14,44,11,0.13966517167335205,0.05152938696549178,0.20087019749282103,14.988871907737567,5.28801267894603,22.246608236197307
RR,time_since_conversion,45-75 cm,14.333333333333332,44,11,0.13966517167335205,0.05152938696549178,0.20087019749282103,14.988871907737567,5.28801267894603,22.246608236197307
RR,time_since_conversion,45-75 cm,14.666666666666666,44,11,0.14112047326158392,0.051917020529865764,0.20087019749282103,15.156337222366801,5.328833757885643,22.246608236197307
RR,time_since_conversion,45-75 cm,15,44,11,0.14112047326158392,0.051917020529865764,0.20087019749282103,15.156337222366801,5.328833757885643,22.246608236197307
RR,time_since_conversion,45-75 cm,15.333333333333332,44,11,0.14112047326158392,0.051917020529865764,0.20087019749282103,15.156337222366801,5.328833757885643,22.246608236197307
RR,time_since_conversion,45-75 cm,15.666666666666666,44,11,0.2176953935149041,0.0658846390777564,0.2958977313966237,24.32083206208082,6.810349265451898,34.433266677741
RR,time_since_conversion,45-75 cm,16,44,11,0.2176953935149041,0.07207515214223266,0.2958977313966237,24.32083206208082,7.473610974990086,34.433266677741
RR,control_soc_mean_T_ha,"[0,15)",12.4,151,39,0.2971301457739824,0.1833992186497391,0.3370096780557111,34.599046302003366,20.12938912903637,40.075262023483106
RR,control_soc_mean_T_ha,"[0,15)",16.02820512820513,151,39,0.13829125306223652,0.09814689716897422,0.24970859867714917,14.830995036372997,10.312481912000159,28.365130449378604
RR,control_soc_mean_T_ha,"[0,15)",19.656410256410258,151,39,0.11513171584918995,0.05339754505132308,0.20063074082567894,12.202121581660673,5.484891173990469,22.217338975319322
RR,control_soc_mean_T_ha,"[0,15)",23.284615384615385,151,39,0.07098669881488363,0.022335607868955387,0.17611314767990144,7.356694606070402,2.258691510394706,19.257298788375277
RR,control_soc_mean_T_ha,"[0,15)",26.912820512820513,151,39,0.0383790272769105,0.014329217383287242,0.09920737022651197,3.912501497150056,1.4432372741638,10.429527377790304
RR,control_soc_mean_T_ha,"[0,15)",30.54102564102564,151,39,0.07078595905077477,0.023195513054386975,0.11778254606365923,7.335146011421934,2.346662107245412,12.499944920832018
RR,control_soc_mean_T_ha,"[0,15)",34.16923076923077,151,39,0.08576332689077897,0.0396812220051806,0.13048504787527676,8.95484309728456,4.04790394984742,13.938090360081867
RR,control_soc_mean_T_ha,"[0,15)",37.797435897435896,151,39,0.10771424904163458,0.04679067835287113,0.15690099487037995,11.372945065423679,4.79026374147431,16.987978406747285
RR,control_soc_mean_T_ha,"[0,15)",41.42564102564103,151,39,0.10837687815181811,0.06051207806680673,0.16063032137385772,11.446768476980473,6.238042899463103,17.425079314612724
RR,control_soc_mean_T_ha,"[0,15)",45.05384615384615,151,39,0.10330159688331435,0.032998214955002235,0.19348720870326144,10.882577704980022,3.3548694308732196,21.347386454794083
RR,control_soc_mean_T_ha,"[0,15)",48.68205128205128,151,39,0.1103591737429926,0.063219931736798185,0.17686032338363938,11.667908024344008,6.526109819334014,19.346438241793294
RR,control_soc_mean_T_ha,"[0,15)",52.31025641025641,151,39,0.11254358093180257,0.0679335910892646,0.18503324508432625,11.912102818723236,7.029422904472926,20.325844189112765
RR,control_soc_mean_T_ha,"[0,15)",55.93846153846154,151,39,0.11224732857771118,0.05409769219727394,0.1938153341005476,11.878953505335366,5.5587719801866164,21.387210147409384
RR,control_soc_mean_T_ha,"[0,15)",59.56666666666666,151,39,0.17031568451630358,0.05377099893566812,0.23882265340549172,18.567909277703553,5.52429227312794,26.975333018565895
RR,control_soc_mean_T_ha,"[0,15)",63.194871794871794,151,39,0.11721288153149238,0.029956695129990774,0.21479035145757316,12.435875942984653,3.0409911220071306,23.960198897217033
RR,control_soc_mean_T_ha,"[0,15)",66.82307692307693,151,39,0.03826379343722359,-0.013973148769640436,0.1279994411123585,3.9005279505031965,-1.3875977449334331,13.655236749181077
RR,control_soc_mean_T_ha,"[0,15)",70.45128205128205,151,39,0.03265793072691941,-0.004619934526040843,0.09093628152792459,3.3197053821352185,-0.4609279044053616,9.519921861431158
RR,control_soc_mean_T_ha,"[0,15)",74.07948717948719,151,39,0.03252242487124384,-0.00794548918728236,0.08339843333411433,3.3057059055762172,-0.791400722311697,8.697480927890666
RR,control_soc_mean_T_ha,"[0,15)",77.70769230769231,151,39,0.033401616650867876,-5.944827796391297e-4,0.08615687674001843,3.396571371228796,-0.059430610976229925,8.997730698010265
RR,control_soc_mean_T_ha,"[0,15)",81.33589743589744,151,39,0.03287894155642029,-0.0015756318675252618,0.08533775013255109,3.342542679477578,-0.1574391211325632,8.908484313676102
RR,control_soc_mean_T_ha,"[0,15)",84.96410256410257,151,39,0.02574560926076092,-0.010676428971204783,0.0652544204802241,2.607989004767952,-1.0619638190681902,6.743056603706599
RR,control_soc_mean_T_ha,"[0,15)",88.5923076923077,151,39,0.02574560926076092,-0.010732899583672411,0.0642648159731461,2.607989004767952,-1.0675507528173922,6.63747544420441
RR,control_soc_mean_T_ha,"[0,15)",92.22051282051282,151,39,0.02574560926076092,-0.010732899583672411,0.062195023290222425,2.607989004767952,-1.0675507528173922,6.4169862399907185
RR,control_soc_mean_T_ha,"[0,15)",95.84871794871795,151,39,0.024206010314068497,-0.010732899583672411,0.05996073793120863,2.450135399776854,-1.0675507528173922,6.179485746422908
RR,control_soc_mean_T_ha,"[0,15)",99.47692307692309,151,39,0.024206010314068497,-0.010732899583672411,0.05896808452515274,2.450135399776854,-1.0675507528173922,6.074138613489044
RR,control_soc_mean_T_ha,"[0,15)",103.10512820512821,151,39,0.024206010314068497,-0.009729660897713651,0.05895950578973052,2.450135399776854,-0.9682480886277101,6.073228635421968
RR,control_soc_mean_T_ha,"[0,15)",106.73333333333333,151,39,0.024206010314068497,-0.009729660897713651,0.05895950578973052,2.450135399776854,-0.9682480886277101,6.073228635421968
RR,control_soc_mean_T_ha,"[0,15)",110.36153846153847,151,39,0.024206010314068497,-0.008905057248950264,0.05895950578973052,2.450135399776854,-0.8865524660331525,6.073228635421968
RR,control_soc_mean_T_ha,"[0,15)",113.9897435897436,151,39,0.024206010314068497,-0.011277260703484938,0.05895950578973052,2.450135399776854,-1.1213910760565216,6.073228635421968
RR,control_soc_mean_T_ha,"[0,15)",117.61794871794872,151,39,0.024206010314068497,-0.01301006139464219,0.056339154235850224,2.450135399776854,-1.292579637277802,5.795643330315459
RR,control_soc_mean_T_ha,"[0,15)",121.24615384615385,151,39,0.024206010314068497,-0.012634225813779874,0.056339154235850224,2.450135399776854,-1.255474904407694,5.795643330315459
RR,control_soc_mean_T_ha,"[0,15)",124.87435897435898,151,39,0.024206010314068497,-0.012634225813779874,0.056339154235850224,2.450135399776854,-1.255474904407694,5.795643330315459
RR,control_soc_mean_T_ha,"[0,15)",128.5025641025641,151,39,0.024206010314068497,-0.012638843316655747,0.056339154235850224,2.450135399776854,-1.2559308564836225,5.795643330315459
RR,control_soc_mean_T_ha,"[0,15)",132.13076923076923,151,39,0.024206010314068497,-0.018874495190380175,0.056339154235850224,2.450135399776854,-1.869748730030718,5.795643330315459
RR,control_soc_mean_T_ha,"[0,15)",135.75897435897437,151,39,0.024206010314068497,-0.018874495190380175,0.0629678571005606,2.450135399776854,-1.869748730030718,6.499260673088059
RR,control_soc_mean_T_ha,"[0,15)",139.38717948717948,151,39,0.024206010314068497,-0.018867072424872965,0.0629678571005606,2.450135399776854,-1.8690203294830066,6.499260673088059
RR,control_soc_mean_T_ha,"[0,15)",143.01538461538462,151,39,0.024206010314068497,-0.0129338495421477,0.06333410917944739,2.450135399776854,-1.285056675251206,6.538273392518179
RR,control_soc_mean_T_ha,"[0,15)",146.64358974358976,151,39,0.024206010314068497,-0.0129338495421477,0.0634128313866253,2.450135399776854,-1.285056675251206,6.546660650675973
RR,control_soc_mean_T_ha,"[0,15)",150.27179487179487,151,39,0.030618209948467204,-0.011213196316587093,0.06640401324447101,3.1091768149814847,-1.1150562756831128,6.8658382101129956
RR,control_soc_mean_T_ha,"[0,15)",153.9,151,39,0.030618209948467204,-0.011213196316587093,0.06640401324447101,3.1091768149814847,-1.1150562756831128,6.8658382101129956
RR,control_soc_mean_T_ha,"[15,30)",12,71,25,0.24469193821431884,0.12887374200812265,0.32977941581900694,27.722778751994113,13.754649076289894,39.06613367363205
RR,control_soc_mean_T_ha,"[15,30)",16.876410256410256,71,25,0.07763423101687933,0.026496444014167522,0.2404991676361943,8.072728984582689,2.685059578901927,27.188387515865344
RR,control_soc_mean_T_ha,"[15,30)",21.752820512820513,71,25,0.03308558198426604,-0.07141489993320109,0.16444364983640106,3.3638996332405746,-6.892449118848221,17.873714564912824
RR,control_soc_mean_T_ha,"[15,30)",26.62923076923077,71,25,0.018398260697722435,-0.043219810580132974,0.11242820506457986,1.8568551444107184,-4.229914585147709,11.89919160764321
RR,control_soc_mean_T_ha,"[15,30)",31.505641025641026,71,25,0.04171161427044535,-0.025590773773441933,0.13181514929648833,4.259376622834443,-2.526610532394613,14.089740408614592
RR,control_soc_mean_T_ha,"[15,30)",36.38205128205128,71,25,0.06986158932755947,-0.018451451562987733,0.15815953988918846,7.235974494847253,-1.828226570353264,17.13530573382198
RR,control_soc_mean_T_ha,"[15,30)",41.25846153846154,71,25,0.07048353093059763,-0.011206363888890243,0.16221360763908746,7.302689753074754,-1.114380649146729,17.61114408791622
RR,control_soc_mean_T_ha,"[15,30)",46.1348717948718,71,25,0.06588949429684544,-0.007782843372289358,0.14971315584909567,6.810867854357494,-0.7752635465413826,16.15010251644755
RR,control_soc_mean_T_ha,"[15,30)",51.01128205128205,71,25,0.07451235228152554,0.007004520567101241,0.15317552189693565,7.735865127742869,0.7029109599221872,16.552953694526764
RR,control_soc_mean_T_ha,"[15,30)",55.887692307692305,71,25,0.07358010027321499,-0.004418654650823548,0.15450995642483614,7.635474952852239,-0.4408906759169384,16.70858980026686
RR,control_soc_mean_T_ha,"[15,30)",60.764102564102565,71,25,0.11469201723271064,-0.006189748557927207,0.21061477711392262,12.152797308737128,-0.6170631527862014,23.443673017660217
RR,control_soc_mean_T_ha,"[15,30)",65.64051282051282,71,25,-0.019375144235107652,-0.05554302581991755,0.11244076219662828,-1.918865250492452,-5.40286783969095,11.90059674939059
RR,control_soc_mean_T_ha,"[15,30)",70.51692307692308,71,25,-0.024199542405844595,-0.06068916394359691,0.04469874151547861,-2.3909081206232363,-5.888427298293064,4.571278260311251
RR,control_soc_mean_T_ha,"[15,30)",75.39333333333333,71,25,-0.02506190947007758,-0.06446939030638404,0.04441882943009802,-2.4750467022445655,-6.243518760552059,4.542011591980666
RR,control_soc_mean_T_ha,"[15,30)",80.2697435897436,71,25,-0.02035706080775049,-0.0658044301828904,0.04557672088791973,-2.0151254746777036,-6.368603886293633,4.663130001640403
RR,control_soc_mean_T_ha,"[15,30)",85.14615384615385,71,25,-0.022885751569459947,-0.06387966350433182,0.027134883612967,-2.262585914352433,-6.188211744287009,2.750638719074616
RR,control_soc_mean_T_ha,"[15,30)",90.0225641025641,71,25,-0.022885751569459947,-0.06181993095768275,0.026658887364885208,-2.262585914352433,-5.994785415889603,2.701741438940508
RR,control_soc_mean_T_ha,"[15,30)",94.89897435897436,71,25,-0.022885751569459947,-0.06181993095768275,0.026658887364885208,-2.262585914352433,-5.994785415889603,2.701741438940508
RR,control_soc_mean_T_ha,"[15,30)",99.77538461538461,71,25,-0.024151995869904325,-0.06181993095768275,0.026658887364885208,-2.3862670360952243,-5.994785415889603,2.701741438940508
RR,control_soc_mean_T_ha,"[15,30)",104.65179487179488,71,25,-0.024151995869904325,-0.06181993095768275,0.023768810701513876,-2.3862670360952243,-5.994785415889603,2.4053540301859133
RR,control_soc_mean_T_ha,"[15,30)",109.52820512820513,71,25,-0.024151995869904325,-0.06181993095768275,0.021880582841949443,-2.3862670360952243,-5.994785415889603,2.212171831140397
RR,control_soc_mean_T_ha,"[15,30)",114.40461538461538,71,25,-0.024151995869904325,-0.0635841818408332,0.022211103677802102,-2.3862670360952243,-6.1604879853079275,2.245960667257907
RR,control_soc_mean_T_ha,"[15,30)",119.28102564102565,71,25,-0.024151995869904325,-0.06516595376740719,0.018881621233943532,-2.3862670360952243,-6.308803359544768,1.9061006292342864
RR,control_soc_mean_T_ha,"[15,30)",124.1574358974359,71,25,-0.024151995869904325,-0.06516595376740719,0.018881621233943532,-2.3862670360952243,-6.308803359544768,1.9061006292342864
RR,control_soc_mean_T_ha,"[15,30)",129.03384615384616,71,25,-0.024151995869904325,-0.06516595376740719,0.021582805869476158,-2.3862670360952243,-6.308803359544768,2.181739931246973
RR,control_soc_mean_T_ha,"[15,30)",133.9102564102564,71,25,-0.024151995869904325,-0.06185911239000221,0.01940990873476374,-2.3862670360952243,-5.998468602685769,1.9599505713272958
RR,control_soc_mean_T_ha,"[15,30)",138.78666666666666,71,25,-0.024151995869904325,-0.06185911239000221,0.021229263942223082,-2.3862670360952243,-5.998468602685769,2.14562078717373
RR,control_soc_mean_T_ha,"[15,30)",143.66307692307691,71,25,-0.024151995869904325,-0.060227039151310155,0.021229263942223082,-2.3862670360952243,-5.844925956556423,2.14562078717373
RR,control_soc_mean_T_ha,"[15,30)",148.5394871794872,71,25,-0.014264005190417348,-0.06242294374059781,0.02127956531738579,-1.4162756245226782,-6.051454674083756,2.150758981594203
RR,control_soc_mean_T_ha,"[15,30)",153.41589743589745,71,25,-0.014264005190417348,-0.06242294374059781,0.02127956531738579,-1.4162756245226782,-6.051454674083756,2.150758981594203
RR,control_soc_mean_T_ha,"[15,30)",158.2923076923077,71,25,-0.014264005190417348,-0.05995221965254321,0.04558789724759547,-1.4162756245226782,-5.819046750409084,4.664299760962898
RR,control_soc_mean_T_ha,"[15,30)",163.16871794871795,71,25,-0.014264005190417348,-0.05956473559695363,0.06667491796182173,-1.4162756245226782,-5.782546061423844,6.894792591569954
RR,control_soc_mean_T_ha,"[15,30)",168.0451282051282,71,25,-0.014264005190417348,-0.059452551217589016,0.06667491796182173,-1.4162756245226782,-5.7719757419271485,6.894792591569954
RR,control_soc_mean_T_ha,"[15,30)",172.92153846153846,71,25,0.04952768804046368,-0.05725819986400891,0.09436363584807136,5.077468570406762,-5.564979320973384,9.895929426268534
RR,control_soc_mean_T_ha,"[15,30)",177.7979487179487,71,25,0.04952768804046368,-0.05725819986400891,0.09436363584807136,5.077468570406762,-5.564979320973384,9.895929426268534
RR,control_soc_mean_T_ha,"[15,30)",182.67435897435897,71,25,0.04952768804046368,-0.05725819986400891,0.09436363584807136,5.077468570406762,-5.564979320973384,9.895929426268534
RR,control_soc_mean_T_ha,"[15,30)",187.55076923076922,71,25,0.04952768804046368,-0.05725819986400891,0.09436363584807136,5.077468570406762,-5.564979320973384,9.895929426268534
RR,control_soc_mean_T_ha,"[15,30)",192.4271794871795,71,25,0.043190257482781574,-0.05725819986400891,0.07462868648958332,4.413653074205026,-5.564979320973384,7.748399223349844
RR,control_soc_mean_T_ha,"[15,30)",197.30358974358975,71,25,0.03810354174298406,-0.05725819986400891,0.06516554793748762,3.8838790489096997,-5.564979320973384,6.73357049838017
RR,control_soc_mean_T_ha,"[15,30)",202.18,71,25,0.03810354174298406,-0.05725819986400891,0.06516554793748762,3.8838790489096997,-5.564979320973384,6.73357049838017
RR,control_soc_mean_T_ha,"[30,45)",12.63,52,11,0.30923088489530176,0.1758603374451363,0.3709042774656644,36.237688643832236,19.227153133396758,44.90443605492218
RR,control_soc_mean_T_ha,"[30,45)",17.8874358974359,52,11,0.1746872448577331,0.0538499879480626,0.2983501155717442,19.087370648767156,5.532627861963846,34.763353277694776
RR,control_soc_mean_T_ha,"[30,45)",23.144871794871797,52,11,0.005333806925381604,-0.06005588394204657,0.16465440237751378,0.5348056997986905,-5.828809445982264,17.89855936774849
RR,control_soc_mean_T_ha,"[30,45)",28.402307692307694,52,11,-0.013184959462915475,-0.04880056592474619,0.09812583474939368,-1.309841864814354,-4.762895400115818,10.310158488689702
RR,control_soc_mean_T_ha,"[30,45)",33.65974358974359,52,11,0.0626066628162964,-0.008866936008472798,0.1277584532347436,6.46080069503483,-0.8827740664469785,13.62785051490485
RR,control_soc_mean_T_ha,"[30,45)",38.91717948717949,52,11,0.092653103579673,-0.006963362629567914,0.15467692280832965,9.708109574573264,-0.6939174595926079,16.72807783830679
RR,control_soc_mean_T_ha,"[30,45)",44.174615384615386,52,11,0.09987132632746719,0.010463652786655488,0.17633590881641095,10.502872082355985,1.0518588242794724,19.28386763893424
RR,control_soc_mean_T_ha,"[30,45)",49.43205128205128,52,11,0.0957512294922848,0.009462873621557242,0.16550695141307262,10.04852616611418,0.950778817192699,17.999116529696213
RR,control_soc_mean_T_ha,"[30,45)",54.68948717948718,52,11,0.09556735700775439,-0.0061795594860226365,0.15154966473794335,10.028293130395372,-0.6160505277377326,16.363609205616836
RR,control_soc_mean_T_ha,"[30,45)",59.94692307692308,52,11,0.13332830734837514,-0.009484049017079936,0.2100860917492985,14.262506896488137,-0.9439217264988309,23.378427403100833
RR,control_soc_mean_T_ha,"[30,45)",65.20435897435897,52,11,-0.010507292982835613,-0.07765283239065096,0.14419447646762898,-1.045228421292288,-7.471440002048347,15.51087281477679
RR,control_soc_mean_T_ha,"[30,45)",70.461794871794865,52,11,-0.01414412032374038,-0.0674215818880699,0.05446092817314473,-1.4044562193996635,-6.519897692687049,5.597121688313722
RR,control_soc_mean_T_ha,"[30,45)",75.71923076923076,52,11,-0.01493612997448788,-0.06616369113952923,0.05323715445366152,-1.482513926285678,-6.402235949527524,5.467973745985266
RR,control_soc_mean_T_ha,"[30,45)",80.97666666666666,52,11,-0.009087791354082027,-0.06130908169719848,0.05642500642660219,-0.9046622184896935,-5.946750653320809,5.804726507967151
RR,control_soc_mean_T_ha,"[30,45)",86.23410256410256,52,11,-0.009947014444221101,-0.0621734098244745,0.0433947834598187,-0.9897706520350269,-6.02800840045592,4.435010562622188
RR,control_soc_mean_T_ha,"[30,45)",91.49153846153845,52,11,-0.009947014444221101,-0.0621734098244745,0.04261711861819587,-0.9897706520350269,-6.02800840045592,4.353826697683272
RR,control_soc_mean_T_ha,"[30,45)",96.74897435897435,52,11,-0.01219676601557204,-0.06324893526750831,0.04259007575220986,-1.212268694584373,-6.129023336549377,4.351004709290263
RR,control_soc_mean_T_ha,"[30,45)",102.00641025641025,52,11,-0.01219676601557204,-0.06431048274434244,0.04259007575220986,-1.212268694584373,-6.228618962878785,4.351004709290263
RR,control_soc_mean_T_ha,"[30,45)",107.26384615384615,52,11,-0.01219676601557204,-0.06431048274434244,0.04259007575220986,-1.212268694584373,-6.228618962878785,4.351004709290263
RR,control_soc_mean_T_ha,"[30,45)",112.52128205128204,52,11,-0.01219676601557204,-0.0681065079874735,0.04259007575220986,-1.212268694584373,-6.583902732668867,4.351004709290263
RR,control_soc_mean_T_ha,"[30,45)",117.77871794871794,52,11,-0.01219676601557204,-0.08845353784675422,0.03485389447585203,-1.212268694584373,-8.465436132264282,3.5468410092308833
RR,control_soc_mean_T_ha,"[30,45)",123.03615384615384,52,11,-0.01219676601557204,-0.08771637296527983,0.0348901995417412,-1.212268694584373,-8.397935189734495,3.5506003523575247
RR,control_soc_mean_T_ha,"[30,45)",128.29358974358973,52,11,-0.01219676601557204,-0.08777852259943476,0.03623360159869601,-1.212268694584373,-8.403628047643942,3.689803924116708
RR,control_soc_mean_T_ha,"[30,45)",133.55102564102563,52,11,-0.01219676601557204,-0.08807442042296035,0.042825172188727625,-1.212268694584373,-8.430727205258881,4.375540142627932
RR,control_soc_mean_T_ha,"[30,45)",138.80846153846153,52,11,-0.01219676601557204,-0.08807442042296035,0.04285103796820086,-1.212268694584373,-8.430727205258881,4.378239932247596
RR,control_soc_mean_T_ha,"[30,45)",144.06589743589743,52,11,-0.01219676601557204,-0.08807442042296035,0.04285103796820086,-1.212268694584373,-8.430727205258881,4.378239932247596
RR,control_soc_mean_T_ha,"[30,45)",149.32333333333332,52,11,-0.004469277005857564,-0.08807442042296035,0.04285103796820086,-0.4459304649319429,-8.430727205258881,4.378239932247596
RR,control_soc_mean_T_ha,"[30,45)",154.58076923076922,52,11,-0.004469277005857564,-0.08807442042296035,0.04285103796820086,-0.4459304649319429,-8.430727205258881,4.378239932247596
RR,control_soc_mean_T_ha,"[30,45)",159.83820512820512,52,11,-0.004469277005857564,-0.08807442042296035,0.06927697060645396,-0.4459304649319429,-8.430727205258881,7.173300658515647
RR,control_soc_mean_T_ha,"[30,45)",165.09564102564102,52,11,-0.004469277005857564,-0.08807442042296035,0.08371790177390301,-0.4459304649319429,-8.430727205258881,8.732211889959407
RR,control_soc_mean_T_ha,"[30,45)",170.3530769230769,52,11,0.06147260240350778,-0.07785461954638147,0.10453844369174196,6.340136148827513,-7.490109193329331,11.019807315833386
RR,control_soc_mean_T_ha,"[30,45)",175.6105128205128,52,11,0.06147260240350778,-0.0724027855532208,0.10453844369174196,6.340136148827513,-6.984383311768694,11.019807315833386
RR,control_soc_mean_T_ha,"[30,45)",180.8679487179487,52,11,0.06147260240350778,-0.0724027855532208,0.10453844369174196,6.340136148827513,-6.984383311768694,11.019807315833386
RR,control_soc_mean_T_ha,"[30,45)",186.1253846153846,52,11,0.06147260240350778,-0.0724027855532208,0.10453844369174196,6.340136148827513,-6.984383311768694,11.019807315833386
RR,control_soc_mean_T_ha,"[30,45)",191.3828205128205,52,11,0.06147260240350778,-0.0724027855532208,0.10453844369174196,6.340136148827513,-6.984383311768694,11.019807315833386
RR,control_soc_mean_T_ha,"[30,45)",196.6402564102564,52,11,0.05358946502495271,-0.0724027855532208,0.07671568410486754,5.505137774324265,-6.984383311768694,7.9735046911619145
RR,control_soc_mean_T_ha,"[30,45)",201.8976923076923,52,11,0.05358946502495271,-0.0724027855532208,0.07671568410486754,5.505137774324265,-6.984383311768694,7.9735046911619145
RR,control_soc_mean_T_ha,"[30,45)",207.1551282051282,52,11,0.04901817809933655,-0.0724027855532208,0.07180445297025682,5.0239441923409345,-6.984383311768694,7.444521894862488
RR,control_soc_mean_T_ha,"[30,45)",212.4125641025641,52,11,0.043020206843861035,-0.0724027855532208,0.06548507613165734,4.395898975378443,-6.984383311768694,6.767680332655468
RR,control_soc_mean_T_ha,"[30,45)",217.67,52,11,0.043020206843861035,-0.0724027855532208,0.06548507613165734,4.395898975378443,-6.984383311768694,6.767680332655468
RR,control_soc_mean_T_ha,"[45,55)",16.83,39,9,0.20936024518540272,0.08659145476368184,0.28517077216066616,23.28890608881098,9.045109010441843,32.99891338473038
RR,control_soc_mean_T_ha,"[45,55)",20.06153846153846,39,9,0.08226240636446538,0.00504479306654478,0.17406623792690565,8.574067771633299,0.5057539460379346,19.013439524466502
RR,control_soc_mean_T_ha,"[45,55)",23.293076923076924,39,9,0.07084510169732265,-0.032192021917599525,0.18349425443686937,7.341494283749617,-3.167937455745462,20.140806262599263
RR,control_soc_mean_T_ha,"[45,55)",26.524615384615384,39,9,0.06533117563678667,-0.016508593945167006,0.16285030504879663,6.751249998166808,-1.6373073881518874,17.686050642584107
RR,control_soc_mean_T_ha,"[45,55)",29.756153846153847,39,9,0.04897190133730571,-0.019400593999009095,0.151945926876476,5.019084136722696,-1.9213613604521673,16.409728835376104
RR,control_soc_mean_T_ha,"[45,55)",32.98769230769231,39,9,0.10913830162145388,0.015738281027043773,0.19263445694680115,11.531658976822001,1.5862780047915415,21.243951366347602
RR,control_soc_mean_T_ha,"[45,55)",36.21923076923077,39,9,0.14770694858490083,0.02239360650352095,0.213009115948509,15.917314925198633,2.2646225468690995,23.739593122978107
RR,control_soc_mean_T_ha,"[45,55)",39.45076923076923,39,9,0.14617026391221236,0.013426966345660058,0.2069662279043443,15.739323357536584,1.3517512859430703,22.99410333931069
RR,control_soc_mean_T_ha,"[45,55)",42.682307692307695,39,9,0.15286975891257706,0.03048241731325666,0.21422308677186566,16.517321563340293,3.0951762987524,23.889900594706702
RR,control_soc_mean_T_ha,"[45,55)",45.91384615384616,39,9,0.14286735321944338,0.02134832793321367,0.19688296269726938,15.357677327177344,2.1577833764957033,21.760152756780716
RR,control_soc_mean_T_ha,"[45,55)",49.14538461538462,39,9,0.15149502298281264,0.05374839382383446,0.20102509234446858,16.357251067488,5.521906911660723,22.26554507301588
RR,control_soc_mean_T_ha,"[45,55)",52.376923076923084,39,9,0.1513540411863524,0.043825782700561186,0.20557834883877213,16.340847969497595,4.480031674217155,22.82352079944672
RR,control_soc_mean_T_ha,"[45,55)",55.60846153846154,39,9,0.15116286960442382,0.022926185370530375,0.19292645803846736,16.31860903134259,2.319101029436843,21.279359901918447
RR,control_soc_mean_T_ha,"[45,55)",58.84,39,9,0.15116286960442382,0.014346451466329966,0.19966468016276714,16.31860903134259,1.4449855704042003,22.09932662453258
RR,control_soc_mean_T_ha,"[45,55)",62.071538461538466,39,9,0.1907068625665628,0.02028394738116708,0.24396881084853356,21.01046731062761,2.0491064656847913,27.630452301359163
RR,control_soc_mean_T_ha,"[45,55)",65.30307692307693,39,9,-0.0013456702924882855,-0.04379560585173004,0.14024860601079697,-0.1344765284213345,-4.285042674720274,15.055979938693786
RR,control_soc_mean_T_ha,"[45,55)",68.53461538461539,39,9,-0.003581033350947559,-0.04137436100998178,0.05807864932725446,-0.35746290979126183,-4.053012540490419,5.979834485941593
RR,control_soc_mean_T_ha,"[45,55)",71.76615384615386,39,9,-0.004987757005251163,-0.044434859358574226,0.05801185338208691,-0.4975338800187967,-4.346209244292898,5.972755699148169
RR,control_soc_mean_T_ha,"[45,55)",74.99769230769232,39,9,-0.004987757005251163,-0.04524175153018382,0.05944697966564817,-0.4975338800187967,-4.423360408717225,6.12494916849613
RR,control_soc_mean_T_ha,"[45,55)",78.22923076923078,39,9,-0.00312678464718212,-0.04248484972387161,0.0625677755598027,-0.31219013470690227,-4.159501448887093,6.456660807066639
RR,control_soc_mean_T_ha,"[45,55)",81.46076923076924,39,9,-9.128221800216541e-4,-0.047635441148677515,0.07523240752948021,-0.09124056845938311,-4.651867621897998,7.813468838947801
RR,control_soc_mean_T_ha,"[45,55)",84.69230769230771,39,9,-0.004579140076366007,-0.04763885536350502,0.06037465622887402,-0.4568671799111246,-4.652193160349604,6.223444475443585
RR,control_soc_mean_T_ha,"[45,55)",87.92384615384617,39,9,-0.004579140076366007,-0.04772142245947646,0.05981014992934292,-0.4568671799111246,-4.660065426868043,6.163497593667433
RR,control_soc_mean_T_ha,"[45,55)",91.15538461538463,39,9,-0.004579140076366007,-0.04772849286942242,0.0581719333763874,-0.4568671799111246,-4.660739516906642,5.9897211751569035
RR,control_soc_mean_T_ha,"[45,55)",94.38692307692308,39,9,-0.004579140076366007,-0.04772849286942242,0.058649390673189125,-0.4568671799111246,-4.660739516906642,6.040338823839231
RR,control_soc_mean_T_ha,"[45,55)",97.61846153846155,39,9,-0.00635957271338274,-0.0474421432808949,0.058649390673189125,-0.6339393430700335,-4.633435249800533,6.040338823839231
RR,control_soc_mean_T_ha,"[45,55)",100.85000000000001,39,9,-0.00635957271338274,-0.047735628745375354,0.05981014992934292,-0.6339393430700335,-4.661419843615533,6.163497593667433
RR,control_soc_mean_T_ha,"[45,55)",104.08153846153847,39,9,-0.00635957271338274,-0.04790791208282686,0.06021863392043788,-0.6339393430700335,-4.677843677575666,6.206872541255826
RR,control_soc_mean_T_ha,"[45,55)",107.31307692307693,39,9,-0.00635957271338274,-0.04790791208282686,0.06021863392043788,-0.6339393430700335,-4.677843677575666,6.206872541255826
RR,control_soc_mean_T_ha,"[45,55)",110.5446153846154,39,9,-0.00635957271338274,-0.04843065546383747,0.060662618604972234,-0.6339393430700335,-4.727659682229135,6.254037235482612
RR,control_soc_mean_T_ha,"[45,55)",113.77615384615386,39,9,-0.00635957271338274,-0.0490927785192467,0.06025858847379612,-0.6339393430700335,-4.7907208158772026,6.211116074185452
RR,control_soc_mean_T_ha,"[45,55)",117.00769230769232,39,9,-0.00635957271338274,-0.052162866156999,0.059823575568868984,-0.6339393430700335,-5.082573411140789,6.164922916084858
RR,control_soc_mean_T_ha,"[45,55)",120.23923076923079,39,9,-0.00635957271338274,-0.052162866156999,0.059823575568868984,-0.6339393430700335,-5.082573411140789,6.164922916084858
RR,control_soc_mean_T_ha,"[45,55)",123.47076923076925,39,9,-0.00635957271338274,-0.052162866156999,0.059823575568868984,-0.6339393430700335,-5.082573411140789,6.164922916084858
RR,control_soc_mean_T_ha,"[45,55)",126.70230769230771,39,9,-0.00635957271338274,-0.052162866156999,0.059823575568868984,-0.6339393430700335,-5.082573411140789,6.164922916084858
RR,control_soc_mean_T_ha,"[45,55)",129.93384615384616,39,9,-0.00635957271338274,-0.052162866156999,0.059823575568868984,-0.6339393430700335,-5.082573411140789,6.164922916084858
RR,control_soc_mean_T_ha,"[45,55)",133.16538461538465,39,9,-0.00635957271338274,-0.05242870768408279,0.06343197240553894,-0.6339393430700335,-5.107803051080451,6.548700081841008
RR,control_soc_mean_T_ha,"[45,55)",136.3969230769231,39,9,-0.00635957271338274,-0.052162866156999,0.06343197240553894,-0.6339393430700335,-5.082573411140789,6.548700081841008
RR,control_soc_mean_T_ha,"[45,55)",139.62846153846158,39,9,-0.00635957271338274,-0.052162866156999,0.06343197240553894,-0.6339393430700335,-5.082573411140789,6.548700081841008
RR,control_soc_mean_T_ha,"[45,55)",142.86,39,9,-0.00635957271338274,-0.052162866156999,0.0656669022518401,-0.6339393430700335,-5.082573411140789,6.787095250747388
RR,control_soc_mean_T_ha,"[55,75]",14.64,5,3,0.25586038529872895,0.12822739228606225,0.35777360439300543,29.157239285748382,13.681147546881789,43.0141806003935
RR,control_soc_mean_T_ha,"[55,75]",15.282564102564104,5,3,0.23870241343975068,0.10446185067296027,0.35777360439300543,26.960066426719422,11.011304299286495,43.0141806003935
RR,control_soc_mean_T_ha,"[55,75]",15.925128205128205,5,3,0.23870241343975068,0.10446185067296027,0.3577843302488327,26.960066426719422,11.011304299286495,43.01571455810238
RR,control_soc_mean_T_ha,"[55,75]",16.567692307692308,5,3,0.23870241343975068,0.10039870812557637,0.3577843302488327,26.960066426719422,10.561164655600974,43.01571455810238
RR,control_soc_mean_T_ha,"[55,75]",17.21025641025641,5,3,0.2524344474077225,0.10786287392955272,0.369685562774539,28.71551170346054,11.389499087040477,44.72794645697022
RR,control_soc_mean_T_ha,"[55,75]",17.852820512820514,5,3,0.25104245245456697,0.10055254895240069,0.3577221663296223,28.53646500573712,10.578174784978888,43.00682441710264
RR,control_soc_mean_T_ha,"[55,75]",18.495384615384616,5,3,0.25020731985569,0.10764088861178607,0.3669843195378781,28.429164824842236,11.364774997983673,44.337528614622855
RR,control_soc_mean_T_ha,"[55,75]",19.137948717948717,5,3,0.251669305562973,0.10792584876995533,0.36828414104878904,28.61706374751616,11.396514043848583,44.52526362371736
RR,control_soc_mean_T_ha,"[55,75]",19.780512820512822,5,3,0.1549077682197094,-0.002765212114900345,0.26500667676329615,16.755027089890785,-0.27613924374307874,30.343967850751994
RR,control_soc_mean_T_ha,"[55,75]",20.423076923076923,5,3,0.15871622934937477,-0.028950515538454052,0.2568711841851473,17.200531877608594,-2.853546432333498,29.287857282532958
RR,control_soc_mean_T_ha,"[55,75]",21.06564102564103,5,3,0.15871622934937477,-0.028950515538454052,0.25583196476101877,17.200531877608594,-2.853546432333498,29.153568619720115
RR,control_soc_mean_T_ha,"[55,75]",21.70820512820513,5,3,0.15642010048031807,-0.05706547715933992,0.2585413590818644,16.931733069344347,-5.546777794505287,29.503971039865572
RR,control_soc_mean_T_ha,"[55,75]",22.35076923076923,5,3,0.15303145200014115,-0.05706547715933992,0.2585413590818644,16.53616313205324,-5.546777794505287,29.503971039865572
RR,control_soc_mean_T_ha,"[55,75]",22.993333333333332,5,3,0.1548065021634102,-0.05706547715933992,0.2700554385781288,16.74320436737464,-5.546777794505287,31.00370753128785
RR,control_soc_mean_T_ha,"[55,75]",23.635897435897437,5,3,0.1548065021634102,-0.05815121643245219,0.2700554385781288,16.74320436737464,-5.649273715333736,31.00370753128785
RR,control_soc_mean_T_ha,"[55,75]",24.27846153846154,5,3,0.16061429530382157,-0.02711119663435965,0.2627780927717686,17.423197467146977,-2.6746986952304153,30.053808812593008
RR,control_soc_mean_T_ha,"[55,75]",24.921025641025643,5,3,0.16061429530382157,-0.02672435994260013,0.2679135418683291,17.423197467146977,-2.6370424147032723,30.72341141098398
RR,control_soc_mean_T_ha,"[55,75]",25.563589743589745,5,3,0.1628959968686104,-0.022824688423424968,0.25355338610708716,17.69142805525561,-2.256617578142206,28.85961707821909
RR,control_soc_mean_T_ha,"[55,75]",26.206153846153846,5,3,0.15178027451038362,-0.022824688423424968,0.2399472662433982,16.390446885452747,-2.256617578142206,27.11821143456763
RR,control_soc_mean_T_ha,"[55,75]",26.848717948717947,5,3,0.13002747148275376,-0.024586750995367765,0.2338032125681639,13.885966905864455,-2.428695883069254,26.33958473192992
RR,control_soc_mean_T_ha,"[55,75]",27.491282051282052,5,3,0.14368294626474382,-0.02460362257435918,0.23553756423294547,15.45180062446323,-2.430342051147194,26.558892124135337
RR,control_soc_mean_T_ha,"[55,75]",28.133846153846154,5,3,0.14368294626474382,-0.028910903185606004,0.22886353194713593,15.45180062446323,-2.8496981565177104,25.717046369753206
RR,control_soc_mean_T_ha,"[55,75]",28.77641025641026,5,3,0.14368294626474382,-0.028910903185606004,0.23497772082686424,15.45180062446323,-2.8496981565177104,26.488058792535597
RR,control_soc_mean_T_ha,"[55,75]",29.41897435897436,5,3,0.1413597621023655,-0.03175287554040551,0.23557518482208256,15.183896145949326,-3.125404667906617,26.56365343377867
RR,control_soc_mean_T_ha,"[55,75]",30.06153846153846,5,3,0.14442224353551864,-0.027462799809873102,0.2405257897078991,15.537185384041807,-2.7089125650218704,27.19177357930962
RR,control_soc_mean_T_ha,"[55,75]",30.704102564102566,5,3,0.17790581285953522,0.0010903123952448412,0.24483174204826358,19.47127893540499,0.10909070018871869,27.74063613438189
RR,control_soc_mean_T_ha,"[55,75]",31.346666666666668,5,3,0.1871878132224083,0.011737653855234384,0.2865045445784926,20.585373906021644,1.180681042801468,33.17642201874891
RR,control_soc_mean_T_ha,"[55,75]",31.98923076923077,5,3,0.1871878132224083,0.029740275830263275,0.28271661370992657,20.585373906021644,3.0186934757728157,32.67291316922201
RR,control_soc_mean_T_ha,"[55,75]",32.631794871794874,5,3,0.1871878132224083,0.029740275830263275,0.26659450687468056,20.585373906021644,3.0186934757728157,30.551096326640437
RR,control_soc_mean_T_ha,"[55,75]",33.274358974358975,5,3,0.1871878132224083,0.026355339096626268,0.2752620775438845,20.585373906021644,2.670571234249697,31.68757532100066
RR,control_soc_mean_T_ha,"[55,75]",33.91692307692308,5,3,0.1871878132224083,0.026355339096626268,0.27839731600135564,20.585373906021644,2.670571234249697,32.10109517445996
RR,control_soc_mean_T_ha,"[55,75]",34.55948717948718,5,3,0.1871878132224083,0.027475431303028017,0.29454300783574583,20.585373906021644,2.7856361705550947,34.25127006938806
RR,control_soc_mean_T_ha,"[55,75]",35.202051282051286,5,3,0.2275887370109558,0.04585724798962472,0.31957606561481955,25.5568850237758,4.692494964796556,37.65440762553338
RR,control_soc_mean_T_ha,"[55,75]",35.84461538461538,5,3,0.2275887370109558,0.04550281226634979,0.31779122367501256,25.5568850237758,4.655394779826083,37.40893539533574
RR,control_soc_mean_T_ha,"[55,75]",36.48717948717949,5,3,0.2295215904712677,0.04550281226634979,0.31591359622776516,25.799802770036393,4.655394779826083,37.151174671772736
RR,control_soc_mean_T_ha,"[55,75]",37.12974358974359,5,3,0.2295215904712677,0.04210783487185836,0.305019115433097,25.799802770036393,4.3006945207035185,35.665093572856364
RR,control_soc_mean_T_ha,"[55,75]",37.77230769230769,5,3,0.2295215904712677,0.04210783487185836,0.3038074491173029,25.799802770036393,4.3006945207035185,35.50081229588882
RR,control_soc_mean_T_ha,"[55,75]",38.4148717948718,5,3,0.2295215904712677,0.04210783487185836,0.3038074491173029,25.799802770036393,4.3006945207035185,35.50081229588882
RR,control_soc_mean_T_ha,"[55,75]",39.057435897435894,5,3,0.22538192719221115,0.042062490368261936,0.3002455354295671,25.280110363937403,4.295965164711668,35.01902864314124
RR,control_soc_mean_T_ha,"[55,75]",39.7,5,3,0.22538192719221115,0.03259899435564876,0.3003240991197527,25.280110363937403,3.3136162730560192,35.02963665297347
RR,control_soc_mean_T_ha,0-30 cm,12,222,49,0.2710280958898701,0.17130393005083194,0.3316781230824623,31.13119123421062,18.68514140210631,39.330430383379
RR,control_soc_mean_T_ha,0-30 cm,16.876410256410256,222,49,0.11889193520088355,0.0746810161871107,0.24563984136088748,12.624820392603976,7.754037812021797,27.84390497475593
RR,control_soc_mean_T_ha,0-30 cm,21.752820512820513,222,49,0.06024476426217272,0.0038945657074404803,0.1648919665806446,6.209647799388973,0.3902159383288195,17.926571172224225
RR,control_soc_mean_T_ha,0-30 cm,26.62923076923077,222,49,0.044389446326300736,0.005979049839810917,0.10430050762295502,4.538939868331471,0.5996960035830279,10.993394841687909
RR,control_soc_mean_T_ha,0-30 cm,31.505641025641026,222,49,0.06839598456150137,0.015745226820299725,0.12372659909632526,7.078924054583591,1.5869836045266705,13.17064191412063
RR,control_soc_mean_T_ha,0-30 cm,36.38205128205128,222,49,0.09438837487733012,0.031348362525153925,0.14820077813561874,9.898648178511538,3.184489737729379,15.974572457315638
RR,control_soc_mean_T_ha,0-30 cm,41.25846153846154,222,49,0.09625783467115746,0.03955501491641248,0.15658969615800056,10.10429144369378,4.034773195412056,16.951565867587725
RR,control_soc_mean_T_ha,0-30 cm,46.1348717948718,222,49,0.09356775999946,0.03740762134787529,0.1574879220780982,9.80850070599586,3.8116092886733233,17.05666198840987
RR,control_soc_mean_T_ha,0-30 cm,51.01128205128205,222,49,0.09979145140554928,0.04830754702173485,0.16139657915851577,10.494046026571645,4.949337425788691,17.515091677684367
RR,control_soc_mean_T_ha,0-30 cm,55.887692307692305,222,49,0.0998807825884354,0.035411675201251984,0.1705877830616308,10.503917031292787,3.6046135520294342,18.600175822981434
RR,control_soc_mean_T_ha,0-30 cm,60.764102564102565,222,49,0.15252613326794728,0.03180276299446618,0.22134740636489986,16.477290101919827,3.2313874726613623,24.775683394211857
RR,control_soc_mean_T_ha,0-30 cm,65.64051282051282,222,49,0.022122287683593735,-0.023297307758197744,0.14333165835018644,2.2368799938679462,-2.3028020758179,15.411250924916665
RR,control_soc_mean_T_ha,0-30 cm,70.51692307692308,222,49,0.014473783914188545,-0.01672330681972155,0.06605366605279854,1.4579036311665572,-1.6584248574541105,6.828404621569573
RR,control_soc_mean_T_ha,0-30 cm,75.39333333333333,222,49,0.011876100846797018,-0.019977957732031055,0.061394703226071726,1.1946901734347204,-1.977972065330269,6.331852662335646
RR,control_soc_mean_T_ha,0-30 cm,80.2697435897436,222,49,0.016105055771526867,-0.016635527040508948,0.06209746984191251,1.6235441196668532,-1.649792076814427,6.406605402375742
RR,control_soc_mean_T_ha,0-30 cm,85.14615384615385,222,49,0.010192336202447045,-0.02142101883413865,0.04601718809413423,1.0244454981285234,-2.119321828290943,4.709240832514805
RR,control_soc_mean_T_ha,0-30 cm,90.0225641025641,222,49,0.010192336202447045,-0.020691302950548503,0.043179040251948436,1.0244454981285234,-2.0478706763828014,4.412481848725336
RR,control_soc_mean_T_ha,0-30 cm,94.89897435897436,222,49,0.010192336202447045,-0.02067780355369116,0.04212848661792035,1.0244454981285234,-2.046548372790913,4.302848534402837
RR,control_soc_mean_T_ha,0-30 cm,99.77538461538461,222,49,0.008740161489464564,-0.020691302950548503,0.04212848661792035,0.8778468221905644,-2.0478706763828014,4.302848534402837
RR,control_soc_mean_T_ha,0-30 cm,104.65179487179488,222,49,0.008740161489464564,-0.020391264029630124,0.04130340445758397,0.8778468221905644,-2.0184768157682886,4.216825607676022
RR,control_soc_mean_T_ha,0-30 cm,109.52820512820513,222,49,0.008740161489464564,-0.020340941918173244,0.04095573650525155,0.8778468221905644,-2.0135460545757766,4.180599055089007
RR,control_soc_mean_T_ha,0-30 cm,114.40461538461538,222,49,0.008740161489464564,-0.02453373750612225,0.038184828947162956,0.8778468221905644,-2.4235231506766985,3.892323822218202
RR,control_soc_mean_T_ha,0-30 cm,119.28102564102565,222,49,0.008740161489464564,-0.028309694568097978,0.038184828947162956,0.8778468221905644,-2.791272996760974,3.892323822218202
RR,control_soc_mean_T_ha,0-30 cm,124.1574358974359,222,49,0.008740161489464564,-0.028309694568097978,0.038184828947162956,0.8778468221905644,-2.791272996760974,3.892323822218202
RR,control_soc_mean_T_ha,0-30 cm,129.03384615384616,222,49,0.008740161489464564,-0.028314630007622996,0.03838238238872488,0.8778468221905644,-2.7917527633704697,3.912850135796342
RR,control_soc_mean_T_ha,0-30 cm,133.9102564102564,222,49,0.008740161489464564,-0.03197246863137558,0.04380196929459096,0.8778468221905644,-3.1466753242020196,4.477543678431051
RR,control_soc_mean_T_ha,0-30 cm,138.78666666666666,222,49,0.008740161489464564,-0.03196309225692469,0.04738280057406572,0.8778468221905644,-3.145767186905535,4.852330759017187
RR,control_soc_mean_T_ha,0-30 cm,143.66307692307691,222,49,0.008740161489464564,-0.03046446563642568,0.0484761975990369,0.8778468221905644,-3.0005100393756257,4.967038684754832
RR,control_soc_mean_T_ha,0-30 cm,148.5394871794872,222,49,0.016263987989634767,-0.025029527775998102,0.0484761975990369,1.6396966584911965,-2.471888627910135,4.967038684754832
RR,control_soc_mean_T_ha,0-30 cm,153.41589743589745,222,49,0.016263987989634767,-0.025029527775998102,0.0484761975990369,1.6396966584911965,-2.471888627910135,4.967038684754832
RR,control_soc_mean_T_ha,0-30 cm,158.2923076923077,222,49,0.016263987989634767,-0.02239660089028617,0.0678924672474701,1.6396966584911965,-2.21476589722831,7.025021533919307
RR,control_soc_mean_T_ha,0-30 cm,163.16871794871795,222,49,0.016263987989634767,-0.022291552305525996,0.09186355719368525,1.6396966584911965,-2.204493157216414,9.62152411925976
RR,control_soc_mean_T_ha,0-30 cm,168.0451282051282,222,49,0.016263987989634767,-0.022291552305525996,0.09186355719368525,1.6396966584911965,-2.204493157216414,9.62152411925976
RR,control_soc_mean_T_ha,0-30 cm,172.92153846153846,222,49,0.07751713051179608,-0.020184473827746605,0.11076913997289714,8.060074354379143,-1.99821310171161,11.713697481022223
RR,control_soc_mean_T_ha,0-30 cm,177.7979487179487,222,49,0.07751713051179608,-0.020184473827746605,0.11076913997289714,8.060074354379143,-1.99821310171161,11.713697481022223
RR,control_soc_mean_T_ha,0-30 cm,182.67435897435897,222,49,0.07751713051179608,-0.020184473827746605,0.11076913997289714,8.060074354379143,-1.99821310171161,11.713697481022223
RR,control_soc_mean_T_ha,0-30 cm,187.55076923076922,222,49,0.07751713051179608,-0.020184473827746605,0.11076913997289714,8.060074354379143,-1.99821310171161,11.713697481022223
RR,control_soc_mean_T_ha,0-30 cm,192.4271794871795,222,49,0.07189652032579652,-0.020184473827746605,0.0938394905020392,7.454414483245819,-1.99821310171161,9.838343079438117
RR,control_soc_mean_T_ha,0-30 cm,197.30358974358975,222,49,0.06711509973985381,-0.020184473827746605,0.08649821185741814,6.941856088922327,-1.99821310171161,9.034941801581287
RR,control_soc_mean_T_ha,0-30 cm,202.18,222,49,0.06711509973985381,-0.020184473827746605,0.08649821185741814,6.941856088922327,-1.99821310171161,9.034941801581287
RR,control_soc_mean_T_ha,45-75 cm,14.64,44,11,0.2286286316282878,0.1317019171941369,0.2989162089317688,25.687518863622373,14.076822518825116,34.839663514481224
RR,control_soc_mean_T_ha,45-75 cm,17.927692307692308,44,11,0.22947604837827384,0.0992642980071568,0.3002482174043755,25.794073714177614,10.435814064643445,35.019390761260325
RR,control_soc_mean_T_ha,45-75 cm,21.215384615384618,44,11,0.0919153628532182,-0.015549692063888702,0.1739569214712406,9.627203281720886,-1.5429419808061673,19.000430108165787
RR,control_soc_mean_T_ha,45-75 cm,24.503076923076925,44,11,0.08874587240544234,-0.005821504009707661,0.1802117483669216,9.280290966152105,-0.5804591889147392,19.74708987852354
RR,control_soc_mean_T_ha,45-75 cm,27.790769230769236,44,11,0.057837908748875975,-0.016551899578189463,0.1523940319351492,5.9543239101295775,-1.6415669545889577,16.46190431292065
RR,control_soc_mean_T_ha,45-75 cm,31.078461538461543,44,11,0.11800756430338052,0.00640323625094342,0.18176891308500093,12.525262308737052,0.6423780795301148,19.933701076454447
RR,control_soc_mean_T_ha,45-75 cm,34.36615384615385,44,11,0.11971497457389806,0.026689155188399698,0.20244608002143322,12.717553210311138,2.704850044170115,22.43940640403128
RR,control_soc_mean_T_ha,45-75 cm,37.65384615384616,44,11,0.15898085536371745,0.02842512806554705,0.20619130116802728,17.231550291196783,2.8832977235498047,22.898828840369756
RR,control_soc_mean_T_ha,45-75 cm,40.94153846153847,44,11,0.1559306112566529,0.030502771119989277,0.21133738424925305,16.874510252221132,3.097274699400998,23.532906533098807
RR,control_soc_mean_T_ha,45-75 cm,44.229230769230774,44,11,0.16319365412081507,0.041584725451089474,0.22814179784195004,17.72646497657675,4.246148112920745,25.626344824921254
RR,control_soc_mean_T_ha,45-75 cm,47.516923076923085,44,11,0.1601948917139618,0.053906599084836096,0.20790499105933147,17.37396008248613,5.538602353103594,23.109619884661093
RR,control_soc_mean_T_ha,45-75 cm,50.804615384615396,44,11,0.1601948917139618,0.060078849464744885,0.2079744002379648,17.37396008248613,6.192027508963327,23.11816511881457
RR,control_soc_mean_T_ha,45-75 cm,54.0923076923077,44,11,0.15985472428093836,0.0354846421045791,0.21305762390045208,17.334040073909442,3.612173535661678,23.745595622798078
RR,control_soc_mean_T_ha,45-75 cm,57.38000000000001,44,11,0.15951582954254592,0.027983712825649012,0.22394762206822638,17.294282922219328,2.8378934898012576,25.10054926319567
RR,control_soc_mean_T_ha,45-75 cm,60.66769230769232,44,11,0.1939685865813358,0.027898537492993394,0.23724283332597804,21.405814464042862,2.8291346110391746,26.774893208966866
RR,control_soc_mean_T_ha,45-75 cm,63.955384615384624,44,11,0.005949121391908672,-0.034512437359874394,0.18083654911183245,0.5966852558759284,-3.3923675827138733,19.821931327542398
RR,control_soc_mean_T_ha,45-75 cm,67.24307692307693,44,11,0.005121039946309555,-0.045345214277569386,0.10504841602788396,0.5134174883316023,-4.433248518900879,11.076438785342324
RR,control_soc_mean_T_ha,45-75 cm,70.53076923076924,44,11,0.003312482818728313,-0.03842884619450408,0.06822640449691708,0.3317975152686836,-3.769982637673952,7.060767143295399
RR,control_soc_mean_T_ha,45-75 cm,73.81846153846155,44,11,0.003312482818728313,-0.03912180528647945,0.06865969199306246,0.3317975152686836,-3.83664300400518,7.107165286168016
RR,control_soc_mean_T_ha,45-75 cm,77.10615384615386,44,11,0.005572199894231744,-0.03913943968893199,0.0687531463209201,0.5587753475864599,-3.8383387723916584,7.117175382044683
RR,control_soc_mean_T_ha,45-75 cm,80.39384615384617,44,11,0.0036168160136598746,-0.04541194099907774,0.06906208246020305,0.3623364585310984,-4.4396251621637965,7.150272860898532
RR,control_soc_mean_T_ha,45-75 cm,83.68153846153848,44,11,0.0037149366901510256,-0.04366645865692672,0.06752783448689365,0.37218456202203765,-4.272680558231845,6.986003818867514
RR,control_soc_mean_T_ha,45-75 cm,86.96923076923079,44,11,0.0037149366901510256,-0.04366330452136356,0.06673234523570336,0.37218456202203765,-4.272378620813044,6.900931444367719
RR,control_soc_mean_T_ha,45-75 cm,90.25692307692309,44,11,0.0037149366901510256,-0.04182515527810953,0.06619422328711318,0.37218456202203765,-4.09625514498988,6.843421181987797
RR,control_soc_mean_T_ha,45-75 cm,93.5446153846154,44,11,0.0037149366901510256,-0.041806921911880957,0.06619422328711318,0.37218456202203765,-4.09450648094527,6.843421181987797
RR,control_soc_mean_T_ha,45-75 cm,96.83230769230771,44,11,0.001735264414244066,-0.041806921911880957,0.06619422328711318,0.17367708567703755,-4.09450648094527,6.843421181987797
RR,control_soc_mean_T_ha,45-75 cm,100.12000000000002,44,11,0.001735264414244066,-0.04347654198599313,0.06619422328711318,0.17367708567703755,-4.254498617933933,6.843421181987797
RR,control_soc_mean_T_ha,45-75 cm,103.40769230769233,44,11,0.001735264414244066,-0.04347654198599313,0.06619422328711318,0.17367708567703755,-4.254498617933933,6.843421181987797
RR,control_soc_mean_T_ha,45-75 cm,106.69538461538464,44,11,0.001735264414244066,-0.04347654198599313,0.06619422328711318,0.17367708567703755,-4.254498617933933,6.843421181987797
RR,control_soc_mean_T_ha,45-75 cm,109.98307692307694,44,11,0.001735264414244066,-0.04347654198599313,0.06619422328711318,0.17367708567703755,-4.254498617933933,6.843421181987797
RR,control_soc_mean_T_ha,45-75 cm,113.27076923076925,44,11,0.001735264414244066,-0.043519947482656626,0.06478506966113028,0.17367708567703755,-4.258654408781981,6.692968418042056
RR,control_soc_mean_T_ha,45-75 cm,116.55846153846156,44,11,0.001735264414244066,-0.04606236284704541,0.06477189205364663,0.17367708567703755,-4.501759508799541,6.691562469246515
RR,control_soc_mean_T_ha,45-75 cm,119.84615384615387,44,11,0.001735264414244066,-0.04606236284704541,0.06477189205364663,0.17367708567703755,-4.501759508799541,6.691562469246515
RR,control_soc_mean_T_ha,45-75 cm,123.13384615384618,44,11,0.001735264414244066,-0.04606236284704541,0.06477189205364663,0.17367708567703755,-4.501759508799541,6.691562469246515
RR,control_soc_mean_T_ha,45-75 cm,126.42153846153849,44,11,0.001735264414244066,-0.04606236284704541,0.06477189205364663,0.17367708567703755,-4.501759508799541,6.691562469246515
RR,control_soc_mean_T_ha,45-75 cm,129.7092307692308,44,11,0.001735264414244066,-0.04606236284704541,0.06477189205364663,0.17367708567703755,-4.501759508799541,6.691562469246515
RR,control_soc_mean_T_ha,45-75 cm,132.9969230769231,44,11,0.001735264414244066,-0.04624291415358047,0.06492987682100981,0.17367708567703755,-4.519000284422903,6.708419442460278
RR,control_soc_mean_T_ha,45-75 cm,136.2846153846154,44,11,0.001735264414244066,-0.04429249377677809,0.06492987682100981,0.17367708567703755,-4.332590467321406,6.708419442460278
RR,control_soc_mean_T_ha,45-75 cm,139.57230769230773,44,11,0.001735264414244066,-0.04429249377677809,0.06492987682100981,0.17367708567703755,-4.332590467321406,6.708419442460278
RR,control_soc_mean_T_ha,45-75 cm,142.86,44,11,0.001735264414244066,-0.04429249377677809,0.07387895146781706,0.17367708567703755,-4.332590467321406,7.667646750174062
RR,temperature,"[0,15)",14,151,39,0.06543221020306281,0.03362483770477844,0.11470813905925877,6.762036109285652,3.4196542390562135,12.154605431257304
RR,temperature,"[0,15)",14.41025641025641,151,39,0.06543221020306281,0.03362483770477844,0.11470813905925877,6.762036109285652,3.4196542390562135,12.154605431257304
RR,temperature,"[0,15)",14.820512820512821,151,39,0.06543221020306281,0.03362483770477844,0.11470813905925877,6.762036109285652,3.4196542390562135,12.154605431257304
RR,temperature,"[0,15)",15.23076923076923,151,39,0.06543221020306281,0.03362483770477844,0.11470813905925877,6.762036109285652,3.4196542390562135,12.154605431257304
RR,temperature,"[0,15)",15.64102564102564,151,39,0.06543221020306281,0.03362483770477844,0.11470813905925877,6.762036109285652,3.4196542390562135,12.154605431257304
RR,temperature,"[0,15)",16.05128205128205,151,39,0.06543221020306281,0.03362483770477844,0.11470813905925877,6.762036109285652,3.4196542390562135,12.154605431257304
RR,temperature,"[0,15)",16.46153846153846,151,39,0.06543221020306281,0.03362483770477844,0.11470813905925877,6.762036109285652,3.4196542390562135,12.154605431257304
RR,temperature,"[0,15)",16.871794871794872,151,39,0.06543221020306281,0.03362483770477844,0.11581292471093659,6.762036109285652,3.4196542390562135,12.278580700546836
RR,temperature,"[0,15)",17.28205128205128,151,39,0.06543221020306281,0.03362483770477844,0.11581292471093659,6.762036109285652,3.4196542390562135,12.278580700546836
RR,temperature,"[0,15)",17.692307692307693,151,39,0.06543221020306281,0.03362483770477844,0.11581292471093659,6.762036109285652,3.4196542390562135,12.278580700546836
RR,temperature,"[0,15)",18.102564102564102,151,39,0.06543221020306281,0.03362483770477844,0.11581292471093659,6.762036109285652,3.4196542390562135,12.278580700546836
RR,temperature,"[0,15)",18.51282051282051,151,39,0.06756134123066501,0.034246115774434344,0.12135354136182332,6.989588631541976,3.483926565632478,12.902399849842027
RR,temperature,"[0,15)",18.923076923076923,151,39,0.06756134123066501,0.026033139561664552,0.11738774706312731,6.989588631541976,2.6374961526178575,12.45553882133601
RR,temperature,"[0,15)",19.333333333333332,151,39,0.06756134123066501,0.026033139561664552,0.11721650201619899,6.989588631541976,2.6374961526178575,12.436283016090876
RR,temperature,"[0,15)",19.743589743589745,151,39,0.06415795436705655,0.026033139561664552,0.11318367726966709,6.626080601155548,2.6374961526178575,11.983760277291978
RR,temperature,"[0,15)",20.153846153846153,151,39,0.06453189987069402,0.025560312045372697,0.11181903880074877,6.665960400537951,2.5889777915456103,11.83104715292458
RR,temperature,"[0,15)",20.564102564102562,151,39,0.06453189987069402,0.02455394361190796,0.11127181652176281,6.665960400537951,2.485787415152574,11.769867453414173
RR,temperature,"[0,15)",20.974358974358974,151,39,0.06453189987069402,0.02600738674374098,0.11278151768955116,6.665960400537951,2.634852981902003,11.938733989762351
RR,temperature,"[0,15)",21.384615384615383,151,39,0.06579747503324232,0.02600738674374098,0.11372950223811507,6.801039649151774,2.634852981902003,12.044900494122546
RR,temperature,"[0,15)",21.794871794871796,151,39,0.06879692918247857,0.031146985129877278,0.1174158896598079,7.121865381175008,3.163712806025454,12.458703656742687
RR,temperature,"[0,15)",22.205128205128204,151,39,0.06879692918247857,0.03524503279107298,0.12058129873632106,7.121865381175008,3.5873500679757253,12.81524546065491
RR,temperature,"[0,15)",22.615384615384613,151,39,0.06808761832618854,0.03786541117383752,0.12291545592445423,7.045909620421531,3.8591440668612087,13.078881541106902
RR,temperature,"[0,15)",23.025641025641026,151,39,0.06864629388441462,0.03854137138264647,0.1231240660432666,7.105730262343868,3.9293724486931136,13.10247340068511
RR,temperature,"[0,15)",23.435897435897438,151,39,0.06864629388441462,0.038499480853819414,0.12238673747676952,7.105730262343868,3.9250188835077804,13.019110452823446
RR,temperature,"[0,15)",23.846153846153847,151,39,0.0717803867061974,0.03394333372295013,0.12369074973937692,7.4419361377417115,3.452598233119031,13.166584892103828
RR,temperature,"[0,15)",24.256410256410255,151,39,0.078272216896286,0.03670073296163162,0.1277377359088378,8.141699858506213,3.738251998472819,13.625496474078558
RR,temperature,"[0,15)",24.666666666666664,151,39,0.07896260465556966,0.03946194858095587,0.12321146096604793,8.21638534236211,4.025091510837142,13.112358414558066
RR,temperature,"[0,15)",25.076923076923077,151,39,0.07531917155627779,0.03811611973101181,0.11808994127331848,7.822823575468729,3.8851857073142204,12.534532180694246
RR,temperature,"[0,15)",25.48717948717949,151,39,0.07054510842453665,0.02747234951373999,0.11234946880668449,7.309297387241354,2.785319407370679,11.890381430879238
RR,temperature,"[0,15)",25.897435897435898,151,39,0.06967292592200816,0.01823804398762704,0.11234946880668449,7.2157448990536555,1.8405372814108922,11.890381430879238
RR,temperature,"[0,15)",26.307692307692307,151,39,0.07512502213909186,0.018413473853299073,0.11246248680762086,7.801891869117261,1.8584047203815235,11.903027772731246
RR,temperature,"[0,15)",26.717948717948715,151,39,0.07534190673467439,0.018413473853299073,0.13280012881911793,7.825274974464325,1.8584047203815235,14.202171828892606
RR,temperature,"[0,15)",27.128205128205128,151,39,0.15491214313618346,0.030077108021460134,0.1938092134882148,16.75553788449957,3.05339933272728,21.386467185627602
RR,temperature,"[0,15)",27.53846153846154,151,39,0.15563735965830555,0.03079967046066322,0.19428035612859917,16.8402416401918,3.127888756706354,21.443671000804464
RR,temperature,"[0,15)",27.94871794871795,151,39,0.16049280436593877,0.05059779425454638,0.20286989851071444,17.408932479308415,5.189972807489673,22.491309486247957
RR,temperature,"[0,15)",28.358974358974358,151,39,0.16049280436593877,0.05059779425454638,0.20286989851071444,17.408932479308415,5.189972807489673,22.491309486247957
RR,temperature,"[0,15)",28.769230769230766,151,39,0.16049280436593877,0.05059779425454638,0.20682189038199905,17.408932479308415,5.189972807489673,22.976351956297748
RR,temperature,"[0,15)",29.17948717948718,151,39,0.2069035896673699,0.07796544007596948,0.24274468672313781,22.9863994468009,8.108529579876445,27.4743123723866
RR,temperature,"[0,15)",29.58974358974359,151,39,0.2069035896673699,0.07796544007596948,0.24274468672313781,22.9863994468009,8.108529579876445,27.4743123723866
RR,temperature,"[0,15)",30,151,39,0.2069035896673699,0.07796544007596948,0.24274468672313781,22.9863994468009,8.108529579876445,27.4743123723866
RR,temperature,"[15,30)",13,71,25,0.017678629180652595,-0.011934111656089869,0.08429460729895373,1.7835821091740867,-1.1863182584452514,8.79493644236684
RR,temperature,"[15,30)",13.435897435897436,71,25,0.017678629180652595,-0.011934111656089869,0.08429460729895373,1.7835821091740867,-1.1863182584452514,8.79493644236684
RR,temperature,"[15,30)",13.871794871794872,71,25,0.017678629180652595,-0.011934111656089869,0.08429460729895373,1.7835821091740867,-1.1863182584452514,8.79493644236684
RR,temperature,"[15,30)",14.307692307692308,71,25,0.017678629180652595,-0.011951502954134816,0.08429460729895373,1.7835821091740867,-1.1880367416919668,8.79493644236684
RR,temperature,"[15,30)",14.743589743589745,71,25,0.017678629180652595,-0.011951502954134816,0.08429460729895373,1.7835821091740867,-1.1880367416919668,8.79493644236684
RR,temperature,"[15,30)",15.179487179487179,71,25,0.017678629180652595,-0.011951502954134816,0.08429460729895373,1.7835821091740867,-1.1880367416919668,8.79493644236684
RR,temperature,"[15,30)",15.615384615384615,71,25,0.017678629180652595,-0.011951502954134816,0.08429460729895373,1.7835821091740867,-1.1880367416919668,8.79493644236684
RR,temperature,"[15,30)",16.05128205128205,71,25,0.017678629180652595,-0.011951502954134816,0.08429460729895373,1.7835821091740867,-1.1880367416919668,8.79493644236684
RR,temperature,"[15,30)",16.48717948717949,71,25,0.017678629180652595,-0.011951502954134816,0.08429460729895373,1.7835821091740867,-1.1880367416919668,8.79493644236684
RR,temperature,"[15,30)",16.923076923076923,71,25,0.017678629180652595,-0.011935745258028574,0.08429460729895373,1.7835821091740867,-1.1864796805354572,8.79493644236684
RR,temperature,"[15,30)",17.358974358974358,71,25,0.017678629180652595,-0.011935745258028574,0.08429460729895373,1.7835821091740867,-1.1864796805354572,8.79493644236684
RR,temperature,"[15,30)",17.794871794871796,71,25,0.017678629180652595,-0.011935745258028574,0.08429460729895373,1.7835821091740867,-1.1864796805354572,8.79493644236684
RR,temperature,"[15,30)",18.23076923076923,71,25,0.017678629180652595,-0.011964143549328192,0.08429460729895373,1.7835821091740867,-1.1892857758254882,8.79493644236684
RR,temperature,"[15,30)",18.666666666666668,71,25,0.019005846773261083,-0.012604660281836062,0.0843241542846647,1.9187607558839526,-1.2525554268389638,8.798151052290116
RR,temperature,"[15,30)",19.102564102564102,71,25,0.019005846773261083,-0.012604660281836062,0.0843241542846647,1.9187607558839526,-1.2525554268389638,8.798151052290116
RR,temperature,"[15,30)",19.53846153846154,71,25,0.019005846773261083,-0.012686310386331067,0.08311713247028725,1.9187607558839526,-1.2606178368541943,8.666908532832007
RR,temperature,"[15,30)",19.974358974358974,71,25,0.018462652704534194,-0.01211963326417724,0.08880646964387552,1.8634141228916379,-1.204648631190286,9.286913250643881
RR,temperature,"[15,30)",20.41025641025641,71,25,0.018462652704534194,-0.01211963326417724,0.08880149388823556,1.8634141228916379,-1.204648631190286,9.286369467021771
RR,temperature,"[15,30)",20.846153846153847,71,25,0.018462652704534194,-0.01211963326417724,0.08880149388823556,1.8634141228916379,-1.204648631190286,9.286369467021771
RR,temperature,"[15,30)",21.282051282051285,71,25,0.018462652704534194,-0.012547770414573608,0.08778641797056176,1.8634141228916379,-1.2469375380257386,9.175491789396496
RR,temperature,"[15,30)",21.71794871794872,71,25,0.02178453474344916,-0.007950858739335862,0.0939693953709318,2.202355017843094,-0.7919334266194733,9.852612541811467
RR,temperature,"[15,30)",22.153846153846153,71,25,0.022785344088948552,-0.005280726189300068,0.0973708164201833,2.3046912908843975,-0.526680766550558,10.226903730521798
RR,temperature,"[15,30)",22.58974358974359,71,25,0.022785344088948552,-0.006071882703516572,0.09877112016879504,2.3046912908843975,-0.6053486076619929,10.381362996718945
RR,temperature,"[15,30)",23.025641025641026,71,25,0.02283209242241486,-0.006282827709127151,0.09874814981533196,2.309473976498433,-0.6263132016916639,10.378827526915613
RR,temperature,"[15,30)",23.46153846153846,71,25,0.02283209242241486,-0.007523492900263225,0.09882635868922643,2.309473976498433,-0.749526226956776,10.38746046830019
RR,temperature,"[15,30)",23.897435897435898,71,25,0.026064673569840453,-0.009716851957647323,0.09890385722564404,2.640732775292265,-0.9669795887287669,10.396015666428738
RR,temperature,"[15,30)",24.333333333333336,71,25,0.031149950317881012,-0.007899826320468718,0.10763040175780318,3.164018706282601,-0.7868704698247408,11.363607137973041
RR,temperature,"[15,30)",24.76923076923077,71,25,0.031149950317881012,-0.009725213716049229,0.10583440802711012,3.164018706282601,-0.9678076754571219,11.163778297112458
RR,temperature,"[15,30)",25.205128205128204,71,25,0.019563117589224414,-0.01670150838031526,0.10026778446462888,1.9755729352668894,-1.6562811412224931,10.546690530689041
RR,temperature,"[15,30)",25.641025641025642,71,25,0.014838704183487799,-0.028560189693644808,0.10028063228188257,1.4949344329163283,-2.8156202594732616,10.548110823490786
RR,temperature,"[15,30)",26.076923076923077,71,25,0.008597841040349354,-0.06829247098203144,0.10028063228188257,0.8634908633225358,-6.601273054688006,10.548110823490786
RR,temperature,"[15,30)",26.51282051282051,71,25,0.013119432714466008,-0.058944070574738945,0.11510953083847533,1.3205870061198999,-5.724050432064331,12.19963240400248
RR,temperature,"[15,30)",26.94871794871795,71,25,0.013119432714466008,-0.06365526006458666,0.1220789693696031,1.3205870061198999,-6.167157694101489,12.984332127230003
RR,temperature,"[15,30)",27.384615384615387,71,25,0.1266561828383153,-0.04373785132889855,0.21779809995418303,13.502670902637348,-4.279514543396356,24.33360126779871
RR,temperature,"[15,30)",27.82051282051282,71,25,0.13336433325303904,-0.016886086666851652,0.21116152298480967,14.266623380817855,-1.6744315812009747,23.51118379010604
RR,temperature,"[15,30)",28.256410256410255,71,25,0.13336433325303904,-0.016886086666851652,0.21116152298480967,14.266623380817855,-1.6744315812009747,23.51118379010604
RR,temperature,"[15,30)",28.692307692307693,71,25,0.13336433325303904,-0.013065632182780324,0.21139644807283312,14.266623380817855,-1.2980647340154472,23.5402030743753
RR,temperature,"[15,30)",29.128205128205128,71,25,0.187685098927009,0.00585919048974923,0.25426906125479,20.645354201084622,0.5876389119956471,28.951871711941113
RR,temperature,"[15,30)",29.564102564102566,71,25,0.187685098927009,0.00585919048974923,0.25426906125479,20.645354201084622,0.5876389119956471,28.951871711941113
RR,temperature,"[15,30)",30,71,25,0.187685098927009,0.00585919048974923,0.25426906125479,20.645354201084622,0.5876389119956471,28.951871711941113
RR,temperature,"[30,45)",17,52,11,0.049697216062878184,0.003321693003482111,0.11673297425821567,5.095283655889271,0.33272159391593004,12.381930093880422
RR,temperature,"[30,45)",17.333333333333332,52,11,0.049697216062878184,0.003321693003482111,0.11673297425821567,5.095283655889271,0.33272159391593004,12.381930093880422
RR,temperature,"[30,45)",17.666666666666668,52,11,0.049697216062878184,0.003321693003482111,0.11673297425821567,5.095283655889271,0.33272159391593004,12.381930093880422
RR,temperature,"[30,45)",18,52,11,0.049697216062878184,0.003321693003482111,0.11673297425821567,5.095283655889271,0.33272159391593004,12.381930093880422
RR,temperature,"[30,45)",18.333333333333332,52,11,0.049697216062878184,0.003321693003482111,0.11673297425821567,5.095283655889271,0.33272159391593004,12.381930093880422
RR,temperature,"[30,45)",18.666666666666668,52,11,0.05332152864250998,0.004769527718935249,0.11927119214154888,5.476872896143581,0.4780920021031809,12.667542238195217
RR,temperature,"[30,45)",19,52,11,0.05332152864250998,0.004769527718935249,0.11927119214154888,5.476872896143581,0.4780920021031809,12.667542238195217
RR,temperature,"[30,45)",19.333333333333332,52,11,0.05332152864250998,0.004769527718935249,0.11927119214154888,5.476872896143581,0.4780920021031809,12.667542238195217
RR,temperature,"[30,45)",19.666666666666668,52,11,0.0514800029162031,-8.904930833243538e-4,0.11176928272090249,5.282813258923658,-0.089009671202267,11.825483016839101
RR,temperature,"[30,45)",20,52,11,0.05292204473740779,-8.904930833243538e-4,0.11350608586597868,5.434744998329899,-0.089009671202267,12.01987062508314
RR,temperature,"[30,45)",20.333333333333332,52,11,0.05292204473740779,-8.904930833243538e-4,0.11350608586597868,5.434744998329899,-0.089009671202267,12.01987062508314
RR,temperature,"[30,45)",20.666666666666668,52,11,0.05292204473740779,-0.0018827139679790214,0.11350608586597868,5.434744998329899,-0.1880942773761496,12.01987062508314
RR,temperature,"[30,45)",21,52,11,0.05292204473740779,0.0032557120931764635,0.11350608586597868,5.434744998329899,0.32610176800518254,12.01987062508314
RR,temperature,"[30,45)",21.333333333333332,52,11,0.05292204473740779,0.0032557120931764635,0.11350608586597868,5.434744998329899,0.32610176800518254,12.01987062508314
RR,temperature,"[30,45)",21.666666666666664,52,11,0.056610528970710346,0.005706322128781502,0.11829247888549266,5.82435749094623,0.5722634197446341,12.557326964451887
RR,temperature,"[30,45)",22,52,11,0.0574506484151173,0.005706322128781502,0.12235385809908618,5.91329994727845,0.5722634197446341,13.015394515894618
RR,temperature,"[30,45)",22.333333333333332,52,11,0.0574506484151173,0.0059962361313339995,0.12235385809908618,5.91329994727845,0.6014249541427485,13.015394515894618
RR,temperature,"[30,45)",22.666666666666664,52,11,0.0574506484151173,0.006897054720992363,0.12408799319505658,5.91329994727845,0.6920894178737536,13.211548507513516
RR,temperature,"[30,45)",23,52,11,0.05785622531906344,0.006937140488746357,0.12263556914672688,5.956264647713927,0.6961258184853936,13.047236686018193
RR,temperature,"[30,45)",23.333333333333332,52,11,0.05785622531906344,0.006927434050325802,0.12168910548834207,5.956264647713927,0.6951484224844595,12.940292202331038
RR,temperature,"[30,45)",23.666666666666664,52,11,0.05785622531906344,6.34954057526438e-4,0.11972442000674516,5.956264647713927,0.0635155683526234,12.718617881418792
RR,temperature,"[30,45)",24,52,11,0.06016564396066733,6.34954057526438e-4,0.12034838517115881,6.201244792460914,0.0635155683526234,12.7889723194343
RR,temperature,"[30,45)",24.333333333333332,52,11,0.06414622876148385,0.004652929371178089,0.12159732314310254,6.624830353120648,0.4663771055720245,12.92992675313056
RR,temperature,"[30,45)",24.666666666666664,52,11,0.06414622876148385,6.506282066066886e-4,0.12010804279393945,6.624830353120648,0.06508399110494167,12.761867607038901
RR,temperature,"[30,45)",25,52,11,0.05749064974056988,-6.904729050942224e-4,0.12017687606544662,5.917536704396786,-0.06902345835325674,12.769629642427628
RR,temperature,"[30,45)",25.333333333333332,52,11,0.05284636583215057,-0.009859999981171496,0.11898429351948343,5.426766114172765,-0.981154955252217,12.635222712011029
RR,temperature,"[30,45)",25.666666666666664,52,11,0.05240151641639665,-0.01141604824582684,0.11895407176881023,5.3798775088196304,-1.135113242924335,12.631818729830613
RR,temperature,"[30,45)",26,52,11,0.04526350873773202,-0.032721251384086464,0.12022645992200033,4.630353370934648,-3.219170278389105,12.775221334195109
RR,temperature,"[30,45)",26.333333333333332,52,11,0.04553880273865968,-0.044519384730553536,0.12267606493954261,4.659161444695603,-4.354294074846288,13.05181471618826
RR,temperature,"[30,45)",26.666666666666664,52,11,0.04695584907984503,-0.03412637839926622,0.13274683871646767,4.807573455005909,-3.3550641403552683,14.196086145587739
RR,temperature,"[30,45)",27,52,11,0.04695584907984503,-0.036305582035744834,0.1357382454797447,4.807573455005909,-3.5654438226869534,14.538204542545753
RR,temperature,"[30,45)",27.333333333333332,52,11,0.12594738544878334,0.0015752318574903655,0.2075207234011032,13.42224901057718,0.15764731869010173,23.062321927442287
RR,temperature,"[30,45)",27.666666666666664,52,11,0.14935025094578475,0.033389116505322135,0.2056288981299776,16.107958722281566,3.3952789071157508,22.82972959829035
RR,temperature,"[30,45)",28,52,11,0.14935025094578475,0.03339721345244192,0.2056288981299776,16.107958722281566,3.396116096610835,22.82972959829035
RR,temperature,"[30,45)",28.333333333333332,52,11,0.14935025094578475,0.03339721345244192,0.2056288981299776,16.107958722281566,3.396116096610835,22.82972959829035
RR,temperature,"[30,45)",28.666666666666664,52,11,0.14935025094578475,0.044784037938090736,0.20624374754921665,16.107958722281566,4.58019819666875,22.90527460822196
RR,temperature,"[30,45)",29,52,11,0.21500999774210725,0.0834330611387626,0.2621790116652567,23.98742928475217,8.701244948195509,29.975919366280834
RR,temperature,"[30,45)",29.333333333333332,52,11,0.21500999774210725,0.0834330611387626,0.2621790116652567,23.98742928475217,8.701244948195509,29.975919366280834
RR,temperature,"[30,45)",29.666666666666664,52,11,0.21500999774210725,0.0834330611387626,0.2621790116652567,23.98742928475217,8.701244948195509,29.975919366280834
RR,temperature,"[30,45)",30,52,11,0.21500999774210725,0.0834330611387626,0.2621790116652567,23.98742928475217,8.701244948195509,29.975919366280834
RR,temperature,"[45,55)",17,39,9,0.027715470591106305,-0.0072164882102814,0.11349296889294727,2.810311722918679,-0.7190511882749995,12.018401273097922
RR,temperature,"[45,55)",17.333333333333332,39,9,0.027715470591106305,-0.0072164882102814,0.11349296889294727,2.810311722918679,-0.7190511882749995,12.018401273097922
RR,temperature,"[45,55)",17.666666666666668,39,9,0.027715470591106305,-0.0072164882102814,0.11349296889294727,2.810311722918679,-0.7190511882749995,12.018401273097922
RR,temperature,"[45,55)",18,39,9,0.027715470591106305,-0.0072164882102814,0.11349296889294727,2.810311722918679,-0.7190511882749995,12.018401273097922
RR,temperature,"[45,55)",18.333333333333332,39,9,0.027715470591106305,-0.0072164882102814,0.11349296889294727,2.810311722918679,-0.7190511882749995,12.018401273097922
RR,temperature,"[45,55)",18.666666666666668,39,9,0.031126584400995975,-0.00881039704411076,0.11826521648819417,3.1616082125577982,-0.8771699227175023,12.554258423713405
RR,temperature,"[45,55)",19,39,9,0.031126584400995975,-0.008885728805445327,0.1182751997384446,3.1616082125577982,-0.8846367388479548,12.55538208665088
RR,temperature,"[45,55)",19.333333333333332,39,9,0.031126584400995975,-0.008885728805445327,0.1182751997384446,3.1616082125577982,-0.8846367388479548,12.55538208665088
RR,temperature,"[45,55)",19.666666666666668,39,9,0.029419945078328843,-0.014809866361200614,0.1182751997384446,2.9856987051303907,-1.4700739671814622,12.55538208665088
RR,temperature,"[45,55)",20,39,9,0.031082840161756272,-0.017467024963564018,0.11832249911415442,3.15709558518924,-1.7315360807401037,12.560706011864543
RR,temperature,"[45,55)",20.333333333333332,39,9,0.031082840161756272,-0.017467024963564018,0.11832249911415442,3.15709558518924,-1.7315360807401037,12.560706011864543
RR,temperature,"[45,55)",20.666666666666668,39,9,0.031082840161756272,-0.017467024963564018,0.11832249911415442,3.15709558518924,-1.7315360807401037,12.560706011864543
RR,temperature,"[45,55)",21,39,9,0.031082840161756272,-0.017467024963564018,0.11832249911415442,3.15709558518924,-1.7315360807401037,12.560706011864543
RR,temperature,"[45,55)",21.333333333333332,39,9,0.031082840161756272,-0.017467024963564018,0.11832249911415442,3.15709558518924,-1.7315360807401037,12.560706011864543
RR,temperature,"[45,55)",21.666666666666664,39,9,0.034719396791516394,-0.017409296747511967,0.12080606141796289,3.532915135414738,-1.7258630538785846,12.840604967583369
RR,temperature,"[45,55)",22,39,9,0.035154608893208206,-0.013626176894355845,0.12178764936741059,3.5779837194903408,-1.3533760781620607,12.951422325221507
RR,temperature,"[45,55)",22.333333333333332,39,9,0.035154608893208206,-0.0055033789434207675,0.12178634989063422,3.5779837194903408,-0.5488263095648538,12.95127554756672
RR,temperature,"[45,55)",22.666666666666664,39,9,0.03434085991914168,-0.004847686807625005,0.12240725790899698,3.4937315262198787,-0.48359557377720686,13.02142967761557
RR,temperature,"[45,55)",23,39,9,0.035152014431495904,-0.004847686807625005,0.12155360769352111,3.5777149907259442,-0.48359557377720686,12.924990078516597
RR,temperature,"[45,55)",23.333333333333332,39,9,0.035152014431495904,-0.005267188022844496,0.12118336013734689,3.5777149907259442,-0.5253340710810184,12.883187616016368
RR,temperature,"[45,55)",23.666666666666664,39,9,0.035152014431495904,-0.015201089597450425,0.12059759324534425,3.5777149907259442,-1.5086136244152115,12.817083744666968
RR,temperature,"[45,55)",24,39,9,0.035921820645363874,-0.015201089597450425,0.12158183470534055,3.6574804573809017,-1.5086136244152115,12.92817765853398
RR,temperature,"[45,55)",24.333333333333332,39,9,0.03901954213730419,-0.015201089597450425,0.12232596279750282,3.979080318625705,-1.5086136244152115,13.012241961351979
RR,temperature,"[45,55)",24.666666666666664,39,9,0.03901954213730419,0.0012320298229893361,0.12242235404391509,3.979080318625705,0.12327890835102107,13.023135877245107
RR,temperature,"[45,55)",25,39,9,0.032180915556800305,-0.0019281141285318931,0.12070988037635404,3.2704320682891197,-0.19262565105772067,12.829752362577619
RR,temperature,"[45,55)",25.333333333333332,39,9,0.027469307834951166,-0.0020534300151316904,0.12050731095771948,2.785006767920306,-0.2051323170051189,12.80689882002941
RR,temperature,"[45,55)",25.666666666666664,39,9,0.02687617681490689,-0.022976169791908415,0.12017086883312847,2.7240598685458695,-2.2714227580888924,12.768952211098682
RR,temperature,"[45,55)",26,39,9,0.01996894665540029,-0.03575090206607292,0.11945936822202594,2.0169659854873068,-3.5119386682443077,12.688745569607907
RR,temperature,"[45,55)",26.333333333333332,39,9,0.019617569191047044,-0.04512456397896107,0.1202538181128404,1.981125819740348,-4.412159360070511,12.778306702427255
RR,temperature,"[45,55)",26.666666666666664,39,9,0.021017125186820827,-0.03772153453438733,0.12096446580372947,2.123954040569731,-3.7018939472166723,12.858480830072928
RR,temperature,"[45,55)",27,39,9,0.021017125186820827,-0.03779903676208609,0.12950404355726328,2.123954040569731,-3.7093569757545297,13.826371408798789
RR,temperature,"[45,55)",27.333333333333332,39,9,0.09590577149095063,0.002243027006252084,0.1993871662386645,10.065534599522907,0.22455444732243368,22.065447062513254
RR,temperature,"[45,55)",27.666666666666664,39,9,0.11237623444638954,0.04580588928660385,0.20316215577790547,11.893376288594549,4.6871182321113425,22.527113693378077
RR,temperature,"[45,55)",28,39,9,0.11237623444638954,0.04580588928660385,0.20316215577790547,11.893376288594549,4.6871182321113425,22.527113693378077
RR,temperature,"[45,55)",28.333333333333332,39,9,0.11237623444638954,0.04580588928660385,0.20316215577790547,11.893376288594549,4.6871182321113425,22.527113693378077
RR,temperature,"[45,55)",28.666666666666664,39,9,0.11237623444638954,0.04712893273203799,0.20316215577790547,11.893376288594549,4.825715502597627,22.527113693378077
RR,temperature,"[45,55)",29,39,9,0.1766515198426369,0.09735126803585817,0.2536252530345407,19.321520884389145,10.224748993705578,28.868878155749943
RR,temperature,"[45,55)",29.333333333333332,39,9,0.1766515198426369,0.09735126803585817,0.2536252530345407,19.321520884389145,10.224748993705578,28.868878155749943
RR,temperature,"[45,55)",29.666666666666664,39,9,0.1766515198426369,0.09735126803585817,0.2536252530345407,19.321520884389145,10.224748993705578,28.868878155749943
RR,temperature,"[45,55)",30,39,9,0.1766515198426369,0.09735126803585817,0.2536252530345407,19.321520884389145,10.224748993705578,28.868878155749943
RR,temperature,"[55,75]",27,5,3,0.08494529128074646,-0.06482855221256613,0.19644029663875703,8.865750601130951,-6.277186470629559,21.706265597764094
RR,temperature,"[55,75]",27.076923076923077,5,3,0.08494529128074646,-0.06482855221256613,0.19644029663875703,8.865750601130951,-6.277186470629559,21.706265597764094
RR,temperature,"[55,75]",27.153846153846153,5,3,0.21172138154506684,-0.016293735248036675,0.37347809627652173,23.58035194402328,-1.6161710375880212,45.27787419311466
RR,temperature,"[55,75]",27.23076923076923,5,3,0.21172138154506684,-0.016293735248036675,0.37347809627652173,23.58035194402328,-1.6161710375880212,45.27787419311466
RR,temperature,"[55,75]",27.307692307692307,5,3,0.21172138154506684,-0.016293735248036675,0.37347809627652173,23.58035194402328,-1.6161710375880212,45.27787419311466
RR,temperature,"[55,75]",27.384615384615383,5,3,0.21172138154506684,-0.016293735248036675,0.37347809627652173,23.58035194402328,-1.6161710375880212,45.27787419311466
RR,temperature,"[55,75]",27.46153846153846,5,3,0.21172138154506684,-0.016293735248036675,0.37347809627652173,23.58035194402328,-1.6161710375880212,45.27787419311466
RR,temperature,"[55,75]",27.53846153846154,5,3,0.2153240829706192,-0.00970017820131033,0.373662707656622,24.026378021102857,-0.9653283225107501,45.304696617753734
RR,temperature,"[55,75]",27.615384615384617,5,3,0.23335041403770446,0.029300512000918384,0.3337507282197478,26.282391303151886,2.9733995406829195,39.61950681633986
RR,temperature,"[55,75]",27.692307692307693,5,3,0.23335041403770446,0.029300512000918384,0.3337507282197478,26.282391303151886,2.9733995406829195,39.61950681633986
RR,temperature,"[55,75]",27.76923076923077,5,3,0.23335041403770446,0.029300512000918384,0.3337507282197478,26.282391303151886,2.9733995406829195,39.61950681633986
RR,temperature,"[55,75]",27.846153846153847,5,3,0.23335041403770446,0.029300512000918384,0.3337507282197478,26.282391303151886,2.9733995406829195,39.61950681633986
RR,temperature,"[55,75]",27.923076923076923,5,3,0.23335041403770446,0.029300512000918384,0.3337507282197478,26.282391303151886,2.9733995406829195,39.61950681633986
RR,temperature,"[55,75]",28,5,3,0.23335041403770446,0.029300512000918384,0.3337507282197478,26.282391303151886,2.9733995406829195,39.61950681633986
RR,temperature,"[55,75]",28.076923076923077,5,3,0.23335041403770446,0.029300512000918384,0.3337507282197478,26.282391303151886,2.9733995406829195,39.61950681633986
RR,temperature,"[55,75]",28.153846153846153,5,3,0.23335041403770446,0.029300512000918384,0.3337507282197478,26.282391303151886,2.9733995406829195,39.61950681633986
RR,temperature,"[55,75]",28.23076923076923,5,3,0.23335041403770446,0.029300512000918384,0.3337507282197478,26.282391303151886,2.9733995406829195,39.61950681633986
RR,temperature,"[55,75]",28.307692307692307,5,3,0.23335041403770446,0.029300512000918384,0.3337507282197478,26.282391303151886,2.9733995406829195,39.61950681633986
RR,temperature,"[55,75]",28.384615384615383,5,3,0.23335041403770446,0.029300512000918384,0.3337507282197478,26.282391303151886,2.9733995406829195,39.61950681633986
RR,temperature,"[55,75]",28.46153846153846,5,3,0.23335041403770446,0.029300512000918384,0.3337507282197478,26.282391303151886,2.9733995406829195,39.61950681633986
RR,temperature,"[55,75]",28.53846153846154,5,3,0.23335041403770446,0.029300512000918384,0.3533818508684637,26.282391303151886,2.9733995406829195,42.38747474480606
RR,temperature,"[55,75]",28.615384615384617,5,3,0.23335041403770446,0.046620275154709824,0.3533818508684637,26.282391303151886,4.772408666720729,42.38747474480606
RR,temperature,"[55,75]",28.692307692307693,5,3,0.23335041403770446,0.046620275154709824,0.3533818508684637,26.282391303151886,4.772408666720729,42.38747474480606
RR,temperature,"[55,75]",28.76923076923077,5,3,0.23335041403770446,0.046620275154709824,0.3533818508684637,26.282391303151886,4.772408666720729,42.38747474480606
RR,temperature,"[55,75]",28.846153846153847,5,3,0.23335041403770446,0.046620275154709824,0.3533818508684637,26.282391303151886,4.772408666720729,42.38747474480606
RR,temperature,"[55,75]",28.923076923076923,5,3,0.23335041403770446,0.046620275154709824,0.3533818508684637,26.282391303151886,4.772408666720729,42.38747474480606
RR,temperature,"[55,75]",29,5,3,0.3146189868450165,0.05151151761412621,0.38305991157889374,36.973732358212644,5.286131267262739,46.67659036972063
RR,temperature,"[55,75]",29.076923076923077,5,3,0.3146189868450165,0.05151151761412621,0.38305991157889374,36.973732358212644,5.286131267262739,46.67659036972063
RR,temperature,"[55,75]",29.153846153846153,5,3,0.3146189868450165,0.05151151761412621,0.38305991157889374,36.973732358212644,5.286131267262739,46.67659036972063
RR,temperature,"[55,75]",29.23076923076923,5,3,0.3146189868450165,0.05151151761412621,0.38305991157889374,36.973732358212644,5.286131267262739,46.67659036972063
RR,temperature,"[55,75]",29.307692307692307,5,3,0.3146189868450165,0.05151151761412621,0.38305991157889374,36.973732358212644,5.286131267262739,46.67659036972063
RR,temperature,"[55,75]",29.384615384615383,5,3,0.3146189868450165,0.05151151761412621,0.38305991157889374,36.973732358212644,5.286131267262739,46.67659036972063
RR,temperature,"[55,75]",29.46153846153846,5,3,0.3146189868450165,0.05151151761412621,0.38305991157889374,36.973732358212644,5.286131267262739,46.67659036972063
RR,temperature,"[55,75]",29.53846153846154,5,3,0.3146189868450165,0.05151151761412621,0.38305991157889374,36.973732358212644,5.286131267262739,46.67659036972063
RR,temperature,"[55,75]",29.615384615384617,5,3,0.3146189868450165,0.05151151761412621,0.38305991157889374,36.973732358212644,5.286131267262739,46.67659036972063
RR,temperature,"[55,75]",29.692307692307693,5,3,0.3146189868450165,0.05151151761412621,0.38305991157889374,36.973732358212644,5.286131267262739,46.67659036972063
RR,temperature,"[55,75]",29.76923076923077,5,3,0.3146189868450165,0.05151151761412621,0.38305991157889374,36.973732358212644,5.286131267262739,46.67659036972063
RR,temperature,"[55,75]",29.846153846153847,5,3,0.3146189868450165,0.05151151761412621,0.38305991157889374,36.973732358212644,5.286131267262739,46.67659036972063
RR,temperature,"[55,75]",29.923076923076923,5,3,0.3146189868450165,0.05151151761412621,0.38305991157889374,36.973732358212644,5.286131267262739,46.67659036972063
RR,temperature,"[55,75]",30,5,3,0.3146189868450165,0.05151151761412621,0.38305991157889374,36.973732358212644,5.286131267262739,46.67659036972063
RR,temperature,0-30 cm,13,222,49,0.050159668524724456,0.01993081706084694,0.10159852577009983,5.143896468235365,2.0130761940952757,10.693897503437144
RR,temperature,0-30 cm,13.435897435897436,222,49,0.050159668524724456,0.01993081706084694,0.10159852577009983,5.143896468235365,2.0130761940952757,10.693897503437144
RR,temperature,0-30 cm,13.871794871794872,222,49,0.050159668524724456,0.01993081706084694,0.10159852577009983,5.143896468235365,2.0130761940952757,10.693897503437144
RR,temperature,0-30 cm,14.307692307692308,222,49,0.050159668524724456,0.01993081706084694,0.10159852577009983,5.143896468235365,2.0130761940952757,10.693897503437144
RR,temperature,0-30 cm,14.743589743589745,222,49,0.050159668524724456,0.01993081706084694,0.10159852577009983,5.143896468235365,2.0130761940952757,10.693897503437144
RR,temperature,0-30 cm,15.179487179487179,222,49,0.050159668524724456,0.01993081706084694,0.10159852577009983,5.143896468235365,2.0130761940952757,10.693897503437144
RR,temperature,0-30 cm,15.615384615384615,222,49,0.050159668524724456,0.01993081706084694,0.10159852577009983,5.143896468235365,2.0130761940952757,10.693897503437144
RR,temperature,0-30 cm,16.05128205128205,222,49,0.050159668524724456,0.01993081706084694,0.10159852577009983,5.143896468235365,2.0130761940952757,10.693897503437144
RR,temperature,0-30 cm,16.48717948717949,222,49,0.050159668524724456,0.01993081706084694,0.10159852577009983,5.143896468235365,2.0130761940952757,10.693897503437144
RR,temperature,0-30 cm,16.923076923076923,222,49,0.050159668524724456,0.01993081706084694,0.10350489574555322,5.143896468235365,2.0130761940952757,10.905122298437009
RR,temperature,0-30 cm,17.358974358974358,222,49,0.050159668524724456,0.01993081706084694,0.10350489574555322,5.143896468235365,2.0130761940952757,10.905122298437009
RR,temperature,0-30 cm,17.794871794871796,222,49,0.050159668524724456,0.01993081706084694,0.10350489574555322,5.143896468235365,2.0130761940952757,10.905122298437009
RR,temperature,0-30 cm,18.23076923076923,222,49,0.050159668524724456,0.01993081706084694,0.10351988483830736,5.143896468235365,2.0130761940952757,10.906784678060788
RR,temperature,0-30 cm,18.666666666666668,222,49,0.05203233174203586,0.01985975425240222,0.10351988483830736,5.340980053671318,2.005827115975811,10.906784678060788
RR,temperature,0-30 cm,19.102564102564102,222,49,0.05203233174203586,0.01985975425240222,0.10351988483830736,5.340980053671318,2.005827115975811,10.906784678060788
RR,temperature,0-30 cm,19.53846153846154,222,49,0.05203233174203586,0.01985975425240222,0.09970067117272359,5.340980053671318,2.005827115975811,10.484015806627255
RR,temperature,0-30 cm,19.974358974358974,222,49,0.04979804154277801,0.01985975425240222,0.0984651142688702,5.105880472504665,2.005827115975811,10.347590815907036
RR,temperature,0-30 cm,20.41025641025641,222,49,0.04979804154277801,0.014693517676189632,0.09713500485876968,5.105880472504665,1.4801998075378187,10.200914016701246
RR,temperature,0-30 cm,20.846153846153847,222,49,0.04979804154277801,0.014693517676189632,0.09713500485876968,5.105880472504665,1.4801998075378187,10.200914016701246
RR,temperature,0-30 cm,21.282051282051285,222,49,0.04979804154277801,0.018425554492267557,0.09713500485876968,5.105880472504665,1.859635242427582,10.200914016701246
RR,temperature,0-30 cm,21.71794871794872,222,49,0.05298732231352226,0.02238791730309422,0.10358350599475796,5.441627747563782,2.264040744589879,10.913840920421002
RR,temperature,0-30 cm,22.153846153846153,222,49,0.05408151232824148,0.02442052757334981,0.10728854709238013,5.557064066897688,2.472115079461834,11.325543475805521
RR,temperature,0-30 cm,22.58974358974359,222,49,0.05408151232824148,0.024449372647051205,0.10944270359423423,5.557064066897688,2.4750709378044133,11.56561460165939
RR,temperature,0-30 cm,23.025641025641026,222,49,0.05399400422764894,0.027080691100428808,0.1071031813343072,5.5478273728657435,2.7450705546752996,11.304909444526757
RR,temperature,0-30 cm,23.46153846153846,222,49,0.05399400422764894,0.025997655063333746,0.10829542717746428,5.5478273728657435,2.6338541771741664,11.437691398772888
RR,temperature,0-30 cm,23.897435897435898,222,49,0.05715959556799318,0.02441222670072216,0.10893066323250597,5.882478065396302,2.4712644750170654,11.508503126940228
RR,temperature,0-30 cm,24.333333333333336,222,49,0.06367117016018282,0.025997655063333746,0.11293772373454403,6.574189340025938,2.6338541771741664,11.956220862422452
RR,temperature,0-30 cm,24.76923076923077,222,49,0.06367117016018282,0.025436757919682675,0.11268744318770156,6.574189340025938,2.5763032830991683,11.928203904438629
RR,temperature,0-30 cm,25.205128205128204,222,49,0.05731520163281281,0.02384042578863676,0.10507544220139658,5.898955303087217,2.412688061147139,11.07944079701635
RR,temperature,0-30 cm,25.641025641025642,222,49,0.05272909625735438,0.015400820381090937,0.10261073738756338,5.414403487032593,1.5520024174523028,10.805999878564254
RR,temperature,0-30 cm,26.076923076923077,222,49,0.052589894927354386,-0.006818787703413914,0.10263394716557331,5.399730683126647,-0.6795592521493088,10.80857169106908
RR,temperature,0-30 cm,26.51282051282051,222,49,0.05544192630478792,-0.0022895928449141864,0.11786984311325502,5.700763095098393,-0.22869737265026613,12.509766262784128
RR,temperature,0-30 cm,26.94871794871795,222,49,0.05544192630478792,-0.01028728798105356,0.1375230433781179,5.700763095098393,-1.0234554816047847,14.7428146288072
RR,temperature,0-30 cm,27.384615384615387,222,49,0.14587532700488326,0.008049032122751782,0.20024291524552595,15.705192592907657,0.8081512668977053,22.169949155012738
RR,temperature,0-30 cm,27.82051282051282,222,49,0.15181658162262396,0.03111405007825404,0.2020262203431796,16.39467276318576,3.1603151597696666,22.388009824683586
RR,temperature,0-30 cm,28.256410256410255,222,49,0.15181658162262396,0.03111405007825404,0.2020262203431796,16.39467276318576,3.1603151597696666,22.388009824683586
RR,temperature,0-30 cm,28.692307692307693,222,49,0.15181658162262396,0.03458023163875957,0.20773128806873287,16.39467276318576,3.5185079639759254,23.08823723268474
RR,temperature,0-30 cm,29.128205128205128,222,49,0.20075713542157889,0.05652215202000226,0.23951336320674238,22.23278756277951,5.8150054701781695,27.063066421271476
RR,temperature,0-30 cm,29.564102564102566,222,49,0.20075713542157889,0.05652215202000226,0.23951336320674238,22.23278756277951,5.8150054701781695,27.063066421271476
RR,temperature,0-30 cm,30,222,49,0.20075713542157889,0.05652215202000226,0.23951336320674238,22.23278756277951,5.8150054701781695,27.063066421271476
RR,temperature,45-75 cm,17,44,11,0.03339502710415136,-0.0013593994549327487,0.11412533006058026,3.3958900369362777,-0.13584758900390126,12.089259761840454
RR,temperature,45-75 cm,17.333333333333332,44,11,0.03339502710415136,-0.0013593994549327487,0.11412533006058026,3.3958900369362777,-0.13584758900390126,12.089259761840454
RR,temperature,45-75 cm,17.666666666666668,44,11,0.03339502710415136,-0.0013593994549327487,0.11412533006058026,3.3958900369362777,-0.13584758900390126,12.089259761840454
RR,temperature,45-75 cm,18,44,11,0.03339502710415136,-0.0013593994549327487,0.11412533006058026,3.3958900369362777,-0.13584758900390126,12.089259761840454
RR,temperature,45-75 cm,18.333333333333332,44,11,0.03339502710415136,-0.0013593994549327487,0.11412533006058026,3.3958900369362777,-0.13584758900390126,12.089259761840454
RR,temperature,45-75 cm,18.666666666666668,44,11,0.03692243046878667,-0.002036347350804135,0.11713972627291117,3.7612530598822635,-0.2034275402178598,12.427650968259996
RR,temperature,45-75 cm,19,44,11,0.03692243046878667,-0.0035842841536081896,0.11713972627291117,3.7612530598822635,-0.357786827489448,12.427650968259996
RR,temperature,45-75 cm,19.333333333333332,44,11,0.03692243046878667,-0.0035842841536081896,0.11713972627291117,3.7612530598822635,-0.357786827489448,12.427650968259996
RR,temperature,45-75 cm,19.666666666666668,44,11,0.03505870314918205,-0.004331724171590221,0.11713972627291117,3.5680504722323425,-0.4322355786409271,12.427650968259996
RR,temperature,45-75 cm,20,44,11,0.03658168073161505,-0.012209798398279506,0.11713972627291117,3.725902463368813,-1.2135561257163863,12.427650968259996
RR,temperature,45-75 cm,20.333333333333332,44,11,0.03658168073161505,-0.012209798398279506,0.11713972627291117,3.725902463368813,-1.2135561257163863,12.427650968259996
RR,temperature,45-75 cm,20.666666666666668,44,11,0.03658168073161505,-0.012209798398279506,0.11506082333283053,3.725902463368813,-1.2135561257163863,12.194167572864046
RR,temperature,45-75 cm,21,44,11,0.03658168073161505,-0.010748621997613957,0.11506809772836275,3.725902463368813,-1.0691061975090066,12.194983720583874
RR,temperature,45-75 cm,21.333333333333332,44,11,0.03658168073161505,-0.010748621997613957,0.11506809772836275,3.725902463368813,-1.0691061975090066,12.194983720583874
RR,temperature,45-75 cm,21.666666666666664,44,11,0.04013854800988074,-0.008371281252369606,0.12091372074527584,4.095498644374462,-0.8336339647447288,12.852753965172493
RR,temperature,45-75 cm,22,44,11,0.04052430419092573,-0.004155103770211679,0.12150386000298156,4.135661872504182,-0.4146483270364598,12.919372460788914
RR,temperature,45-75 cm,22.333333333333332,44,11,0.04052430419092573,-0.0028921844892796497,0.12147915208849804,4.135661872504182,-0.28880061528635537,12.916582493057893
RR,temperature,45-75 cm,22.666666666666664,44,11,0.03980302669118497,-0.00294559847097844,0.121466619374802,4.060578243995994,-0.29412644522729403,12.915167350725799
RR,temperature,45-75 cm,23,44,11,0.040601891034219253,-0.0014813971636943764,0.12096831614220388,4.143741743224938,-0.14803004365457895,12.858915374260405
RR,temperature,45-75 cm,23.333333333333332,44,11,0.040601891034219253,-8.380595808954626e-4,0.12096831614220388,4.143741743224938,-0.08377085070453427,12.858915374260405
RR,temperature,45-75 cm,23.666666666666664,44,11,0.040601891034219253,-0.00670801939294589,0.12142905779678999,4.143741743224938,-0.6685570853982581,12.910926158512037
RR,temperature,45-75 cm,24,44,11,0.04128421926923857,-0.00670801939294589,0.12142905779678999,4.21482620742748,-0.6685570853982581,12.910926158512037
RR,temperature,45-75 cm,24.333333333333332,44,11,0.04456105378498748,-0.004866411264414314,0.12143906668484719,4.5568810695140405,-0.48545894694633773,12.912056276987993
RR,temperature,45-75 cm,24.666666666666664,44,11,0.04456105378498748,0.008101639545665507,0.1214182411648587,4.5568810695140405,0.813454663442359,12.909704849188008
RR,temperature,45-75 cm,25,44,11,0.038431794038677435,1.1328372903254456e-4,0.1222955267701764,3.9179847680271163,0.011329014587646569,13.00880237001143
RR,temperature,45-75 cm,25.333333333333332,44,11,0.03365899883316491,-0.007868035588630437,0.12227495473403413,3.4231872314875345,-0.783716361693565,13.006477572757657
RR,temperature,45-75 cm,25.666666666666664,44,11,0.03307485448154196,-0.015746948947013485,0.12226776344627568,3.362790802673188,-1.5623613978228645,13.005664913580905
RR,temperature,45-75 cm,26,44,11,0.02710487276569687,-0.0328541153137022,0.11556506143956957,2.747555131619883,-3.2320281055477573,12.250754412929755
RR,temperature,45-75 cm,26.333333333333332,44,11,0.02691712248435415,-0.03766464595947499,0.11889634484687123,2.7282660600576047,-3.6964155293683576,12.625317029286332
RR,temperature,45-75 cm,26.666666666666664,44,11,0.028281689515676004,-0.03276083127447322,0.12420709058113229,2.868541350860032,-3.223000777215157,13.225032509953127
RR,temperature,45-75 cm,27,44,11,0.028281689515676004,-0.0327589041982058,0.13041212468524463,2.868541350860032,-3.2228142803770288,13.929781934008778
RR,temperature,45-75 cm,27.333333333333332,44,11,0.10906663626982745,0.006703889065168122,0.20923555689779197,11.52366630766608,0.6726410428245622,23.27353436458628
RR,temperature,45-75 cm,27.666666666666664,44,11,0.12612330030903898,0.05602701557059348,0.21374021301909868,13.442203424749287,5.762625572743829,23.83009185467411
RR,temperature,45-75 cm,28,44,11,0.12612330030903898,0.05602701557059348,0.21374021301909868,13.442203424749287,5.762625572743829,23.83009185467411
RR,temperature,45-75 cm,28.333333333333332,44,11,0.12612330030903898,0.05602701557059348,0.21374021301909868,13.442203424749287,5.762625572743829,23.83009185467411
RR,temperature,45-75 cm,28.666666666666664,44,11,0.12612330030903898,0.06402070501542106,0.21374021301909868,13.442203424749287,6.611447244957902,23.83009185467411
RR,temperature,45-75 cm,29,44,11,0.1923296410929073,0.09497626178622753,0.26275111843768345,21.20699991976189,9.963275149895123,30.050300745019154
RR,temperature,45-75 cm,29.333333333333332,44,11,0.1923296410929073,0.09497626178622753,0.26275111843768345,21.20699991976189,9.963275149895123,30.050300745019154
RR,temperature,45-75 cm,29.666666666666664,44,11,0.1923296410929073,0.09497626178622753,0.26275111843768345,21.20699991976189,9.963275149895123,30.050300745019154
RR,temperature,45-75 cm,30,44,11,0.1923296410929073,0.09497626178622753,0.26275111843768345,21.20699991976189,9.963275149895123,30.050300745019154
RR,precipitation,"[0,15)",450,151,39,0.06960258804206174,-0.06869282907654456,0.187022249423282,7.208203836074878,-6.638658506754236,20.565410986012722
RR,precipitation,"[0,15)",550.7692307692307,151,39,0.06960258804206174,-0.06869282907654456,0.187022249423282,7.208203836074878,-6.638658506754236,20.565410986012722
RR,precipitation,"[0,15)",651.5384615384615,151,39,0.07022951725740849,-0.06869282907654456,0.1871092999114621,7.2754368641572364,-6.638658506754236,20.575906720719495
RR,precipitation,"[0,15)",752.3076923076924,151,39,0.07022951725740849,-0.06869282907654456,0.1871092999114621,7.2754368641572364,-6.638658506754236,20.575906720719495
RR,precipitation,"[0,15)",853.0769230769231,151,39,0.07022951725740849,-0.06869282907654456,0.18715289411885164,7.2754368641572364,-6.638658506754236,20.581163246379464
RR,precipitation,"[0,15)",953.8461538461538,151,39,0.0923417314516214,0.04507474380341786,0.18707304789594315,9.67395484472191,4.610604693140896,20.57153568030783
RR,precipitation,"[0,15)",1054.6153846153848,151,39,0.10208382517745446,0.07029568886188059,0.18178065743879224,10.747630223467365,7.282535686802638,19.935109628542634
RR,precipitation,"[0,15)",1155.3846153846155,151,39,0.1014868009354401,0.07193969123294161,0.18178065743879224,10.681530936879891,7.459053487930101,19.935109628542634
RR,precipitation,"[0,15)",1256.1538461538462,151,39,0.10500218774753296,0.07020156204188067,0.16721837205106135,11.071304031276096,7.2724379981160325,18.2012355589954
RR,precipitation,"[0,15)",1356.923076923077,151,39,0.10500218774753296,0.07025401864065621,0.16192879886908032,11.071304031276096,7.278065292948854,17.577652172251447
RR,precipitation,"[0,15)",1457.6923076923076,151,39,0.10500218774753296,0.07022383263131192,0.15204887985500865,11.071304031276096,7.274827045142618,16.421714180642777
RR,precipitation,"[0,15)",1558.4615384615386,151,39,0.10315320459587671,0.06620426457167128,0.14345586782091546,10.866124806409205,6.844494032569437,15.425586985629035
RR,precipitation,"[0,15)",1659.2307692307693,151,39,0.1040083603125485,0.05284359103893831,0.13903087424216262,10.960973156096742,5.426473577103619,14.915957888703257
RR,precipitation,"[0,15)",1760,151,39,0.10222474870191803,0.04824266031590508,0.13682293511138047,10.76323826958905,4.94252782993263,14.662510349861723
RR,precipitation,"[0,15)",1860.769230769231,151,39,0.10220095048973103,0.039950787641383864,0.13679480702417365,10.760602333907588,4.075955469964354,14.659285158130707
RR,precipitation,"[0,15)",1961.5384615384617,151,39,0.0827661893015962,0.023944585608119514,0.13938502881289322,8.628779314605307,2.423355903818969,14.956663107983692
RR,precipitation,"[0,15)",2062.3076923076924,151,39,0.07319497437654246,0.022801656461885953,0.13035886541100689,7.594029725374729,2.3063601367733444,13.923714278089827
RR,precipitation,"[0,15)",2163.076923076923,151,39,0.07312230197157686,0.02070526665067747,0.11511037979808493,7.586210892584777,2.092110779311973,12.199727656999038
RR,precipitation,"[0,15)",2263.846153846154,151,39,0.07312230197157686,0.019982370204062464,0.11350039592491148,7.586210892584777,2.0183354243859197,12.019233240434279
RR,precipitation,"[0,15)",2364.6153846153848,151,39,0.06275536489614367,0.01878144306543942,0.11433717571763669,6.476632814625782,1.89589237404455,12.113007900104833
RR,precipitation,"[0,15)",2465.3846153846152,151,39,0.067737661419276,0.02397883096916564,0.11904378578036756,7.008454719176083,2.4268634886803753,12.641923835395863
RR,precipitation,"[0,15)",2566.153846153846,151,39,0.08556995093660576,0.02663580906730251,0.12042242803936402,8.933775887550354,2.6993712849389784,12.797323847628483
RR,precipitation,"[0,15)",2666.923076923077,151,39,0.08556995093660576,0.02711345544772992,0.1214477332067963,8.933775887550354,2.7484369849995582,12.913034836042382
RR,precipitation,"[0,15)",2767.6923076923076,151,39,0.08487830173828645,0.026456741263260416,0.12057881526115492,8.858457978576073,2.68098278049016,12.814965287142366
RR,precipitation,"[0,15)",2868.4615384615386,151,39,0.07232027157481194,0.026102948243789878,0.11761883427875638,7.4999580744906424,2.644661391055947,12.481528861551649
RR,precipitation,"[0,15)",2969.2307692307695,151,39,0.06383295306189612,6.212728552420733e-4,0.1179088352048008,6.5914326164211445,0.06214658851950716,12.514153339420142
RR,precipitation,"[0,15)",3070,151,39,0.06383295306189612,-0.005418124657449246,0.12268149648736763,6.5914326164211445,-0.5403473093324229,13.052428764194213
RR,precipitation,"[0,15)",3170.769230769231,151,39,0.06200295683946338,-0.012874411019877857,0.1548280097859662,6.396549069853319,-1.2791890305136944,16.745715263151762
RR,precipitation,"[0,15)",3271.538461538462,151,39,0.07475538527252254,-0.017364748333606232,0.1756123053946722,7.7620516792515915,-1.7214849994327208,19.19758464525203
RR,precipitation,"[0,15)",3372.3076923076924,151,39,0.08075235636067571,-0.017364748333606232,0.180304229088877,8.410239225962135,-1.7214849994327208,19.75816468794285
RR,precipitation,"[0,15)",3473.0769230769233,151,39,0.08075235636067571,-0.017364748333606232,0.180304229088877,8.410239225962135,-1.7214849994327208,19.75816468794285
RR,precipitation,"[0,15)",3573.846153846154,151,39,0.0327413582577623,-0.026315274437635424,0.12858710889035718,3.3283254496131454,-2.597204492031857,13.722047899076584
RR,precipitation,"[0,15)",3674.6153846153848,151,39,0.0327413582577623,-0.026315274437635424,0.12858710889035718,3.3283254496131454,-2.597204492031857,13.722047899076584
RR,precipitation,"[0,15)",3775.3846153846157,151,39,0.047783549935156065,-0.01312950940707091,0.1446222986588841,4.894358684347333,-1.3043693383098964,15.560301502088937
RR,precipitation,"[0,15)",3876.153846153846,151,39,0.06295073045485511,-0.016169111544593252,0.1446222986588841,6.497436713601812,-1.6039093164290974,15.560301502088937
RR,precipitation,"[0,15)",3976.923076923077,151,39,0.06387368888156306,-0.01614509506732388,0.14721571672669254,6.59577479423874,-1.6015461605765724,15.860386630830092
RR,precipitation,"[0,15)",4077.6923076923076,151,39,0.0722841014407131,-0.009812775295168386,0.16667538525209766,7.496069856910581,-0.9764787109703743,18.13707127022304
RR,precipitation,"[0,15)",4178.461538461539,151,39,0.09386503870370767,-0.00595074980035935,0.16818194751367924,9.841149287424656,-0.5933079157332766,18.31518626046438
RR,precipitation,"[0,15)",4279.2307692307695,151,39,0.09386503870370767,-0.00595074980035935,0.16818194751367924,9.841149287424656,-0.5933079157332766,18.31518626046438
RR,precipitation,"[0,15)",4380,151,39,0.09386503870370767,-0.00595074980035935,0.16818194751367924,9.841149287424656,-0.5933079157332766,18.31518626046438
RR,precipitation,"[15,30)",95,71,25,0.051239556750990976,-0.07390909966263386,0.1580877136359972,5.25750145339805,-7.124388575157658,17.12689264583862
RR,precipitation,"[15,30)",190.64102564102564,71,25,0.051239556750990976,-0.07390909966263386,0.1580877136359972,5.25750145339805,-7.124388575157658,17.12689264583862
RR,precipitation,"[15,30)",286.28205128205127,71,25,0.051239556750990976,-0.07390909966263386,0.1580877136359972,5.25750145339805,-7.124388575157658,17.12689264583862
RR,precipitation,"[15,30)",381.9230769230769,71,25,0.051239556750990976,-0.07390909966263386,0.1580877136359972,5.25750145339805,-7.124388575157658,17.12689264583862
RR,precipitation,"[15,30)",477.56410256410254,71,25,0.051239556750990976,-0.07390909966263386,0.1580877136359972,5.25750145339805,-7.124388575157658,17.12689264583862
RR,precipitation,"[15,30)",573.2051282051282,71,25,0.051239556750990976,-0.07390909966263386,0.1580877136359972,5.25750145339805,-7.124388575157658,17.12689264583862
RR,precipitation,"[15,30)",668.8461538461538,71,25,0.05157288901088101,-0.07390909966263386,0.15901476532920972,5.292593022478975,-7.124388575157658,17.23552567642397
RR,precipitation,"[15,30)",764.4871794871794,71,25,0.05157288901088101,-0.07390909966263386,0.15901476532920972,5.292593022478975,-7.124388575157658,17.23552567642397
RR,precipitation,"[15,30)",860.1282051282051,71,25,0.05157288901088101,-0.07390909966263386,0.15901476532920972,5.292593022478975,-7.124388575157658,17.23552567642397
RR,precipitation,"[15,30)",955.7692307692307,71,25,0.0788589143128672,0.0036789086245616865,0.15901476532920972,8.205164930014197,0.36856841151513553,17.23552567642397
RR,precipitation,"[15,30)",1051.4102564102564,71,25,0.07959608161415327,0.03652183137486466,0.1582499775323938,8.284959646845413,3.7196947205945685,17.14589965384603
RR,precipitation,"[15,30)",1147.051282051282,71,25,0.07888503387754024,0.039856676161711437,0.15825888761253631,8.20799123872835,4.066161188681128,17.146943437850414
RR,precipitation,"[15,30)",1242.6923076923076,71,25,0.07888503387754024,0.03157592111154014,0.147237933023413,8.20799123872835,3.2079729261503154,15.862960648150093
RR,precipitation,"[15,30)",1338.3333333333333,71,25,0.07888503387754024,0.036227830863003574,0.14470004715696863,8.20799123872835,3.6892055593907624,15.569286491249091
RR,precipitation,"[15,30)",1433.974358974359,71,25,0.07888503387754024,0.03153899826029884,0.1430154953069549,8.20799123872835,3.2041622638697476,15.374767920193877
RR,precipitation,"[15,30)",1529.6153846153845,71,25,0.07840768483296875,0.028053582283507544,0.133491977319387,8.15635058378479,2.845078968686554,14.28120976818712
RR,precipitation,"[15,30)",1625.2564102564102,71,25,0.07612299940443898,3.165704133415827e-4,0.13301247336259595,7.909529407338511,0.03166205270428435,14.226424611815736
RR,precipitation,"[15,30)",1720.8974358974358,71,25,0.07380302405824334,-0.0017167092484797444,0.12900550745011138,7.65947213500402,-0.17152365460123553,13.769638995458688
RR,precipitation,"[15,30)",1816.5384615384614,71,25,0.07321642548449231,-0.01115707408247236,0.13112870084407124,7.596337761275995,-1.109506475988875,14.011450556922455
RR,precipitation,"[15,30)",1912.179487179487,71,25,0.05144436970274423,-0.018578910286510403,0.13002859142258055,5.279061760804615,-1.8407386218785682,13.886094451365928
RR,precipitation,"[15,30)",2007.8205128205127,71,25,0.06831837722598776,-0.018377245712859737,0.17858011118984052,7.070614267052466,-1.8209413801488217,19.551865385911693
RR,precipitation,"[15,30)",2103.461538461538,71,25,0.03749174258711051,-0.03361572819523364,0.12506114294547319,3.8203424172093436,-3.3056997812525024,13.321773921906344
RR,precipitation,"[15,30)",2199.102564102564,71,25,0.03424271985455614,-0.048036333980919256,0.1223642218192305,3.483575143105888,-4.690084343819234,13.016565781884704
RR,precipitation,"[15,30)",2294.74358974359,71,25,0.03424271985455614,-0.047181840071620254,0.1223642218192305,3.483575143105888,-4.608607795745767,13.016565781884704
RR,precipitation,"[15,30)",2390.3846153846152,71,25,0.024896031503834546,-0.04881795353361106,0.12239054608647387,2.5208525594605513,-4.764551331243638,13.019540899324
RR,precipitation,"[15,30)",2486.0256410256407,71,25,0.029700453088185967,-0.047302103906699346,0.12490508146641423,3.014591070598427,-4.620079240591979,13.304090138173109
RR,precipitation,"[15,30)",2581.6666666666665,71,25,0.04504000705102802,-0.0409248698689699,0.13118839833264825,4.606970923581355,-4.009875525493845,14.018256957350218
RR,precipitation,"[15,30)",2677.3076923076924,71,25,0.04427233157338388,-0.04874614807859088,0.12014046152106746,4.526697533111634,-4.757712660993951,12.765523262510815
RR,precipitation,"[15,30)",2772.948717948718,71,25,0.04427233157338388,-0.04563484557979724,0.120066462830037,4.526697533111634,-4.460923633598812,12.7571790701295
RR,precipitation,"[15,30)",2868.589743589743,71,25,0.033692130704187376,-0.04563484557979724,0.11338822929936498,3.426613891953134,-4.460923633598812,12.006669125695746
RR,precipitation,"[15,30)",2964.230769230769,71,25,0.02508352369620976,-0.04742572929900354,0.11338822929936498,2.5400762209579986,-4.631869891886842,12.006669125695746
RR,precipitation,"[15,30)",3059.871794871795,71,25,0.02508352369620976,-0.050237059911457244,0.1133917841930488,2.5400762209579986,-4.899604713623463,12.007067298204088
RR,precipitation,"[15,30)",3155.5128205128203,71,25,0.021816382366626072,-0.0712829410992104,0.1415006316607592,2.2056099717644884,-6.880161944315432,15.20012319345514
RR,precipitation,"[15,30)",3251.1538461538457,71,25,0.034541067404961066,-0.08279905702367843,0.16507568813402954,3.5144538203167874,-7.946389609884131,17.94823881541092
RR,precipitation,"[15,30)",3346.7948717948716,71,25,0.034541067404961066,-0.08279905702367843,0.16507568813402954,3.5144538203167874,-7.946389609884131,17.94823881541092
RR,precipitation,"[15,30)",3442.4358974358975,71,25,0.0390985484667857,-0.08279905702367843,0.17086498517703766,3.9872956486318056,-7.946389609884131,18.63305659970709
RR,precipitation,"[15,30)",3538.076923076923,71,25,-0.010227461276628363,-0.0857424783256416,0.09744594432598047,-1.0175338639971887,-8.216943794819398,10.23518515804085
RR,precipitation,"[15,30)",3633.7179487179483,71,25,-0.04956317240451004,-0.10710071628436969,0.09069588858028386,-4.835496146779194,-10.156481861982291,9.493597208846683
RR,precipitation,"[15,30)",3729.358974358974,71,25,-0.03013606661681455,-0.09500686730927144,0.09276430242212037,-2.9686502708977436,-9.06333104555097,9.720309667670591
RR,precipitation,"[15,30)",3825,71,25,-0.03013606661681455,-0.09247719383735824,0.09276430242212037,-2.9686502708977436,-8.832999757827498,9.720309667670591
RR,precipitation,"[30,45)",1500,52,11,0.13282833891347623,0.05693014085174161,0.15889522395222086,14.205393528377819,5.8581856185506265,17.221512017875295
RR,precipitation,"[30,45)",1554.076923076923,52,11,0.13135800279605273,0.047774479736052373,0.16333200516841878,14.037596602638502,4.893407275943962,17.742753683090772
RR,precipitation,"[30,45)",1608.1538461538462,52,11,0.13713528728112578,0.033983882587367245,0.1672100830232152,14.69833102779996,3.4567932035484583,18.200255789723062
RR,precipitation,"[30,45)",1662.2307692307693,52,11,0.13522460668061215,0.03364106881579995,0.1672100830232152,14.479388383133562,3.4213328685689604,18.200255789723062
RR,precipitation,"[30,45)",1716.3076923076924,52,11,0.12996498688768882,0.03204492657522889,0.16348746537965222,13.878851009658021,3.2563893822526557,17.76105941931949
RR,precipitation,"[30,45)",1770.3846153846155,52,11,0.12881090303954598,0.02463356996819271,0.16306711995544343,13.747501076059976,2.4939483098822546,17.711569499002078
RR,precipitation,"[30,45)",1824.4615384615386,52,11,0.12030349035138407,0.016939008884722953,0.1622398669441912,12.783908792513344,1.7083287389442425,17.614232515382234
RR,precipitation,"[30,45)",1878.5384615384614,52,11,0.09551839294055334,-0.011872205780729502,0.1622398669441912,10.022905829549678,-1.1802009216318687,17.614232515382234
RR,precipitation,"[30,45)",1932.6153846153848,52,11,0.09551839294055334,-0.011872205780729502,0.16659670137809238,10.022905829549678,-1.1802009216318687,18.127776153484533
RR,precipitation,"[30,45)",1986.6923076923076,52,11,0.09551839294055334,-0.016429284083782327,0.19778751815879683,10.022905829549678,-1.6295059472739126,21.8703413963079
RR,precipitation,"[30,45)",2040.769230769231,52,11,0.07731022692930238,-0.02653670508835391,0.15198181226240617,8.037718650688031,-2.618770068695031,16.413906318376227
RR,precipitation,"[30,45)",2094.846153846154,52,11,0.07731022692930238,-0.026842913176649493,0.15127065777286106,8.037718650688031,-2.648584424016831,16.331147476901144
RR,precipitation,"[30,45)",2148.923076923077,52,11,0.07158567999991088,-0.0676205698185815,0.15009222072952141,7.421018508706689,-6.538497254183695,16.194139287038677
RR,precipitation,"[30,45)",2203,52,11,0.07158567999991088,-0.0676205698185815,0.15009222072952141,7.421018508706689,-6.538497254183695,16.194139287038677
RR,precipitation,"[30,45)",2257.076923076923,52,11,0.07158567999991088,-0.06764163805637506,0.15009222072952141,7.421018508706689,-6.540466302605818,16.194139287038677
RR,precipitation,"[30,45)",2311.153846153846,52,11,0.07158567999991088,-0.06764163805637506,0.15009222072952141,7.421018508706689,-6.540466302605818,16.194139287038677
RR,precipitation,"[30,45)",2365.2307692307695,52,11,0.05938377517920273,-0.08030843308907396,0.15009222072952141,6.118241807554781,-7.716832933569195,16.194139287038677
RR,precipitation,"[30,45)",2419.3076923076924,52,11,0.05938377517920273,-0.08030843308907396,0.15009222072952141,6.118241807554781,-7.716832933569195,16.194139287038677
RR,precipitation,"[30,45)",2473.3846153846152,52,11,0.06189696677029133,-0.07774824010389589,0.15111594679049004,6.385272689860444,-7.480267519254291,16.31315116294423
RR,precipitation,"[30,45)",2527.4615384615386,52,11,0.06189696677029133,-0.07670008578402653,0.15111594679049004,6.385272689860444,-7.383241721860035,16.31315116294423
RR,precipitation,"[30,45)",2581.538461538462,52,11,0.08049937774642155,-0.07670008578402653,0.1530523271411837,8.38281722260823,-7.383241721860035,16.53859586628692
RR,precipitation,"[30,45)",2635.6153846153848,52,11,0.08049937774642155,-0.07670008578402653,0.15304894135378377,8.38281722260823,-7.383241721860035,16.538201292045397
RR,precipitation,"[30,45)",2689.6923076923076,52,11,0.07957380780806908,-0.07495970251743875,0.14194695616483494,8.282547755513514,-7.221912719120005,15.251551307268896
RR,precipitation,"[30,45)",2743.769230769231,52,11,0.07957380780806908,-0.07174471238227288,0.1424688337714402,8.282547755513514,-6.923152084842899,15.311714208492644
RR,precipitation,"[30,45)",2797.846153846154,52,11,0.07722797832236841,-0.07175110614457826,0.1424688337714402,8.02883306425124,-6.923747194182106,15.311714208492644
RR,precipitation,"[30,45)",2851.923076923077,52,11,0.07792540460538404,-0.07175517274098145,0.1372562332968721,8.104201490659534,-6.924125696967376,14.712204172884412
RR,precipitation,"[30,45)",2906,52,11,0.07792540460538404,-0.07175517274098145,0.13884556059727823,8.104201490659534,-6.924125696967376,14.89466436674254
RR,precipitation,"[30,45)",2960.076923076923,52,11,0.07089846165707478,-0.07175517274098145,0.1388547724673677,7.347222174382972,-6.924125696967376,14.89572276633957
RR,precipitation,"[30,45)",3014.153846153846,52,11,0.07089846165707478,-0.08771836417525682,0.1388547724673677,7.347222174382972,-8.398117588498266,14.89572276633957
RR,precipitation,"[30,45)",3068.2307692307695,52,11,0.07089846165707478,-0.08770182416438516,0.1388761043187025,7.347222174382972,-8.396602479837389,14.89817373095834
RR,precipitation,"[30,45)",3122.3076923076924,52,11,0.07117260992527008,-0.08827609031927398,0.14490006349078613,7.376655263768561,-8.449192109038716,15.592404548152405
RR,precipitation,"[30,45)",3176.3846153846152,52,11,0.07112418946165307,-0.08838771216808078,0.14376689779601293,7.371456162211509,-8.459410609160711,15.461493386768854
RR,precipitation,"[30,45)",3230.4615384615386,52,11,0.0818568212338365,-0.08838771216808078,0.16026823769430992,8.530040673145,-8.459410609160711,17.38256930637785
RR,precipitation,"[30,45)",3284.538461538462,52,11,0.0818568212338365,-0.09001975057813422,0.16830702942052783,8.530040673145,-8.608686521980136,18.329986275158717
RR,precipitation,"[30,45)",3338.6153846153848,52,11,0.0818568212338365,-0.09001975057813422,0.16830702942052783,8.530040673145,-8.608686521980136,18.329986275158717
RR,precipitation,"[30,45)",3392.6923076923076,52,11,0.08491091082732265,-0.09001975057813422,0.17546524121918572,8.862007811602734,-8.608686521980136,19.180056239678045
RR,precipitation,"[30,45)",3446.769230769231,52,11,0.08491091082732265,-0.09001975057813422,0.17546524121918572,8.862007811602734,-8.608686521980136,19.180056239678045
RR,precipitation,"[30,45)",3500.8461538461543,52,11,0.053079516058250384,-0.09647985201781221,0.12975574542584722,5.451349254200233,-9.19718076487065,13.855025325147373
RR,precipitation,"[30,45)",3554.923076923077,52,11,-0.018709774163793432,-0.13971495298744857,0.12975574542584722,-1.8535832829443377,-13.039392131154026,13.855025325147373
RR,precipitation,"[30,45)",3609,52,11,-0.018709774163793432,-0.13971495298744857,0.12975574542584722,-1.8535832829443377,-13.039392131154026,13.855025325147373
RR,precipitation,"[45,55)",1400,39,9,0.13228544004213733,0.07515951974186091,0.19458730956935028,14.143408376487422,7.805610840108135,21.48095427529757
RR,precipitation,"[45,55)",1462.1794871794873,39,9,0.13228544004213733,0.0751672307202497,0.1880272178764407,14.143408376487422,7.80644213004853,20.686636324213346
RR,precipitation,"[45,55)",1524.3589743589744,39,9,0.13291245759823,0.07471136471125271,0.18561226031444492,14.215000739940553,7.757308037662747,20.39553485950789
RR,precipitation,"[45,55)",1586.5384615384614,39,9,0.13660021879089376,0.027379633156128975,0.19231102001056288,14.636975981024714,2.7757899687135934,21.204742935249477
RR,precipitation,"[45,55)",1648.7179487179487,39,9,0.14026944076594633,0.027261841993253568,0.19231102001056288,15.058377126836596,2.7636846018643357,21.204742935249477
RR,precipitation,"[45,55)",1710.897435897436,39,9,0.13346888065839618,0.027261841993253568,0.18821311358046022,14.278570284309232,2.7636846018643357,20.709073536864686
RR,precipitation,"[45,55)",1773.076923076923,39,9,0.13285336947331255,0.027261841993253568,0.189198396094621,14.208252189090963,2.7636846018643357,20.82806468664453
RR,precipitation,"[45,55)",1835.2564102564102,39,9,0.12419697191590111,0.022624863508658905,0.19547362278882738,13.223886829549759,2.2882746919675734,21.588672179836355
RR,precipitation,"[45,55)",1897.4358974358975,39,9,0.09910950194805479,0.004216001298463642,0.19417505897499487,10.418720358895794,0.4224901134783021,21.430884001153984
RR,precipitation,"[45,55)",1959.6153846153848,39,9,0.09910950194805479,-0.0023083689365870196,0.1899802745017671,10.418720358895794,-0.23057067018805721,20.922574484170475
RR,precipitation,"[45,55)",2021.7948717948718,39,9,0.12255880056331173,-0.0019461909446340105,0.254901021763754,13.038558542907452,-0.19442983430246752,29.033389957863132
RR,precipitation,"[45,55)",2083.974358974359,39,9,0.08364642054164927,-0.004801820669597837,0.18155630933559647,8.724439855248466,-0.4790310359577665,19.908205432256445
RR,precipitation,"[45,55)",2146.153846153846,39,9,0.07761783344754712,-0.025559601926197027,0.1613891393865626,8.070956869045487,-2.5235720594305233,17.514217395453468
RR,precipitation,"[45,55)",2208.3333333333335,39,9,0.07761783344754712,-0.025559601926197027,0.15385107615953672,8.070956869045487,-2.5235720594305233,16.631718141047138
RR,precipitation,"[45,55)",2270.5128205128203,39,9,0.07761783344754712,-0.03105748091340778,0.151664516137083,8.070956869045487,-3.058015166387118,16.376974496439512
RR,precipitation,"[45,55)",2332.6923076923076,39,9,0.07761783344754712,-0.03094692869046223,0.15202148867224777,8.070956869045487,-3.047297422042694,16.418525295866182
RR,precipitation,"[45,55)",2394.871794871795,39,9,0.06548941185554634,-0.035034480942144564,0.15202148867224777,6.768143248841185,-3.4427878152911373,16.418525295866182
RR,precipitation,"[45,55)",2457.051282051282,39,9,0.06579724233597517,-0.03498646461282475,0.1545415390457493,6.801014796844607,-3.438151381081289,16.712275821622626
RR,precipitation,"[45,55)",2519.2307692307695,39,9,0.07100635492362276,-0.03248548026559337,0.1552574925808213,7.358804841672906,-3.1963494637781698,16.79586630796488
RR,precipitation,"[45,55)",2581.4102564102564,39,9,0.08951955608641492,-0.03227991704935004,0.16136051274153992,9.364872059211171,-3.1764481486107554,17.510853405817063
RR,precipitation,"[45,55)",2643.5897435897436,39,9,0.08951955608641492,-0.029076085639938375,0.15902295310299497,9.364872059211171,-2.865744356503519,17.236485578317517
RR,precipitation,"[45,55)",2705.769230769231,39,9,0.08966520407463974,-0.02904425986045489,0.15791796084959062,9.38080199286231,-2.862652933909915,17.10701171691811
RR,precipitation,"[45,55)",2767.948717948718,39,9,0.08966520407463974,-0.027391508115956975,0.15793699512485035,9.38080199286231,-2.7019762713485607,17.109240785228263
RR,precipitation,"[45,55)",2830.128205128205,39,9,0.08669769360671917,-0.027391508115956975,0.15213656338448162,9.056694452063052,-2.7019762713485607,16.431922895010942
RR,precipitation,"[45,55)",2892.3076923076924,39,9,0.08551246275265632,-0.027391508115956975,0.14911404281185991,8.927513662607534,-2.7019762713485607,16.08053631684305
RR,precipitation,"[45,55)",2954.4871794871797,39,9,0.08551246275265632,-0.027391508115956975,0.14911404281185991,8.927513662607534,-2.7019762713485607,16.08053631684305
RR,precipitation,"[45,55)",3016.666666666667,39,9,0.07974163039276994,-0.028094199341602392,0.14928958521714103,8.300721537498724,-2.7703227228571214,16.10091516201786
RR,precipitation,"[45,55)",3078.846153846154,39,9,0.07974163039276994,-0.02807302777177823,0.14913739283055738,8.300721537498724,-2.768264196164627,16.08324683118163
RR,precipitation,"[45,55)",3141.025641025641,39,9,0.0804391243429377,-0.04537164443530717,0.16640038891555148,8.376286985727877,-4.435774329838072,18.104588474942986
RR,precipitation,"[45,55)",3203.2051282051284,39,9,0.0906727369158314,-0.05079479149411405,0.16869637123189693,9.49106227916845,-4.9526304191679476,18.376066056164973
RR,precipitation,"[45,55)",3265.3846153846152,39,9,0.0906727369158314,-0.06600357655462666,0.1829568390373309,9.49106227916845,-6.3872483825567645,20.07625808934548
RR,precipitation,"[45,55)",3327.5641025641025,39,9,0.0906727369158314,-0.06600357655462666,0.1829568390373309,9.49106227916845,-6.3872483825567645,20.07625808934548
RR,precipitation,"[45,55)",3389.74358974359,39,9,0.09565601650720988,-0.06600357655462666,0.19604908753819295,10.038048616242111,-6.3872483825567645,21.65866231109319
RR,precipitation,"[45,55)",3451.923076923077,39,9,0.09565601650720988,-0.06600357655462666,0.19604908753819295,10.038048616242111,-6.3872483825567645,21.65866231109319
RR,precipitation,"[45,55)",3514.1025641025644,39,9,0.061967635348152666,-0.07648623527791827,0.14527077901487553,6.392791051439661,-7.363433463300584,15.635264390898907
RR,precipitation,"[45,55)",3576.2820512820513,39,9,-0.0070111883851962315,-0.11168381784261261,0.14527077901487553,-0.6986667344588526,-10.567301696347686,15.635264390898907
RR,precipitation,"[45,55)",3638.4615384615386,39,9,-0.0070111883851962315,-0.11168381784261261,0.14527077901487553,-0.6986667344588526,-10.567301696347686,15.635264390898907
RR,precipitation,"[45,55)",3700.641025641026,39,9,-0.006098091936646344,-0.11168381784261261,0.15001870517675667,-0.6079536311141998,-10.567301696347686,16.185597524640993
RR,precipitation,"[45,55)",3762.8205128205127,39,9,0.006307148708938007,-0.10514148432128606,0.15001870517675667,0.6327080653902417,-9.98028502069106,16.185597524640993
RR,precipitation,"[45,55)",3825,39,9,0.006307148708938007,-0.10514148432128606,0.15001870517675667,0.6327080653902417,-9.98028502069106,16.185597524640993
RR,precipitation,"[55,75]",1500,5,3,0.2220611274242401,0.05198915766552091,0.26206230930984015,24.864770214932186,5.336432152314741,29.96075175540853
RR,precipitation,"[55,75]",1513.923076923077,5,3,0.2220611274242401,0.04943298774771392,0.26206230930984015,24.864770214932186,5.067518174531882,29.96075175540853
RR,precipitation,"[55,75]",1527.8461538461538,5,3,0.21783324480056762,0.04943298774771392,0.26111187949776654,24.337971029902583,5.067518174531882,29.837291861816052
RR,precipitation,"[55,75]",1541.7692307692307,5,3,0.21783324480056762,0.04943298774771392,0.26111187949776654,24.337971029902583,5.067518174531882,29.837291861816052
RR,precipitation,"[55,75]",1555.6923076923076,5,3,0.2012637585401535,0.041306731744844005,0.2660418973863125,22.294729208016495,4.217172367569044,30.47897248208933
RR,precipitation,"[55,75]",1569.6153846153845,5,3,0.2012637585401535,0.041306731744844005,0.2660418973863125,22.294729208016495,4.217172367569044,30.47897248208933
RR,precipitation,"[55,75]",1583.5384615384614,5,3,0.20955383777618408,-0.011801999500021332,0.2660418973863125,23.312776218020836,-1.173262907535011,30.47897248208933
RR,precipitation,"[55,75]",1597.4615384615386,5,3,0.21500294506549836,-0.011801999500021332,0.2673019622266293,23.98655484459342,-1.173262907535011,30.643488076104862
RR,precipitation,"[55,75]",1611.3846153846155,5,3,0.21500294506549836,-0.011801999500021332,0.267313776165247,23.98655484459342,-1.173262907535011,30.645031499370724
RR,precipitation,"[55,75]",1625.3076923076924,5,3,0.21064566373825072,-0.014369992986321444,0.26273160666227346,23.447485834896618,-1.426723742484981,30.047763257514546
RR,precipitation,"[55,75]",1639.2307692307693,5,3,0.21064566373825072,-0.014369992986321444,0.26273160666227346,23.447485834896618,-1.426723742484981,30.047763257514546
RR,precipitation,"[55,75]",1653.1538461538462,5,3,0.21064566373825072,-0.014369992986321444,0.26273160666227346,23.447485834896618,-1.426723742484981,30.047763257514546
RR,precipitation,"[55,75]",1667.076923076923,5,3,0.21064566373825072,-0.014369992986321444,0.26273160666227346,23.447485834896618,-1.426723742484981,30.047763257514546
RR,precipitation,"[55,75]",1681,5,3,0.20606447756290436,-0.014369992986321444,0.26159352391958235,22.88324335615537,-1.426723742484981,29.899842331518165
RR,precipitation,"[55,75]",1694.923076923077,5,3,0.20606447756290436,-0.014369992986321444,0.26159352391958235,22.88324335615537,-1.426723742484981,29.899842331518165
RR,precipitation,"[55,75]",1708.8461538461538,5,3,0.20606447756290436,-0.02500262460671365,0.26159352391958235,22.88324335615537,-2.4692647773251086,29.899842331518165
RR,precipitation,"[55,75]",1722.7692307692307,5,3,0.20606447756290436,-0.02500262460671365,0.26159352391958235,22.88324335615537,-2.4692647773251086,29.899842331518165
RR,precipitation,"[55,75]",1736.6923076923076,5,3,0.20366398692131044,-0.02500262460671365,0.26159352391958235,22.58861704579904,-2.4692647773251086,29.899842331518165
RR,precipitation,"[55,75]",1750.6153846153845,5,3,0.20366398692131044,-0.025205755103379485,0.26159352391958235,22.58861704579904,-2.4890742319907733,29.899842331518165
RR,precipitation,"[55,75]",1764.5384615384614,5,3,0.20366398692131044,-0.025205755103379485,0.26159352391958235,22.58861704579904,-2.4890742319907733,29.899842331518165
RR,precipitation,"[55,75]",1778.4615384615386,5,3,0.19956300258636475,-0.025205755103379485,0.26159352391958235,22.08691249205119,-2.4890742319907733,29.899842331518165
RR,precipitation,"[55,75]",1792.3846153846155,5,3,0.19956300258636475,-0.025205755103379485,0.26159352391958235,22.08691249205119,-2.4890742319907733,29.899842331518165
RR,precipitation,"[55,75]",1806.3076923076924,5,3,0.19956300258636475,-0.025205755103379485,0.26159352391958235,22.08691249205119,-2.4890742319907733,29.899842331518165
RR,precipitation,"[55,75]",1820.2307692307693,5,3,0.22191669940948486,-0.025205755103379485,0.28513856947422034,24.846737546299778,-2.4890742319907733,32.99463053138507
RR,precipitation,"[55,75]",1834.1538461538462,5,3,0.2146575003862381,-0.025205755103379485,0.28355219690129163,23.9437317458542,-2.4890742319907733,32.783818754384185
RR,precipitation,"[55,75]",1848.076923076923,5,3,0.2146575003862381,-0.025205755103379485,0.28355219690129163,23.9437317458542,-2.4890742319907733,32.783818754384185
RR,precipitation,"[55,75]",1862,5,3,0.2146575003862381,-0.025205755103379485,0.28355219690129163,23.9437317458542,-2.4890742319907733,32.783818754384185
RR,precipitation,"[55,75]",1875.923076923077,5,3,0.16497500687837602,-0.04131669644266367,0.28292883472517133,17.936364236408675,-4.04747963944846,32.70107213740698
RR,precipitation,"[55,75]",1889.8461538461538,5,3,0.16497500687837602,-0.04131669644266367,0.2837235746346415,17.936364236408675,-4.04747963944846,32.80657689433137
RR,precipitation,"[55,75]",1903.7692307692307,5,3,0.16497500687837602,-0.04131669644266367,0.2837235746346415,17.936364236408675,-4.04747963944846,32.80657689433137
RR,precipitation,"[55,75]",1917.6923076923076,5,3,0.16497500687837602,-0.04131669644266367,0.2926513889804483,17.936364236408675,-4.04747963944846,33.99755787461611
RR,precipitation,"[55,75]",1931.6153846153848,5,3,0.16497500687837602,-0.04131669644266367,0.2926513889804483,17.936364236408675,-4.04747963944846,33.99755787461611
RR,precipitation,"[55,75]",1945.5384615384614,5,3,0.16497500687837602,-0.04131669644266367,0.2926513889804483,17.936364236408675,-4.04747963944846,33.99755787461611
RR,precipitation,"[55,75]",1959.4615384615386,5,3,0.16497500687837602,-0.04131669644266367,0.2926513889804483,17.936364236408675,-4.04747963944846,33.99755787461611
RR,precipitation,"[55,75]",1973.3846153846155,5,3,0.16497500687837602,-0.04131669644266367,0.2926513889804483,17.936364236408675,-4.04747963944846,33.99755787461611
RR,precipitation,"[55,75]",1987.3076923076924,5,3,0.16497500687837602,-0.04131669644266367,0.33103236589580776,17.936364236408675,-4.04747963944846,39.2404858009451
RR,precipitation,"[55,75]",2001.2307692307693,5,3,0.17541816532611848,-0.03937797869788483,0.3649306197091938,19.174445864152535,-3.861274344137111,44.04140683353881
RR,precipitation,"[55,75]",2015.1538461538462,5,3,0.17541816532611848,-0.03937797869788483,0.3649306197091938,19.174445864152535,-3.861274344137111,44.04140683353881
RR,precipitation,"[55,75]",2029.076923076923,5,3,0.11917891753837466,-0.06224909880664199,0.2918479667790234,12.657146365089478,-6.035120775684721,33.8899444969599
RR,precipitation,"[55,75]",2043,5,3,0.11917891753837466,-0.06224909880664199,0.2918479667790234,12.657146365089478,-6.035120775684721,33.8899444969599
RR,precipitation,0-30 cm,95,222,49,0.06372972668320578,-0.06791727667979097,0.1683921267267481,6.580430136715587,-6.566223809774274,18.340056266694305
RR,precipitation,0-30 cm,204.87179487179486,222,49,0.06372972668320578,-0.06791727667979097,0.1683921267267481,6.580430136715587,-6.566223809774274,18.340056266694305
RR,precipitation,0-30 cm,314.7435897435897,222,49,0.06372972668320578,-0.06791727667979097,0.1726029529792639,6.580430136715587,-6.566223809774274,18.83941630367463
RR,precipitation,0-30 cm,424.61538461538464,222,49,0.06372972668320578,-0.06791727667979097,0.1726029529792639,6.580430136715587,-6.566223809774274,18.83941630367463
RR,precipitation,0-30 cm,534.4871794871794,222,49,0.06372972668320578,-0.06791727667979097,0.1726029529792639,6.580430136715587,-6.566223809774274,18.83941630367463
RR,precipitation,0-30 cm,644.3589743589744,222,49,0.06426275777315874,-0.06791727667979097,0.17350333999797315,6.637255963179656,-6.566223809774274,18.9464659572526
RR,precipitation,0-30 cm,754.2307692307693,222,49,0.06426275777315874,-0.06791727667979097,0.1752924665222406,6.637255963179656,-6.566223809774274,19.15946672030455
RR,precipitation,0-30 cm,864.1025641025641,222,49,0.06426275777315874,-0.06791727667979097,0.1752924665222406,6.637255963179656,-6.566223809774274,19.15946672030455
RR,precipitation,0-30 cm,973.974358974359,222,49,0.08802965930364144,0.041942642204781264,0.1726488280183477,9.202051011578316,4.283466233830158,18.8448681915941
RR,precipitation,0-30 cm,1083.8461538461538,222,49,0.09489179908288513,0.06899325513530806,0.16704975206992637,9.953987746632675,7.142898248046103,18.181306149180877
RR,precipitation,0-30 cm,1193.7179487179487,222,49,0.09664940430262539,0.06459343462422669,0.16388797800241223,10.147413382587288,6.672524266072388,17.808233656394613
RR,precipitation,0-30 cm,1303.5897435897436,222,49,0.09664940430262539,0.06484649321749672,0.14815125817877164,10.147413382587288,6.699522080874165,15.96882954368779
RR,precipitation,0-30 cm,1413.4615384615386,222,49,0.09664940430262539,0.06484649321749672,0.14815125817877164,10.147413382587288,6.699522080874165,15.96882954368779
RR,precipitation,0-30 cm,1523.3333333333335,222,49,0.09611473649583953,0.06316712720754614,0.13280849115371646,10.088536847747353,6.5204849067636905,14.20312682965832
RR,precipitation,0-30 cm,1633.2051282051282,222,49,0.09509006921130624,0.03782916431265621,0.13136860518182053,9.97579049924948,3.8553795671098623,14.038805679639243
RR,precipitation,0-30 cm,1743.076923076923,222,49,0.09224284301000137,0.03579088904809878,0.12904073303311842,9.663109894469969,3.643909306361759,13.77364666790668
RR,precipitation,0-30 cm,1852.948717948718,222,49,0.09216537193797932,0.031722286730774284,0.12929473639303832,9.654614504862892,3.2230801305782597,13.802549226948834
RR,precipitation,0-30 cm,1962.820512820513,222,49,0.07274885060106243,0.010756278565000882,0.1302581969445922,7.546040176049917,1.0814335300707967,13.912246329725253
RR,precipitation,0-30 cm,2072.6923076923076,222,49,0.061776373218661085,0.009417887987725783,0.12743142173360517,6.372444085524642,0.9462375845677107,13.59069670394424
RR,precipitation,0-30 cm,2182.5641025641025,222,49,0.06068784102424137,0.007791336745113962,0.11020565381468835,6.256717253156907,0.7821768191793144,11.650766090958097
RR,precipitation,0-30 cm,2292.4358974358975,222,49,0.06068784102424137,0.007482921033426431,0.11104584350963842,6.256717253156907,0.7510988051104617,11.744613333283226
RR,precipitation,0-30 cm,2402.3076923076924,222,49,0.05064719971211687,-0.0014778648401261255,0.11116615257329888,5.1951698946092195,-0.14767733356482182,11.75805803182579
RR,precipitation,0-30 cm,2512.1794871794873,222,49,0.05557260830437786,0.004347200085858535,0.11656523823999256,5.7145771847846305,0.4356662867384342,12.363081177271539
RR,precipitation,0-30 cm,2622.051282051282,222,49,0.07260767158581292,0.006712307080465263,0.12133720301379823,7.530858003731167,0.673488510223863,12.90055522620952
RR,precipitation,0-30 cm,2731.923076923077,222,49,0.07189170767653834,0.00836826928010653,0.11843246764761425,7.453897344082083,0.8403381118914366,12.573084828257542
RR,precipitation,0-30 cm,2841.794871794872,222,49,0.0653524409270602,0.010997481463867165,0.11840585278775043,6.75352011862238,1.1058176054964175,12.570088751250651
RR,precipitation,0-30 cm,2951.666666666667,222,49,0.059966226521594196,0.00582691605062838,0.11623822047802783,6.180068523726834,0.5843925547547313,12.326342461371231
RR,precipitation,0-30 cm,3061.5384615384614,222,49,0.05144011754404146,-0.01446140705474636,0.11625726094519505,5.278614098477696,-1.4357343148528323,12.328481227768373
RR,precipitation,0-30 cm,3171.4102564102564,222,49,0.049150493832384776,-0.02349743294728034,0.14128390800430457,5.0378414318958065,-2.322351789764965,15.175159306762742
RR,precipitation,0-30 cm,3281.2820512820513,222,49,0.061894049377942066,-0.03202947170452265,0.17153939533517762,6.384962322732557,-3.1521961040008484,18.71309092311597
RR,precipitation,0-30 cm,3391.153846153846,222,49,0.0674306430252424,-0.03202947170452265,0.17395152915330764,6.975606198068318,-3.1521961040008484,18.99978842174257
RR,precipitation,0-30 cm,3501.025641025641,222,49,0.02798158664944344,-0.03439769287646626,0.12991956553024947,2.8376748385515516,-3.381281753832177,13.873678595131466
RR,precipitation,0-30 cm,3610.897435897436,222,49,0.0064187380909995605,-0.052787730753170614,0.12597482476875005,0.6439382336705712,-5.141865423906844,13.425361282658233
RR,precipitation,0-30 cm,3720.769230769231,222,49,0.02286331220907537,-0.039868937672833185,0.12997935633129196,2.3126681063091015,-3.90846292956033,13.880487397142161
RR,precipitation,0-30 cm,3830.641025641026,222,49,0.02286331220907537,-0.03967239856006791,0.12997935633129196,2.3126681063091015,-3.889575328104833,13.880487397142161
RR,precipitation,0-30 cm,3940.512820512821,222,49,0.041868067944321644,-0.03942696376088043,0.1316029970311147,4.275689661427262,-3.865983590327382,14.065538579058279
RR,precipitation,0-30 cm,4050.3846153846157,222,49,0.05007882895543834,-0.028487518000704037,0.13698561926848768,5.135397024482113,-2.8085574494400523,14.681165641128825
RR,precipitation,0-30 cm,4160.25641025641,222,49,0.07141990845693644,-0.02662397753676054,0.1429091562946204,7.403212636614853,-2.627268396219662,15.362499733629909
RR,precipitation,0-30 cm,4270.128205128205,222,49,0.07141990845693644,-0.02662397753676054,0.1429091562946204,7.403212636614853,-2.627268396219662,15.362499733629909
RR,precipitation,0-30 cm,4380,222,49,0.07141990845693644,-0.02662397753676054,0.1429091562946204,7.403212636614853,-2.627268396219662,15.362499733629909
RR,precipitation,45-75 cm,1400,44,11,0.1422093404266475,0.08181217244782601,0.19215938706706356,15.281795468103798,8.525195046759748,21.18636569664474
RR,precipitation,45-75 cm,1462.1794871794873,44,11,0.1422093404266475,0.08186357408604553,0.18954470905829854,15.281795468103798,8.53077356294445,20.86991625827419
RR,precipitation,45-75 cm,1524.3589743589744,44,11,0.14256254705304108,0.0833982506091574,0.19043983364403672,15.322520953998042,8.69746106614997,20.978158329835427
RR,precipitation,45-75 cm,1586.5384615384614,44,11,0.14489040276649495,0.032042497864776205,0.19291240627869477,15.59128784719599,3.256138602684988,21.2776557254611
RR,precipitation,45-75 cm,1648.7179487179487,44,11,0.1482667388309809,0.029031415005870666,0.19293307720125252,15.982222473056652,2.945693436278596,21.280162672400937
RR,precipitation,45-75 cm,1710.897435897436,44,11,0.14171838030663572,0.028894279907267013,0.18783122467866634,15.225210595560124,2.931576936414304,20.66298488226812
RR,precipitation,45-75 cm,1773.076923076923,44,11,0.14090003054694866,0.028353633987717317,0.1880621247969843,15.130954644587003,2.875942439987722,20.690849196566962
RR,precipitation,45-75 cm,1835.2564102564102,44,11,0.1344765774238939,0.0212790557590779,0.20505366059422325,14.393786471690406,2.150706929839563,22.759093645492335
RR,precipitation,45-75 cm,1897.4358974358975,44,11,0.10659421841740949,0.0051179127185605406,0.20186396653562871,11.248273787098118,0.5131031604747704,22.368153515015443
RR,precipitation,45-75 cm,1959.6153846153848,44,11,0.10659421841740949,0.004307669305390777,0.19806350867200476,11.248273787098118,0.4316960649368262,21.9039810962802
RR,precipitation,45-75 cm,2021.7948717948718,44,11,0.1285655465590852,0.004307669305390777,0.2698322942707984,13.719595813043295,0.4316960649368262,30.974478061029288
RR,precipitation,45-75 cm,2083.974358974359,44,11,0.08768420429127716,-0.003935852068322922,0.18842353646601132,9.164333130986456,-0.3928116754249311,20.73447616098352
RR,precipitation,45-75 cm,2146.153846153846,44,11,0.08202908318013546,-0.03378877923347649,0.1643700734595769,8.54873787954562,-3.3224313825452767,17.86504216311822
RR,precipitation,45-75 cm,2208.3333333333335,44,11,0.08202908318013546,-0.03378877923347649,0.15767661799671429,8.54873787954562,-3.3224313825452767,17.07875218687349
RR,precipitation,45-75 cm,2270.5128205128203,44,11,0.08202908318013546,-0.03553913065327584,0.15519565915125322,8.54873787954562,-3.4915030914189127,16.788644642264174
RR,precipitation,45-75 cm,2332.6923076923076,44,11,0.08202908318013546,-0.034954450768550895,0.15586068880392392,8.54873787954562,-3.4350600156138222,16.866338385504598
RR,precipitation,45-75 cm,2394.871794871795,44,11,0.06968366670083592,-0.03899857661890564,0.15586068880392392,7.21689648584094,-3.8247921914882133,16.866338385504598
RR,precipitation,45-75 cm,2457.051282051282,44,11,0.06995651644485243,-0.03730005491114834,0.15954338390861683,7.246154579951569,-3.661297703115063,17.297514936356826
RR,precipitation,45-75 cm,2519.2307692307695,44,11,0.07457368442026727,-0.03634437665234807,0.15954338390861683,7.742473001405803,-3.569184891754018,17.297514936356826
RR,precipitation,45-75 cm,2581.4102564102564,44,11,0.09310503756966104,-0.034429491871560455,0.1643868401101579,9.757701603585044,-3.384354083130947,17.867018381663115
RR,precipitation,45-75 cm,2643.5897435897436,44,11,0.09310503756966104,-0.034429491871560455,0.16439355342193848,9.757701603585044,-3.384354083130947,17.867809662362212
RR,precipitation,45-75 cm,2705.769230769231,44,11,0.0927569069291084,-0.034395150212036575,0.15746899302466777,9.719498234887647,-3.381036084541722,17.054446237571796
RR,precipitation,45-75 cm,2767.948717948718,44,11,0.0927569069291084,-0.03460137715989154,0.1581269733126233,9.719498234887647,-3.4009594641354335,17.131491100034424
RR,precipitation,45-75 cm,2830.128205128205,44,11,0.09012661355981519,-0.03460137715989154,0.15514628295985117,9.431282977704903,-3.4009594641354335,16.782878206156226
RR,precipitation,45-75 cm,2892.3076923076924,44,11,0.08914824087299744,-0.035128175278342416,0.15014986810367026,9.32427075680926,-3.4518342553851777,16.20083776713308
RR,precipitation,45-75 cm,2954.4871794871797,44,11,0.08914824087299744,-0.035128175278342416,0.15014986810367026,9.32427075680926,-3.4518342553851777,16.20083776713308
RR,precipitation,45-75 cm,3016.666666666667,44,11,0.0832137402612716,-0.04054805337271484,0.15004108885583595,8.677407109932457,-3.9736980474070815,16.188198214876024
RR,precipitation,45-75 cm,3078.846153846154,44,11,0.0832137402612716,-0.039501944184832445,0.15004108885583595,8.677407109932457,-3.873191489404948,16.188198214876024
RR,precipitation,45-75 cm,3141.025641025641,44,11,0.08315913022802718,-0.052546685101697195,0.16219404276542435,8.671472395166235,-5.11899752706757,17.608843063250458
RR,precipitation,45-75 cm,3203.2051282051284,44,11,0.09415026525543495,-0.05767390893994493,0.16482786394401722,9.872483368117146,-5.604228657437938,17.91901201036734
RR,precipitation,45-75 cm,3265.3846153846152,44,11,0.09415026525543495,-0.06591067283192055,0.18752466028275774,9.872483368117146,-6.378551005435639,20.625999576677746
RR,precipitation,45-75 cm,3327.5641025641025,44,11,0.09415026525543495,-0.06591067283192055,0.18752466028275774,9.872483368117146,-6.378551005435639,20.625999576677746
RR,precipitation,45-75 cm,3389.74358974359,44,11,0.09895233988804236,-0.06591067283192055,0.1944112353730652,10.401368088935214,-6.378551005435639,21.459566496882807
RR,precipitation,45-75 cm,3451.923076923077,44,11,0.09895233988804236,-0.06591067283192055,0.1944112353730652,10.401368088935214,-6.378551005435639,21.459566496882807
RR,precipitation,45-75 cm,3514.1025641025644,44,11,0.06177187775558032,-0.08580204480359417,0.15125124175815893,6.371965893204301,-8.222410825385762,16.328888811558627
RR,precipitation,45-75 cm,3576.2820512820513,44,11,-0.009208685845475295,-0.11489060047484104,0.15125124175815893,-0.9166415748165457,-10.853633572603883,16.328888811558627
RR,precipitation,45-75 cm,3638.4615384615386,44,11,-0.009208685845475295,-0.11489060047484104,0.15125124175815893,-0.9166415748165457,-10.853633572603883,16.328888811558627
RR,precipitation,45-75 cm,3700.641025641026,44,11,-0.008399350356987939,-0.11489060047484104,0.1564502056976463,-0.8364174367826216,-10.853633572603883,16.935253377570536
RR,precipitation,45-75 cm,3762.8205128205127,44,11,0.0036142295099456097,-0.11348488883221844,0.1564502056976463,0.36207687131080135,-10.728231368399987,16.935253377570536
RR,precipitation,45-75 cm,3825,44,11,0.0036142295099456097,-0.11348488883221844,0.1564502056976463,0.36207687131080135,-10.728231368399987,16.935253377570536
storage_rate,time_since_conversion,"[0,15)",2,136,36,0.6486087548751931,0.17422997074061325,1.069695943000261,0.6486087548751931,0.17422997074061325,1.069695943000261
storage_rate,time_since_conversion,"[0,15)",3.7435897435897436,136,36,0.6375560879104716,0.15917851732635485,1.06375203358886,0.6375560879104716,0.15917851732635485,1.06375203358886
storage_rate,time_since_conversion,"[0,15)",5.487179487179487,136,36,0.08189394478412235,-0.6150527944195988,0.47902908221825335,0.08189394478412235,-0.6150527944195988,0.47902908221825335
storage_rate,time_since_conversion,"[0,15)",7.230769230769231,136,36,0.32178898610393797,0.1071684884073497,0.4628191109609736,0.32178898610393797,0.1071684884073497,0.4628191109609736
storage_rate,time_since_conversion,"[0,15)",8.974358974358974,136,36,0.32359694223850965,0.11439368157503714,0.47195983946319986,0.32359694223850965,0.11439368157503714,0.47195983946319986
storage_rate,time_since_conversion,"[0,15)",10.717948717948719,136,36,0.349340946687495,0.1316213116416132,0.5514092070129288,0.349340946687495,0.1316213116416132,0.5514092070129288
storage_rate,time_since_conversion,"[0,15)",12.461538461538462,136,36,0.35524917744538365,0.16206665342153218,0.5316871727405884,0.35524917744538365,0.16206665342153218,0.5316871727405884
storage_rate,time_since_conversion,"[0,15)",14.205128205128204,136,36,0.3392777983099222,0.15792530952774747,0.4956243616500561,0.3392777983099222,0.15792530952774747,0.4956243616500561
storage_rate,time_since_conversion,"[0,15)",15.948717948717949,136,36,0.3392777983099222,0.16224914423595801,0.4956243616500561,0.3392777983099222,0.16224914423595801,0.4956243616500561
storage_rate,time_since_conversion,"[0,15)",17.692307692307693,136,36,0.3392777983099222,0.16224914423595801,0.4956243616500561,0.3392777983099222,0.16224914423595801,0.4956243616500561
storage_rate,time_since_conversion,"[0,15)",19.435897435897438,136,36,0.35485623201684036,0.1623630087315927,0.49949318465523346,0.35485623201684036,0.1623630087315927,0.49949318465523346
storage_rate,time_since_conversion,"[0,15)",21.17948717948718,136,36,0.3380030682310462,0.15021767849573414,0.4976034252490911,0.3380030682310462,0.15021767849573414,0.4976034252490911
storage_rate,time_since_conversion,"[0,15)",22.923076923076923,136,36,0.3380030682310462,0.15021767849573414,0.4976034252490911,0.3380030682310462,0.15021767849573414,0.4976034252490911
storage_rate,time_since_conversion,"[0,15)",24.666666666666668,136,36,0.3380030682310462,0.15021767849573414,0.4976034252490911,0.3380030682310462,0.15021767849573414,0.4976034252490911
storage_rate,time_since_conversion,"[0,15)",26.41025641025641,136,36,0.3380030682310462,0.15021767849573414,0.4976034252490911,0.3380030682310462,0.15021767849573414,0.4976034252490911
storage_rate,time_since_conversion,"[0,15)",28.153846153846153,136,36,0.3380030682310462,0.15021767849573414,0.4976034252490911,0.3380030682310462,0.15021767849573414,0.4976034252490911
storage_rate,time_since_conversion,"[0,15)",29.897435897435898,136,36,0.3380030682310462,0.15021767849573414,0.4976034252490911,0.3380030682310462,0.15021767849573414,0.4976034252490911
storage_rate,time_since_conversion,"[0,15)",31.641025641025642,136,36,0.3380030682310462,0.15021767849573414,0.4976034252490911,0.3380030682310462,0.15021767849573414,0.4976034252490911
storage_rate,time_since_conversion,"[0,15)",33.38461538461539,136,36,0.3380030682310462,0.15021767849573414,0.4976034252490911,0.3380030682310462,0.15021767849573414,0.4976034252490911
storage_rate,time_since_conversion,"[0,15)",35.12820512820513,136,36,0.3380030682310462,0.15021767849573414,0.4976034252490911,0.3380030682310462,0.15021767849573414,0.4976034252490911
storage_rate,time_since_conversion,"[0,15)",36.871794871794876,136,36,0.3380030682310462,0.15021767849573414,0.4976034252490911,0.3380030682310462,0.15021767849573414,0.4976034252490911
storage_rate,time_since_conversion,"[0,15)",38.61538461538461,136,36,0.3380030682310462,0.15021767849573414,0.4976034252490911,0.3380030682310462,0.15021767849573414,0.4976034252490911
storage_rate,time_since_conversion,"[0,15)",40.35897435897436,136,36,0.3380030682310462,0.15021767849573414,0.4976034252490911,0.3380030682310462,0.15021767849573414,0.4976034252490911
storage_rate,time_since_conversion,"[0,15)",42.1025641025641,136,36,0.3380030682310462,0.15021767849573414,0.4976034252490911,0.3380030682310462,0.15021767849573414,0.4976034252490911
storage_rate,time_since_conversion,"[0,15)",43.84615384615385,136,36,0.3380030682310462,0.15021767849573414,0.4976034252490911,0.3380030682310462,0.15021767849573414,0.4976034252490911
storage_rate,time_since_conversion,"[0,15)",45.58974358974359,136,36,0.3380030682310462,0.15021767849573414,0.4974792474107852,0.3380030682310462,0.15021767849573414,0.4974792474107852
storage_rate,time_since_conversion,"[0,15)",47.333333333333336,136,36,0.3380030682310462,0.15021767849573414,0.4974792474107852,0.3380030682310462,0.15021767849573414,0.4974792474107852
storage_rate,time_since_conversion,"[0,15)",49.07692307692308,136,36,0.3380030682310462,0.15021767849573414,0.4974792474107852,0.3380030682310462,0.15021767849573414,0.4974792474107852
storage_rate,time_since_conversion,"[0,15)",50.82051282051282,136,36,0.3380030682310462,0.15021767849573414,0.4974792474107852,0.3380030682310462,0.15021767849573414,0.4974792474107852
storage_rate,time_since_conversion,"[0,15)",52.56410256410256,136,36,0.3380030682310462,0.15021767849573414,0.4974792474107852,0.3380030682310462,0.15021767849573414,0.4974792474107852
storage_rate,time_since_conversion,"[0,15)",54.30769230769231,136,36,0.3380030682310462,0.15021767849573414,0.4974792474107852,0.3380030682310462,0.15021767849573414,0.4974792474107852
storage_rate,time_since_conversion,"[0,15)",56.05128205128205,136,36,0.3380030682310462,0.15021767849573414,0.4974792474107852,0.3380030682310462,0.15021767849573414,0.4974792474107852
storage_rate,time_since_conversion,"[0,15)",57.794871794871796,136,36,0.3380030682310462,0.15021767849573414,0.4974792474107852,0.3380030682310462,0.15021767849573414,0.4974792474107852
storage_rate,time_since_conversion,"[0,15)",59.53846153846154,136,36,0.3380030682310462,0.15021767849573414,0.4974792474107852,0.3380030682310462,0.15021767849573414,0.4974792474107852
storage_rate,time_since_conversion,"[0,15)",61.282051282051285,136,36,0.3380030682310462,0.15021767849573414,0.4974792474107852,0.3380030682310462,0.15021767849573414,0.4974792474107852
storage_rate,time_since_conversion,"[0,15)",63.02564102564103,136,36,0.3380030682310462,0.15021767849573414,0.4974792474107852,0.3380030682310462,0.15021767849573414,0.4974792474107852
storage_rate,time_since_conversion,"[0,15)",64.76923076923077,136,36,0.3380030682310462,0.15021767849573414,0.4974792474107852,0.3380030682310462,0.15021767849573414,0.4974792474107852
storage_rate,time_since_conversion,"[0,15)",66.51282051282051,136,36,0.3380030682310462,0.15021767849573414,0.4974792474107852,0.3380030682310462,0.15021767849573414,0.4974792474107852
storage_rate,time_since_conversion,"[0,15)",68.25641025641026,136,36,0.3380030682310462,0.15021767849573414,0.4974792474107852,0.3380030682310462,0.15021767849573414,0.4974792474107852
storage_rate,time_since_conversion,"[0,15)",70,136,36,0.3380030682310462,0.15021767849573414,0.4974792474107852,0.3380030682310462,0.15021767849573414,0.4974792474107852
storage_rate,time_since_conversion,"[15,30)",3,43,16,0.388837737746017,-0.05003898279784723,0.9613847960696317,0.388837737746017,-0.05003898279784723,0.9613847960696317
storage_rate,time_since_conversion,"[15,30)",4.717948717948718,43,16,0.36485754055252595,-0.11453234474174685,0.7838987721346841,0.36485754055252595,-0.11453234474174685,0.7838987721346841
storage_rate,time_since_conversion,"[15,30)",6.435897435897436,43,16,0.056683788162677766,-0.22335326473423547,0.3336141600089452,0.056683788162677766,-0.22335326473423547,0.3336141600089452
storage_rate,time_since_conversion,"[15,30)",8.153846153846153,43,16,0.07795806948182199,-0.1198394333467234,0.32682813020249796,0.07795806948182199,-0.1198394333467234,0.32682813020249796
storage_rate,time_since_conversion,"[15,30)",9.871794871794872,43,16,0.08215211713036823,-0.1198394333467234,0.3367565703610782,0.08215211713036823,-0.1198394333467234,0.3367565703610782
storage_rate,time_since_conversion,"[15,30)",11.58974358974359,43,16,0.08786072811588296,-0.08310146781096106,0.42817853335940914,0.08786072811588296,-0.08310146781096106,0.42817853335940914
storage_rate,time_since_conversion,"[15,30)",13.307692307692307,43,16,0.09932659787320813,-0.010177685863468393,0.31569015082881585,0.09932659787320813,-0.010177685863468393,0.31569015082881585
storage_rate,time_since_conversion,"[15,30)",15.025641025641026,43,16,0.09192634023032907,-0.005980761481860501,0.3107387607029184,0.09192634023032907,-0.005980761481860501,0.3107387607029184
storage_rate,time_since_conversion,"[15,30)",16.743589743589745,43,16,0.09192634023032907,-4.973084010659731e-4,0.3086904578842223,0.09192634023032907,-4.973084010659731e-4,0.3086904578842223
storage_rate,time_since_conversion,"[15,30)",18.46153846153846,43,16,0.09970601834356785,0.012653691814346136,0.3347686846978789,0.09970601834356785,0.012653691814346136,0.3347686846978789
storage_rate,time_since_conversion,"[15,30)",20.17948717948718,43,16,0.09970601834356785,0.012653691814346136,0.3347686846978789,0.09970601834356785,0.012653691814346136,0.3347686846978789
storage_rate,time_since_conversion,"[15,30)",21.897435897435898,43,16,0.0935556699716768,0.00282467136614377,0.3213275531740037,0.0935556699716768,0.00282467136614377,0.3213275531740037
storage_rate,time_since_conversion,"[15,30)",23.615384615384613,43,16,0.0935556699716768,0.00282467136614377,0.3213275531740037,0.0935556699716768,0.00282467136614377,0.3213275531740037
storage_rate,time_since_conversion,"[15,30)",25.333333333333332,43,16,0.0935556699716768,0.00282467136614377,0.3213275531740037,0.0935556699716768,0.00282467136614377,0.3213275531740037
storage_rate,time_since_conversion,"[15,30)",27.05128205128205,43,16,0.0935556699716768,0.0028870174628791295,0.3213275531740037,0.0935556699716768,0.0028870174628791295,0.3213275531740037
storage_rate,time_since_conversion,"[15,30)",28.769230769230766,43,16,0.0935556699716768,0.0028870174628791295,0.3213275531740037,0.0935556699716768,0.0028870174628791295,0.3213275531740037
storage_rate,time_since_conversion,"[15,30)",30.487179487179485,43,16,0.0935556699716768,0.0028870174628791295,0.3213275531740037,0.0935556699716768,0.0028870174628791295,0.3213275531740037
storage_rate,time_since_conversion,"[15,30)",32.205128205128204,43,16,0.0935556699716768,0.0028870174628791295,0.3213275531740037,0.0935556699716768,0.0028870174628791295,0.3213275531740037
storage_rate,time_since_conversion,"[15,30)",33.92307692307692,43,16,0.0935556699716768,0.0028870174628791295,0.3213275531740037,0.0935556699716768,0.0028870174628791295,0.3213275531740037
storage_rate,time_since_conversion,"[15,30)",35.64102564102564,43,16,0.0935556699716768,0.0028870174628791295,0.3213275531740037,0.0935556699716768,0.0028870174628791295,0.3213275531740037
storage_rate,time_since_conversion,"[15,30)",37.35897435897436,43,16,0.0935556699716768,0.0028870174628791295,0.3213275531740037,0.0935556699716768,0.0028870174628791295,0.3213275531740037
storage_rate,time_since_conversion,"[15,30)",39.07692307692307,43,16,0.0935556699716768,0.0028870174628791295,0.3213275531740037,0.0935556699716768,0.0028870174628791295,0.3213275531740037
storage_rate,time_since_conversion,"[15,30)",40.794871794871796,43,16,0.0935556699716768,0.0028870174628791295,0.3213275531740037,0.0935556699716768,0.0028870174628791295,0.3213275531740037
storage_rate,time_since_conversion,"[15,30)",42.51282051282051,43,16,0.0935556699716768,0.019613279711974983,0.3213275531740037,0.0935556699716768,0.019613279711974983,0.3213275531740037
storage_rate,time_since_conversion,"[15,30)",44.230769230769226,43,16,0.0935556699716768,0.019613279711974983,0.3213275531740037,0.0935556699716768,0.019613279711974983,0.3213275531740037
storage_rate,time_since_conversion,"[15,30)",45.94871794871795,43,16,0.0935556699716768,0.019613279711974983,0.3156581605979524,0.0935556699716768,0.019613279711974983,0.3156581605979524
storage_rate,time_since_conversion,"[15,30)",47.666666666666664,43,16,0.0935556699716768,0.019613279711974983,0.3156581605979524,0.0935556699716768,0.019613279711974983,0.3156581605979524
storage_rate,time_since_conversion,"[15,30)",49.38461538461538,43,16,0.0935556699716768,0.019613279711974983,0.3156581605979524,0.0935556699716768,0.019613279711974983,0.3156581605979524
storage_rate,time_since_conversion,"[15,30)",51.1025641025641,43,16,0.0935556699716768,0.019613279711974983,0.3156581605979524,0.0935556699716768,0.019613279711974983,0.3156581605979524
storage_rate,time_since_conversion,"[15,30)",52.82051282051282,43,16,0.0935556699716768,0.019613279711974983,0.3156581605979524,0.0935556699716768,0.019613279711974983,0.3156581605979524
storage_rate,time_since_conversion,"[15,30)",54.53846153846153,43,16,0.0935556699716768,0.019613279711974983,0.3156581605979524,0.0935556699716768,0.019613279711974983,0.3156581605979524
storage_rate,time_since_conversion,"[15,30)",56.256410256410255,43,16,0.0935556699716768,0.019613279711974983,0.3156581605979524,0.0935556699716768,0.019613279711974983,0.3156581605979524
storage_rate,time_since_conversion,"[15,30)",57.97435897435897,43,16,0.0935556699716768,0.019613279711974983,0.3156581605979524,0.0935556699716768,0.019613279711974983,0.3156581605979524
storage_rate,time_since_conversion,"[15,30)",59.692307692307686,43,16,0.0935556699716768,0.019613279711974983,0.3156581605979524,0.0935556699716768,0.019613279711974983,0.3156581605979524
storage_rate,time_since_conversion,"[15,30)",61.41025641025641,43,16,0.0935556699716768,0.019613279711974983,0.3156581605979524,0.0935556699716768,0.019613279711974983,0.3156581605979524
storage_rate,time_since_conversion,"[15,30)",63.128205128205124,43,16,0.0935556699716768,0.019613279711974983,0.3156581605979524,0.0935556699716768,0.019613279711974983,0.3156581605979524
storage_rate,time_since_conversion,"[15,30)",64.84615384615384,43,16,0.0935556699716768,0.019613279711974983,0.3156581605979524,0.0935556699716768,0.019613279711974983,0.3156581605979524
storage_rate,time_since_conversion,"[15,30)",66.56410256410257,43,16,0.0935556699716768,0.019613279711974983,0.3156581605979524,0.0935556699716768,0.019613279711974983,0.3156581605979524
storage_rate,time_since_conversion,"[15,30)",68.28205128205128,43,16,0.0935556699716768,0.019613279711974983,0.3156581605979524,0.0935556699716768,0.019613279711974983,0.3156581605979524
storage_rate,time_since_conversion,"[15,30)",70,43,16,0.0935556699716768,0.019613279711974983,0.3156581605979524,0.0935556699716768,0.019613279711974983,0.3156581605979524
storage_rate,time_since_conversion,"[30,45)",3,35,9,0.7297217569180897,0.3201388431653113,1.0884822747749943,0.7297217569180897,0.3201388431653113,1.0884822747749943
storage_rate,time_since_conversion,"[30,45)",3.41025641025641,35,9,0.7297217569180897,0.4122439004208094,1.1198524531296323,0.7297217569180897,0.4122439004208094,1.1198524531296323
storage_rate,time_since_conversion,"[30,45)",3.8205128205128203,35,9,0.709735175541469,0.25904353193872204,0.9540945346227715,0.709735175541469,0.25904353193872204,0.9540945346227715
storage_rate,time_since_conversion,"[30,45)",4.230769230769231,35,9,0.709735175541469,0.25904353193872204,0.948516979294696,0.709735175541469,0.25904353193872204,0.948516979294696
storage_rate,time_since_conversion,"[30,45)",4.6410256410256405,35,9,0.7228837362357547,0.1663745199609548,0.948516979294696,0.7228837362357547,0.1663745199609548,0.948516979294696
storage_rate,time_since_conversion,"[30,45)",5.051282051282051,35,9,0.4264285223824637,-0.26759489455659474,0.7279211233662708,0.4264285223824637,-0.26759489455659474,0.7279211233662708
storage_rate,time_since_conversion,"[30,45)",5.461538461538462,35,9,0.24993736445903778,-0.4035128734713155,0.6551660842342036,0.24993736445903778,-0.4035128734713155,0.6551660842342036
storage_rate,time_since_conversion,"[30,45)",5.871794871794872,35,9,0.15505274534225463,-0.3423275888365294,0.6238511708378792,0.15505274534225463,-0.3423275888365294,0.6238511708378792
storage_rate,time_since_conversion,"[30,45)",6.282051282051282,35,9,0.3678997435740062,-0.06065247209476572,0.6760035163110921,0.3678997435740062,-0.06065247209476572,0.6760035163110921
storage_rate,time_since_conversion,"[30,45)",6.692307692307692,35,9,0.39805779457092283,0.073221853338182,0.6895294700775827,0.39805779457092283,0.073221853338182,0.6895294700775827
storage_rate,time_since_conversion,"[30,45)",7.102564102564102,35,9,0.39805779457092283,0.073221853338182,0.6895294700775827,0.39805779457092283,0.073221853338182,0.6895294700775827
storage_rate,time_since_conversion,"[30,45)",7.512820512820513,35,9,0.39805779457092283,0.073221853338182,0.6895294700775827,0.39805779457092283,0.073221853338182,0.6895294700775827
storage_rate,time_since_conversion,"[30,45)",7.923076923076923,35,9,0.39805779457092283,0.073221853338182,0.6895647320577076,0.39805779457092283,0.073221853338182,0.6895647320577076
storage_rate,time_since_conversion,"[30,45)",8.333333333333332,35,9,0.39805779457092283,0.07210972667804791,0.6920611367906844,0.39805779457092283,0.07210972667804791,0.6920611367906844
storage_rate,time_since_conversion,"[30,45)",8.7435897435897445,35,9,0.39805779457092283,0.07210972667804791,0.6920611367906844,0.39805779457092283,0.07210972667804791,0.6920611367906844
storage_rate,time_since_conversion,"[30,45)",9.153846153846153,35,9,0.39805779457092283,0.07210972667804791,0.710487675602947,0.39805779457092283,0.07210972667804791,0.710487675602947
storage_rate,time_since_conversion,"[30,45)",9.564102564102564,35,9,0.45921953235353746,0.07210972667804791,0.710487675602947,0.45921953235353746,0.07210972667804791,0.710487675602947
storage_rate,time_since_conversion,"[30,45)",9.974358974358974,35,9,0.45921953235353746,0.03638022497296333,0.710487675602947,0.45921953235353746,0.03638022497296333,0.710487675602947
storage_rate,time_since_conversion,"[30,45)",10.384615384615383,35,9,0.45921953235353746,0.03638022497296333,0.710487675602947,0.45921953235353746,0.03638022497296333,0.710487675602947
storage_rate,time_since_conversion,"[30,45)",10.794871794871796,35,9,0.45980398654937743,0.08398848727877654,0.7191551587464554,0.45980398654937743,0.08398848727877654,0.7191551587464554
storage_rate,time_since_conversion,"[30,45)",11.205128205128204,35,9,0.45980398654937743,0.09300979318895511,0.7264343712957841,0.45980398654937743,0.09300979318895511,0.7264343712957841
storage_rate,time_since_conversion,"[30,45)",11.615384615384615,35,9,0.45980398654937743,0.07314013410891808,0.7024959446010847,0.45980398654937743,0.07314013410891808,0.7024959446010847
storage_rate,time_since_conversion,"[30,45)",12.025641025641026,35,9,0.45980398654937743,0.06606200369341035,0.7024959446010847,0.45980398654937743,0.06606200369341035,0.7024959446010847
storage_rate,time_since_conversion,"[30,45)",12.435897435897436,35,9,0.45980398654937743,0.10356819476932286,0.7052137613935131,0.45980398654937743,0.10356819476932286,0.7052137613935131
storage_rate,time_since_conversion,"[30,45)",12.846153846153847,35,9,0.4452954360416957,0.10136015815926448,0.7020197893892016,0.4452954360416957,0.10136015815926448,0.7020197893892016
storage_rate,time_since_conversion,"[30,45)",13.256410256410255,35,9,0.4452954360416957,0.10136015815926448,0.7020197893892016,0.4452954360416957,0.10136015815926448,0.7020197893892016
storage_rate,time_since_conversion,"[30,45)",13.666666666666666,35,9,0.4452954360416957,0.10136015815926448,0.7020197893892016,0.4452954360416957,0.10136015815926448,0.7020197893892016
storage_rate,time_since_conversion,"[30,45)",14.076923076923077,35,9,0.4452954360416957,0.10225985206131424,0.7020197893892016,0.4452954360416957,0.10225985206131424,0.7020197893892016
storage_rate,time_since_conversion,"[30,45)",14.487179487179487,35,9,0.43802203706332615,0.10225985206131424,0.6868893904132504,0.43802203706332615,0.10225985206131424,0.6868893904132504
storage_rate,time_since_conversion,"[30,45)",14.897435897435898,35,9,0.43802203706332615,0.10225985206131424,0.6868893904132504,0.43802203706332615,0.10225985206131424,0.6868893904132504
storage_rate,time_since_conversion,"[30,45)",15.307692307692307,35,9,0.43802203706332615,0.10225985206131424,0.6868893904132504,0.43802203706332615,0.10225985206131424,0.6868893904132504
storage_rate,time_since_conversion,"[30,45)",15.717948717948717,35,9,0.43802203706332615,0.10612938324787788,0.6868893904132504,0.43802203706332615,0.10612938324787788,0.6868893904132504
storage_rate,time_since_conversion,"[30,45)",16.128205128205128,35,9,0.43802203706332615,0.10612938324787788,0.6868893904132504,0.43802203706332615,0.10612938324787788,0.6868893904132504
storage_rate,time_since_conversion,"[30,45)",16.53846153846154,35,9,0.43802203706332615,0.10612938324787788,0.6868893904132504,0.43802203706332615,0.10612938324787788,0.6868893904132504
storage_rate,time_since_conversion,"[30,45)",16.94871794871795,35,9,0.43802203706332615,0.10612938324787788,0.6868893904132504,0.43802203706332615,0.10612938324787788,0.6868893904132504
storage_rate,time_since_conversion,"[30,45)",17.358974358974358,35,9,0.43802203706332615,0.10612938324787788,0.6868893904132504,0.43802203706332615,0.10612938324787788,0.6868893904132504
storage_rate,time_since_conversion,"[30,45)",17.769230769230766,35,9,0.43802203706332615,0.10612938324787788,0.7062096260700909,0.43802203706332615,0.10612938324787788,0.7062096260700909
storage_rate,time_since_conversion,"[30,45)",18.17948717948718,35,9,0.46350975015333723,0.11413878404136214,0.7139985103373017,0.46350975015333723,0.11413878404136214,0.7139985103373017
storage_rate,time_since_conversion,"[30,45)",18.58974358974359,35,9,0.46350975015333723,0.11413878404136214,0.7139985103373017,0.46350975015333723,0.11413878404136214,0.7139985103373017
storage_rate,time_since_conversion,"[30,45)",19,35,9,0.46350975015333723,0.11413878404136214,0.7139985103373017,0.46350975015333723,0.11413878404136214,0.7139985103373017
storage_rate,time_since_conversion,"[45,55)",3,33,7,0.631186415751775,0.24578437027098107,0.8831959626383403,0.631186415751775,0.24578437027098107,0.8831959626383403
storage_rate,time_since_conversion,"[45,55)",3.3076923076923075,33,7,0.631186415751775,0.36454943377298843,0.895747149893732,0.631186415751775,0.36454943377298843,0.895747149893732
storage_rate,time_since_conversion,"[45,55)",3.6153846153846154,33,7,0.633467651677854,0.30660093937097394,0.895747149893732,0.633467651677854,0.30660093937097394,0.895747149893732
storage_rate,time_since_conversion,"[45,55)",3.9230769230769234,33,7,0.6164655667362791,0.1896186183742953,0.8096854357218204,0.6164655667362791,0.1896186183742953,0.8096854357218204
storage_rate,time_since_conversion,"[45,55)",4.230769230769231,33,7,0.6164655667362791,0.1896186183742953,0.8067395314574243,0.6164655667362791,0.1896186183742953,0.8067395314574243
storage_rate,time_since_conversion,"[45,55)",4.538461538461538,33,7,0.6066860886234225,0.14510681470573844,0.7757777987810023,0.6066860886234225,0.14510681470573844,0.7757777987810023
storage_rate,time_since_conversion,"[45,55)",4.846153846153847,33,7,0.3108867036573816,-0.2795907930499225,0.7070351276687826,0.3108867036573816,-0.2795907930499225,0.7070351276687826
storage_rate,time_since_conversion,"[45,55)",5.153846153846154,33,7,0.3108867036573816,-0.2799277966715057,0.683186110154246,0.3108867036573816,-0.2799277966715057,0.683186110154246
storage_rate,time_since_conversion,"[45,55)",5.461538461538462,33,7,0.15873623865120334,-0.431305941234512,0.5599756361408668,0.15873623865120334,-0.431305941234512,0.5599756361408668
storage_rate,time_since_conversion,"[45,55)",5.769230769230769,33,7,0.08258383241340965,-0.3657639518267277,0.5527720896922277,0.08258383241340965,-0.3657639518267277,0.5527720896922277
storage_rate,time_since_conversion,"[45,55)",6.076923076923077,33,7,0.08586104931027604,-0.32928204340860245,0.5595965338475777,0.08586104931027604,-0.32928204340860245,0.5595965338475777
storage_rate,time_since_conversion,"[45,55)",6.384615384615385,33,7,0.2859269536354324,-0.12470453130786849,0.618012318915377,0.2859269536354324,-0.12470453130786849,0.618012318915377
storage_rate,time_since_conversion,"[45,55)",6.6923076923076925,33,7,0.3093832099076474,-0.055869923131258124,0.618012318915377,0.3093832099076474,-0.055869923131258124,0.618012318915377
storage_rate,time_since_conversion,"[45,55)",7,33,7,0.3093832099076474,-0.055869923131258124,0.6131574217596966,0.3093832099076474,-0.055869923131258124,0.6131574217596966
storage_rate,time_since_conversion,"[45,55)",7.307692307692308,33,7,0.3093832099076474,-0.055869923131258124,0.6131574217596966,0.3093832099076474,-0.055869923131258124,0.6131574217596966
storage_rate,time_since_conversion,"[45,55)",7.615384615384616,33,7,0.3093832099076474,-0.055869923131258124,0.6141602200907514,0.3093832099076474,-0.055869923131258124,0.6141602200907514
storage_rate,time_since_conversion,"[45,55)",7.923076923076923,33,7,0.3093832099076474,-0.055869923131258124,0.6141602200907514,0.3093832099076474,-0.055869923131258124,0.6141602200907514
storage_rate,time_since_conversion,"[45,55)",8.23076923076923,33,7,0.3093832099076474,-0.04026525027937063,0.6141602200907514,0.3093832099076474,-0.04026525027937063,0.6141602200907514
storage_rate,time_since_conversion,"[45,55)",8.538461538461538,33,7,0.3093832099076474,-0.04026525027937063,0.6141602200907514,0.3093832099076474,-0.04026525027937063,0.6141602200907514
storage_rate,time_since_conversion,"[45,55)",8.846153846153847,33,7,0.3093832099076474,-0.03972737864224303,0.61799736851261855,0.3093832099076474,-0.03972737864224303,0.61799736851261855
storage_rate,time_since_conversion,"[45,55)",9.153846153846153,33,7,0.3093832099076474,-0.03972737864224303,0.618296524902072,0.3093832099076474,-0.03972737864224303,0.618296524902072
storage_rate,time_since_conversion,"[45,55)",9.461538461538462,33,7,0.3093832099076474,-0.03972737864224303,0.618296524902072,0.3093832099076474,-0.03972737864224303,0.618296524902072
storage_rate,time_since_conversion,"[45,55)",9.76923076923077,33,7,0.388666958181244,-0.03972737864224303,0.6251129232601009,0.388666958181244,-0.03972737864224303,0.6251129232601009
storage_rate,time_since_conversion,"[45,55)",10.076923076923077,33,7,0.388666958181244,-0.03972737864224303,0.6251129232601009,0.388666958181244,-0.03972737864224303,0.6251129232601009
storage_rate,time_since_conversion,"[45,55)",10.384615384615385,33,7,0.388666958181244,-0.03972737864224303,0.6251129232601009,0.388666958181244,-0.03972737864224303,0.6251129232601009
storage_rate,time_since_conversion,"[45,55)",10.692307692307693,33,7,0.39362595106164616,-4.034609900731951e-5,0.633742077118068,0.39362595106164616,-4.034609900731951e-5,0.633742077118068
storage_rate,time_since_conversion,"[45,55)",11,33,7,0.39362595106164616,0.020219890217324933,0.646867832767241,0.39362595106164616,0.020219890217324933,0.646867832767241
storage_rate,time_since_conversion,"[45,55)",11.307692307692308,33,7,0.39362595106164616,0.02847781813223706,0.6486355983623953,0.39362595106164616,0.02847781813223706,0.6486355983623953
storage_rate,time_since_conversion,"[45,55)",11.615384615384617,33,7,0.39362595106164616,0.02732903309956648,0.6486355983623953,0.39362595106164616,0.02732903309956648,0.6486355983623953
storage_rate,time_since_conversion,"[45,55)",11.923076923076923,33,7,0.39362595106164616,0.027264869801530818,0.6486355983623953,0.39362595106164616,0.027264869801530818,0.6486355983623953
storage_rate,time_since_conversion,"[45,55)",12.230769230769232,33,7,0.39362595106164616,0.028123626283680415,0.6486355983623953,0.39362595106164616,0.028123626283680415,0.6486355983623953
storage_rate,time_since_conversion,"[45,55)",12.538461538461538,33,7,0.39773279236573156,0.07771225914528426,0.6693723124649489,0.39773279236573156,0.07771225914528426,0.6693723124649489
storage_rate,time_since_conversion,"[45,55)",12.846153846153847,33,7,0.3857293019466329,0.034116973617876106,0.6630946815013886,0.3857293019466329,0.034116973617876106,0.6630946815013886
storage_rate,time_since_conversion,"[45,55)",13.153846153846155,33,7,0.3857293019466329,0.034116973617876106,0.6630946815013886,0.3857293019466329,0.034116973617876106,0.6630946815013886
storage_rate,time_since_conversion,"[45,55)",13.461538461538462,33,7,0.3857293019466329,0.034116973617876106,0.6630946815013886,0.3857293019466329,0.034116973617876106,0.6630946815013886
storage_rate,time_since_conversion,"[45,55)",13.76923076923077,33,7,0.3857293019466329,0.034116973617876106,0.6630946815013886,0.3857293019466329,0.034116973617876106,0.6630946815013886
storage_rate,time_since_conversion,"[45,55)",14.076923076923077,33,7,0.3857293019466329,0.047270287708802684,0.6630946815013886,0.3857293019466329,0.047270287708802684,0.6630946815013886
storage_rate,time_since_conversion,"[45,55)",14.384615384615385,33,7,0.37994365879532066,0.04397057735107165,0.6463975942721872,0.37994365879532066,0.04397057735107165,0.6463975942721872
storage_rate,time_since_conversion,"[45,55)",14.692307692307693,33,7,0.37994365879532066,0.04397057735107165,0.6463975942721872,0.37994365879532066,0.04397057735107165,0.6463975942721872
storage_rate,time_since_conversion,"[45,55)",15,33,7,0.37994365879532066,0.04397057735107165,0.6463975942721872,0.37994365879532066,0.04397057735107165,0.6463975942721872
storage_rate,time_since_conversion,"[55,75]",3,2,2,0.8439186811447144,-0.15003472496755418,1.19031295478344,0.8439186811447144,-0.15003472496755418,1.19031295478344
storage_rate,time_since_conversion,"[55,75]",3.1666666666666665,2,2,0.8439186811447144,-0.15003472496755418,1.19031295478344,0.8439186811447144,-0.15003472496755418,1.19031295478344
storage_rate,time_since_conversion,"[55,75]",3.3333333333333335,2,2,0.8439186811447144,-0.07359981583431362,1.2096854619681834,0.8439186811447144,-0.07359981583431362,1.2096854619681834
storage_rate,time_since_conversion,"[55,75]",3.5,2,2,0.8439186811447144,-0.07359981583431362,1.2096854619681834,0.8439186811447144,-0.07359981583431362,1.2096854619681834
storage_rate,time_since_conversion,"[55,75]",3.6666666666666665,2,2,0.8439186811447144,-0.07359981583431362,1.2096854619681834,0.8439186811447144,-0.07359981583431362,1.2096854619681834
storage_rate,time_since_conversion,"[55,75]",3.833333333333333,2,2,0.8172011375427246,-0.07359981583431362,1.0916757628321647,0.8172011375427246,-0.07359981583431362,1.0916757628321647
storage_rate,time_since_conversion,"[55,75]",4,2,2,0.8172011375427246,-0.07359981583431362,1.0916757628321647,0.8172011375427246,-0.07359981583431362,1.0916757628321647
storage_rate,time_since_conversion,"[55,75]",4.166666666666666,2,2,0.8172011375427246,-0.07359981583431362,1.0916757628321647,0.8172011375427246,-0.07359981583431362,1.0916757628321647
storage_rate,time_since_conversion,"[55,75]",4.333333333333333,2,2,0.8172011375427246,-0.07359981583431362,1.0916757628321647,0.8172011375427246,-0.07359981583431362,1.0916757628321647
storage_rate,time_since_conversion,"[55,75]",4.5,2,2,0.8172011375427246,-0.07359981583431362,1.0916757628321647,0.8172011375427246,-0.07359981583431362,1.0916757628321647
storage_rate,time_since_conversion,"[55,75]",4.666666666666666,2,2,0.8172011375427246,-0.07359981583431362,1.0916757628321647,0.8172011375427246,-0.07359981583431362,1.0916757628321647
storage_rate,time_since_conversion,"[55,75]",4.833333333333333,2,2,0.4638487845659256,-0.3390679920092225,0.9696687243878842,0.4638487845659256,-0.3390679920092225,0.9696687243878842
storage_rate,time_since_conversion,"[55,75]",5,2,2,0.4638487845659256,-0.3390679920092225,0.9696687243878842,0.4638487845659256,-0.3390679920092225,0.9696687243878842
storage_rate,time_since_conversion,"[55,75]",5.166666666666666,2,2,0.4638487845659256,-0.3390679920092225,0.9696687243878842,0.4638487845659256,-0.3390679920092225,0.9696687243878842
storage_rate,time_since_conversion,"[55,75]",5.333333333333333,2,2,0.367169052362442,-0.3984192619100213,0.924933034181595,0.367169052362442,-0.3984192619100213,0.924933034181595
storage_rate,time_since_conversion,"[55,75]",5.5,2,2,0.2925354316830635,-0.3984192619100213,0.9217966720461845,0.2925354316830635,-0.3984192619100213,0.9217966720461845
storage_rate,time_since_conversion,"[55,75]",5.666666666666666,2,2,0.2925354316830635,-0.3984192619100213,0.9217966720461845,0.2925354316830635,-0.3984192619100213,0.9217966720461845
storage_rate,time_since_conversion,"[55,75]",5.833333333333333,2,2,0.2925354316830635,-0.38730248936335554,0.9104077212512494,0.2925354316830635,-0.38730248936335554,0.9104077212512494
storage_rate,time_since_conversion,"[55,75]",6,2,2,0.2925354316830635,-0.3595250672486145,0.9104077212512494,0.2925354316830635,-0.3595250672486145,0.9104077212512494
storage_rate,time_since_conversion,"[55,75]",6.166666666666666,2,2,0.2925354316830635,-0.3595250672486145,0.9104077212512494,0.2925354316830635,-0.3595250672486145,0.9104077212512494
storage_rate,time_since_conversion,"[55,75]",6.333333333333333,2,2,0.44546766579151154,-0.24700809307396412,0.9585303470492365,0.44546766579151154,-0.24700809307396412,0.9585303470492365
storage_rate,time_since_conversion,"[55,75]",6.5,2,2,0.48065219819545746,-0.19599416460841892,0.9715598776936532,0.48065219819545746,-0.19599416460841892,0.9715598776936532
storage_rate,time_since_conversion,"[55,75]",6.666666666666666,2,2,0.48065219819545746,-0.19599416460841892,0.9715598776936532,0.48065219819545746,-0.19599416460841892,0.9715598776936532
storage_rate,time_since_conversion,"[55,75]",6.833333333333333,2,2,0.48065219819545746,-0.19599416460841892,0.9715598776936532,0.48065219819545746,-0.19599416460841892,0.9715598776936532
storage_rate,time_since_conversion,"[55,75]",7,2,2,0.48065219819545746,-0.19599416460841892,0.9715598776936532,0.48065219819545746,-0.19599416460841892,0.9715598776936532
storage_rate,time_since_conversion,"[55,75]",7.166666666666666,2,2,0.48065219819545746,-0.19599416460841892,0.9715598776936532,0.48065219819545746,-0.19599416460841892,0.9715598776936532
storage_rate,time_since_conversion,"[55,75]",7.333333333333333,2,2,0.48065219819545746,-0.19599416460841892,0.9715598776936532,0.48065219819545746,-0.19599416460841892,0.9715598776936532
storage_rate,time_since_conversion,"[55,75]",7.5,2,2,0.48065219819545746,-0.19599416460841892,0.9802721701562405,0.48065219819545746,-0.19599416460841892,0.9802721701562405
storage_rate,time_since_conversion,"[55,75]",7.666666666666666,2,2,0.48065219819545746,-0.19599416460841892,0.9802721701562405,0.48065219819545746,-0.19599416460841892,0.9802721701562405
storage_rate,time_since_conversion,"[55,75]",7.833333333333333,2,2,0.48065219819545746,-0.19599416460841892,0.9802721701562405,0.48065219819545746,-0.19599416460841892,0.9802721701562405
storage_rate,time_since_conversion,"[55,75]",8,2,2,0.48065219819545746,-0.19599416460841892,0.9802721701562405,0.48065219819545746,-0.19599416460841892,0.9802721701562405
storage_rate,time_since_conversion,"[55,75]",8.166666666666666,2,2,0.48065219819545746,-0.19599416460841892,0.9802721701562405,0.48065219819545746,-0.19599416460841892,0.9802721701562405
storage_rate,time_since_conversion,"[55,75]",8.333333333333332,2,2,0.48065219819545746,-0.19599416460841892,0.9802721701562405,0.48065219819545746,-0.19599416460841892,0.9802721701562405
storage_rate,time_since_conversion,"[55,75]",8.5,2,2,0.48065219819545746,-0.19599416460841892,0.9802721701562405,0.48065219819545746,-0.19599416460841892,0.9802721701562405
storage_rate,time_since_conversion,"[55,75]",8.666666666666666,2,2,0.48065219819545746,-0.19599416460841892,0.9802721701562405,0.48065219819545746,-0.19599416460841892,0.9802721701562405
storage_rate,time_since_conversion,"[55,75]",8.833333333333332,2,2,0.48065219819545746,-0.19599416460841892,0.9802721701562405,0.48065219819545746,-0.19599416460841892,0.9802721701562405
storage_rate,time_since_conversion,"[55,75]",9,2,2,0.48065219819545746,-0.24852887764573098,0.9802721701562405,0.48065219819545746,-0.24852887764573098,0.9802721701562405
storage_rate,time_since_conversion,"[55,75]",9.166666666666666,2,2,0.48065219819545746,-0.24852887764573098,0.9802721701562405,0.48065219819545746,-0.24852887764573098,0.9802721701562405
storage_rate,time_since_conversion,"[55,75]",9.333333333333332,2,2,0.48065219819545746,-0.24852887764573098,0.9802721701562405,0.48065219819545746,-0.24852887764573098,0.9802721701562405
storage_rate,time_since_conversion,"[55,75]",9.5,2,2,0.48065219819545746,-0.24852887764573098,0.9802721701562405,0.48065219819545746,-0.24852887764573098,0.9802721701562405
storage_rate,time_since_conversion,0-30 cm,2,179,40,0.5862056613748883,0.12681001140723033,0.9937181198058979,0.5862056613748883,0.12681001140723033,0.9937181198058979
storage_rate,time_since_conversion,0-30 cm,3.7435897435897436,179,40,0.5783362127840519,0.10208859676452929,1.0069285494921856,0.5783362127840519,0.10208859676452929,1.0069285494921856
storage_rate,time_since_conversion,0-30 cm,5.487179487179487,179,40,0.02853795198734083,-0.6437136735652662,0.42542787252524755,0.02853795198734083,-0.6437136735652662,0.42542787252524755
storage_rate,time_since_conversion,0-30 cm,7.230769230769231,179,40,0.2632150787589603,0.07447698971356777,0.4056943822029053,0.2632150787589603,0.07447698971356777,0.4056943822029053
storage_rate,time_since_conversion,0-30 cm,8.974358974358974,179,40,0.26458872140869083,0.06244656702204584,0.42361131657965945,0.26458872140869083,0.06244656702204584,0.42361131657965945
storage_rate,time_since_conversion,0-30 cm,10.717948717948719,179,40,0.2865272628965491,0.07534758151253965,0.4966734852901971,0.2865272628965491,0.07534758151253965,0.4966734852901971
storage_rate,time_since_conversion,0-30 cm,12.461538461538462,179,40,0.2962596505859544,0.13452921138153484,0.47784857821531135,0.2962596505859544,0.13452921138153484,0.47784857821531135
storage_rate,time_since_conversion,0-30 cm,14.205128205128204,179,40,0.27985817430197524,0.12076553848699553,0.43945319434229874,0.27985817430197524,0.12076553848699553,0.43945319434229874
storage_rate,time_since_conversion,0-30 cm,15.948717948717949,179,40,0.27985817430197524,0.13444381144275636,0.43945319434229874,0.27985817430197524,0.13444381144275636,0.43945319434229874
storage_rate,time_since_conversion,0-30 cm,17.692307692307693,179,40,0.27985817430197524,0.14669475814616356,0.43945319434229874,0.27985817430197524,0.14669475814616356,0.43945319434229874
storage_rate,time_since_conversion,0-30 cm,19.435897435897438,179,40,0.2935631639277302,0.14669475814616356,0.440411967359218,0.2935631639277302,0.14669475814616356,0.440411967359218
storage_rate,time_since_conversion,0-30 cm,21.17948717948718,179,40,0.27928106753186804,0.1465767570265618,0.43812471246047663,0.27928106753186804,0.1465767570265618,0.43812471246047663
storage_rate,time_since_conversion,0-30 cm,22.923076923076923,179,40,0.27928106753186804,0.1465767570265618,0.43812471246047663,0.27928106753186804,0.1465767570265618,0.43812471246047663
storage_rate,time_since_conversion,0-30 cm,24.666666666666668,179,40,0.27928106753186804,0.1465767570265618,0.43812471246047663,0.27928106753186804,0.1465767570265618,0.43812471246047663
storage_rate,time_since_conversion,0-30 cm,26.41025641025641,179,40,0.27928106753186804,0.1465767570265618,0.43625122422310797,0.27928106753186804,0.1465767570265618,0.43625122422310797
storage_rate,time_since_conversion,0-30 cm,28.153846153846153,179,40,0.27928106753186804,0.1465767570265618,0.43625122422310797,0.27928106753186804,0.1465767570265618,0.43625122422310797
storage_rate,time_since_conversion,0-30 cm,29.897435897435898,179,40,0.27928106753186804,0.1465767570265618,0.43625122422310797,0.27928106753186804,0.1465767570265618,0.43625122422310797
storage_rate,time_since_conversion,0-30 cm,31.641025641025642,179,40,0.27928106753186804,0.1465767570265618,0.43625122422310797,0.27928106753186804,0.1465767570265618,0.43625122422310797
storage_rate,time_since_conversion,0-30 cm,33.38461538461539,179,40,0.27928106753186804,0.1465767570265618,0.43625122422310797,0.27928106753186804,0.1465767570265618,0.43625122422310797
storage_rate,time_since_conversion,0-30 cm,35.12820512820513,179,40,0.27928106753186804,0.1465767570265618,0.43625122422310797,0.27928106753186804,0.1465767570265618,0.43625122422310797
storage_rate,time_since_conversion,0-30 cm,36.871794871794876,179,40,0.27928106753186804,0.1465767570265618,0.43625122422310797,0.27928106753186804,0.1465767570265618,0.43625122422310797
storage_rate,time_since_conversion,0-30 cm,38.61538461538461,179,40,0.27928106753186804,0.1465767570265618,0.43625122422310797,0.27928106753186804,0.1465767570265618,0.43625122422310797
storage_rate,time_since_conversion,0-30 cm,40.35897435897436,179,40,0.27928106753186804,0.1465767570265618,0.43625122422310797,0.27928106753186804,0.1465767570265618,0.43625122422310797
storage_rate,time_since_conversion,0-30 cm,42.1025641025641,179,40,0.27928106753186804,0.14978965207191017,0.43625122422310797,0.27928106753186804,0.14978965207191017,0.43625122422310797
storage_rate,time_since_conversion,0-30 cm,43.84615384615385,179,40,0.27928106753186804,0.14978965207191017,0.43625122422310797,0.27928106753186804,0.14978965207191017,0.43625122422310797
storage_rate,time_since_conversion,0-30 cm,45.58974358974359,179,40,0.27928106753186804,0.14978965207191017,0.43625122422310797,0.27928106753186804,0.14978965207191017,0.43625122422310797
storage_rate,time_since_conversion,0-30 cm,47.333333333333336,179,40,0.27928106753186804,0.14978965207191017,0.43625122422310797,0.27928106753186804,0.14978965207191017,0.43625122422310797
storage_rate,time_since_conversion,0-30 cm,49.07692307692308,179,40,0.27928106753186804,0.14978965207191017,0.43625122422310797,0.27928106753186804,0.14978965207191017,0.43625122422310797
storage_rate,time_since_conversion,0-30 cm,50.82051282051282,179,40,0.27928106753186804,0.14978965207191017,0.43625122422310797,0.27928106753186804,0.14978965207191017,0.43625122422310797
storage_rate,time_since_conversion,0-30 cm,52.56410256410256,179,40,0.27928106753186804,0.14978965207191017,0.43625122422310797,0.27928106753186804,0.14978965207191017,0.43625122422310797
storage_rate,time_since_conversion,0-30 cm,54.30769230769231,179,40,0.27928106753186804,0.15199931213341517,0.43625122422310797,0.27928106753186804,0.15199931213341517,0.43625122422310797
storage_rate,time_since_conversion,0-30 cm,56.05128205128205,179,40,0.27928106753186804,0.15199931213341517,0.43625122422310797,0.27928106753186804,0.15199931213341517,0.43625122422310797
storage_rate,time_since_conversion,0-30 cm,57.794871794871796,179,40,0.27928106753186804,0.15199931213341517,0.43625122422310797,0.27928106753186804,0.15199931213341517,0.43625122422310797
storage_rate,time_since_conversion,0-30 cm,59.53846153846154,179,40,0.27928106753186804,0.15199931213341517,0.43625122422310797,0.27928106753186804,0.15199931213341517,0.43625122422310797
storage_rate,time_since_conversion,0-30 cm,61.282051282051285,179,40,0.27928106753186804,0.15199931213341517,0.43625122422310797,0.27928106753186804,0.15199931213341517,0.43625122422310797
storage_rate,time_since_conversion,0-30 cm,63.02564102564103,179,40,0.27928106753186804,0.15199931213341517,0.43625122422310797,0.27928106753186804,0.15199931213341517,0.43625122422310797
storage_rate,time_since_conversion,0-30 cm,64.76923076923077,179,40,0.27928106753186804,0.15199931213341517,0.43625122422310797,0.27928106753186804,0.15199931213341517,0.43625122422310797
storage_rate,time_since_conversion,0-30 cm,66.51282051282051,179,40,0.27928106753186804,0.15199931213341517,0.43625122422310797,0.27928106753186804,0.15199931213341517,0.43625122422310797
storage_rate,time_since_conversion,0-30 cm,68.25641025641026,179,40,0.27928106753186804,0.15199931213341517,0.43625122422310797,0.27928106753186804,0.15199931213341517,0.43625122422310797
storage_rate,time_since_conversion,0-30 cm,70,179,40,0.27928106753186804,0.15199931213341517,0.43625122422310797,0.27928106753186804,0.15199931213341517,0.43625122422310797
storage_rate,time_since_conversion,45-75 cm,3,35,8,0.6433425452028001,0.2668569168661322,0.8849681005520481,0.6433425452028001,0.2668569168661322,0.8849681005520481
storage_rate,time_since_conversion,45-75 cm,3.3076923076923075,35,8,0.6433425452028001,0.33685507149568633,0.9008191970895446,0.6433425452028001,0.33685507149568633,0.9008191970895446
storage_rate,time_since_conversion,45-75 cm,3.6153846153846154,35,8,0.6454934247902462,0.3221791062889886,0.9008191970895446,0.6454934247902462,0.3221791062889886,0.9008191970895446
storage_rate,time_since_conversion,45-75 cm,3.9230769230769234,35,8,0.6279361707823617,0.2044705797252911,0.820826883699213,0.6279361707823617,0.2044705797252911,0.820826883699213
storage_rate,time_since_conversion,45-75 cm,4.230769230769231,35,8,0.6279361707823617,0.2044705797252911,0.820826883699213,0.6279361707823617,0.2044705797252911,0.820826883699213
storage_rate,time_since_conversion,45-75 cm,4.538461538461538,35,8,0.6187155199902399,0.16400962714105846,0.7928613480672774,0.6187155199902399,0.16400962714105846,0.7928613480672774
storage_rate,time_since_conversion,45-75 cm,4.846153846153847,35,8,0.31962739399501255,-0.264030043871275,0.7190912521045122,0.31962739399501255,-0.264030043871275,0.7190912521045122
storage_rate,time_since_conversion,45-75 cm,5.153846153846154,35,8,0.31962739399501255,-0.26736859887705317,0.6881671568405417,0.31962739399501255,-0.26736859887705317,0.6881671568405417
storage_rate,time_since_conversion,45-75 cm,5.461538461538462,35,8,0.17064668514898845,-0.4306060968718624,0.5948552001174539,0.17064668514898845,-0.4306060968718624,0.5948552001174539
storage_rate,time_since_conversion,45-75 cm,5.769230769230769,35,8,0.0945810666573899,-0.3522718052991799,0.5729919947790247,0.0945810666573899,-0.3522718052991799,0.5729919947790247
storage_rate,time_since_conversion,45-75 cm,6.076923076923077,35,8,0.09767101401729246,-0.31065585043547406,0.5761733837106399,0.09767101401729246,-0.31065585043547406,0.5761733837106399
storage_rate,time_since_conversion,45-75 cm,6.384615384615385,35,8,0.295043565758637,-0.12080078943499495,0.6190249427833727,0.295043565758637,-0.12080078943499495,0.6190249427833727
storage_rate,time_since_conversion,45-75 cm,6.6923076923076925,35,8,0.3191700092383793,-0.060653661716995474,0.6190249427833727,0.3191700092383793,-0.060653661716995474,0.6190249427833727
storage_rate,time_since_conversion,45-75 cm,7,35,8,0.3191700092383793,-0.060653661716995474,0.61789577900299,0.3191700092383793,-0.060653661716995474,0.61789577900299
storage_rate,time_since_conversion,45-75 cm,7.307692307692308,35,8,0.3191700092383793,-0.060653661716995474,0.61789577900299,0.3191700092383793,-0.060653661716995474,0.61789577900299
storage_rate,time_since_conversion,45-75 cm,7.615384615384616,35,8,0.3191700092383793,-0.060653661716995474,0.6179758099147251,0.3191700092383793,-0.060653661716995474,0.6179758099147251
storage_rate,time_since_conversion,45-75 cm,7.923076923076923,35,8,0.3191700092383793,-0.060653661716995474,0.6179758099147251,0.3191700092383793,-0.060653661716995474,0.6179758099147251
storage_rate,time_since_conversion,45-75 cm,8.23076923076923,35,8,0.3191700092383793,-0.04453944945134161,0.6179758099147251,0.3191700092383793,-0.04453944945134161,0.6179758099147251
storage_rate,time_since_conversion,45-75 cm,8.538461538461538,35,8,0.3191700092383793,-0.04453944945134161,0.6179758099147251,0.3191700092383793,-0.04453944945134161,0.6179758099147251
storage_rate,time_since_conversion,45-75 cm,8.846153846153847,35,8,0.3191700092383793,-0.04403231333633558,0.6225335249730519,0.3191700092383793,-0.04403231333633558,0.6225335249730519
storage_rate,time_since_conversion,45-75 cm,9.153846153846153,35,8,0.3191700092383793,-0.04403231333633558,0.627032284781869,0.3191700092383793,-0.04403231333633558,0.627032284781869
storage_rate,time_since_conversion,45-75 cm,9.461538461538462,35,8,0.3191700092383793,-0.04403231333633558,0.627032284781869,0.3191700092383793,-0.04403231333633558,0.627032284781869
storage_rate,time_since_conversion,45-75 cm,9.76923076923077,35,8,0.39392325761062763,-0.04403231333633558,0.6271523721702397,0.39392325761062763,-0.04403231333633558,0.6271523721702397
storage_rate,time_since_conversion,45-75 cm,10.076923076923077,35,8,0.39392325761062763,-0.04403231333633558,0.6271523721702397,0.39392325761062763,-0.04403231333633558,0.6271523721702397
storage_rate,time_since_conversion,45-75 cm,10.384615384615385,35,8,0.39392325761062763,-0.04403231333633558,0.6271523721702397,0.39392325761062763,-0.04403231333633558,0.6271523721702397
storage_rate,time_since_conversion,45-75 cm,10.692307692307693,35,8,0.3985988794692924,0.001845417419182405,0.6490653811528215,0.3985988794692924,0.001845417419182405,0.6490653811528215
storage_rate,time_since_conversion,45-75 cm,11,35,8,0.3985988794692924,0.01776874867534004,0.6512989026441105,0.3985988794692924,0.01776874867534004,0.6512989026441105
storage_rate,time_since_conversion,45-75 cm,11.307692307692308,35,8,0.3985988794692924,0.03206360176072595,0.66309503570199,0.3985988794692924,0.03206360176072595,0.66309503570199
storage_rate,time_since_conversion,45-75 cm,11.615384615384617,35,8,0.3985988794692924,0.030589969450874083,0.6516230263161872,0.3985988794692924,0.030589969450874083,0.6516230263161872
storage_rate,time_since_conversion,45-75 cm,11.923076923076923,35,8,0.3985988794692924,0.03052947262701189,0.6516230263161872,0.3985988794692924,0.03052947262701189,0.6516230263161872
storage_rate,time_since_conversion,45-75 cm,12.230769230769232,35,8,0.3985988794692924,0.03139313628764032,0.6516230263161872,0.3985988794692924,0.03139313628764032,0.6516230263161872
storage_rate,time_since_conversion,45-75 cm,12.538461538461538,35,8,0.40247104412743023,0.08451475407529094,0.6814942144070353,0.40247104412743023,0.08451475407529094,0.6814942144070353
storage_rate,time_since_conversion,45-75 cm,12.846153846153847,35,8,0.3911534674465657,0.0535155134674694,0.6638666421387875,0.3911534674465657,0.0535155134674694,0.6638666421387875
storage_rate,time_since_conversion,45-75 cm,13.153846153846155,35,8,0.3911534674465657,0.0535155134674694,0.6638666421387875,0.3911534674465657,0.0535155134674694,0.6638666421387875
storage_rate,time_since_conversion,45-75 cm,13.461538461538462,35,8,0.3911534674465657,0.0535155134674694,0.6638666421387875,0.3911534674465657,0.0535155134674694,0.6638666421387875
storage_rate,time_since_conversion,45-75 cm,13.76923076923077,35,8,0.3911534674465657,0.0535155134674694,0.6638666421387875,0.3911534674465657,0.0535155134674694,0.6638666421387875
storage_rate,time_since_conversion,45-75 cm,14.076923076923077,35,8,0.3911534674465657,0.0673711099315967,0.6638666421387875,0.3911534674465657,0.0673711099315967,0.6638666421387875
storage_rate,time_since_conversion,45-75 cm,14.384615384615385,35,8,0.38569843247532837,0.06425995445145032,0.6505824670834203,0.38569843247532837,0.06425995445145032,0.6505824670834203
storage_rate,time_since_conversion,45-75 cm,14.692307692307693,35,8,0.38569843247532837,0.06425995445145032,0.6505824670834203,0.38569843247532837,0.06425995445145032,0.6505824670834203
storage_rate,time_since_conversion,45-75 cm,15,35,8,0.38569843247532837,0.06425995445145032,0.6505824670834203,0.38569843247532837,0.06425995445145032,0.6505824670834203
storage_rate,control_soc_mean_T_ha,"[0,15)",12.4,136,36,0.48378683960832214,0.25533942350491146,0.8318104216513938,0.48378683960832214,0.25533942350491146,0.8318104216513938
storage_rate,control_soc_mean_T_ha,"[0,15)",16.02820512820513,136,36,0.48378683960832214,0.2552479179760935,0.841964678860763,0.48378683960832214,0.2552479179760935,0.841964678860763
storage_rate,control_soc_mean_T_ha,"[0,15)",19.656410256410258,136,36,0.3765904892455129,0.24168129261815918,0.6540113773121609,0.3765904892455129,0.24168129261815918,0.6540113773121609
storage_rate,control_soc_mean_T_ha,"[0,15)",23.284615384615385,136,36,0.2679526955231696,0.1356293575687554,0.5726820692212854,0.2679526955231696,0.1356293575687554,0.5726820692212854
storage_rate,control_soc_mean_T_ha,"[0,15)",26.912820512820513,136,36,0.29433781189350966,0.14435212709906725,0.5534130001586165,0.29433781189350966,0.14435212709906725,0.5534130001586165
storage_rate,control_soc_mean_T_ha,"[0,15)",30.54102564102564,136,36,0.409432151573984,0.06980162773055358,0.5965092004448014,0.409432151573984,0.06980162773055358,0.5965092004448014
storage_rate,control_soc_mean_T_ha,"[0,15)",34.16923076923077,136,36,0.45999661696088673,0.15353409606734003,0.6465438917977737,0.45999661696088673,0.15353409606734003,0.6465438917977737
storage_rate,control_soc_mean_T_ha,"[0,15)",37.797435897435896,136,36,0.4906576595762197,0.178212743355064,0.7015337178353496,0.4906576595762197,0.178212743355064,0.7015337178353496
storage_rate,control_soc_mean_T_ha,"[0,15)",41.42564102564103,136,36,0.4906576595762197,0.1844518649075112,0.7820533616701146,0.4906576595762197,0.1844518649075112,0.7820533616701146
storage_rate,control_soc_mean_T_ha,"[0,15)",45.05384615384615,136,36,0.4906576595762197,0.2352944298428211,0.7984807680128146,0.4906576595762197,0.2352944298428211,0.7984807680128146
storage_rate,control_soc_mean_T_ha,"[0,15)",48.68205128205128,136,36,0.546895686756162,0.2722668714196462,1.0293226759536673,0.546895686756162,0.2722668714196462,1.0293226759536673
storage_rate,control_soc_mean_T_ha,"[0,15)",52.31025641025641,136,36,0.8825823530993041,0.3473830930525712,1.1192891106612102,0.8825823530993041,0.3473830930525712,1.1192891106612102
storage_rate,control_soc_mean_T_ha,"[0,15)",55.93846153846154,136,36,0.8077756964108523,0.3456740605426602,1.2382721992976524,0.8077756964108523,0.3456740605426602,1.2382721992976524
storage_rate,control_soc_mean_T_ha,"[0,15)",59.56666666666666,136,36,0.8239185821045847,0.3172636208741204,1.2238415540743839,0.8239185821045847,0.3172636208741204,1.2238415540743839
storage_rate,control_soc_mean_T_ha,"[0,15)",63.194871794871794,136,36,0.19346275292884782,-0.038400713985730986,1.0582184671451724,0.19346275292884782,-0.038400713985730986,1.0582184671451724
storage_rate,control_soc_mean_T_ha,"[0,15)",66.82307692307693,136,36,0.18620187301626984,-0.03504267636590698,0.43269899559484615,0.18620187301626984,-0.03504267636590698,0.43269899559484615
storage_rate,control_soc_mean_T_ha,"[0,15)",70.45128205128205,136,36,0.18620187301626984,-0.03614398829693751,0.41702321233631884,0.18620187301626984,-0.03614398829693751,0.41702321233631884
storage_rate,control_soc_mean_T_ha,"[0,15)",74.07948717948719,136,36,0.1842487162965186,-0.04739814199822232,0.4021368411537397,0.1842487162965186,-0.04739814199822232,0.4021368411537397
storage_rate,control_soc_mean_T_ha,"[0,15)",77.70769230769231,136,36,0.1816053780562738,-0.056100773455417606,0.40356438698158065,0.1816053780562738,-0.056100773455417606,0.40356438698158065
storage_rate,control_soc_mean_T_ha,"[0,15)",81.33589743589744,136,36,0.1816053780562738,-0.04815714226159105,0.40376878008212197,0.1816053780562738,-0.04815714226159105,0.40376878008212197
storage_rate,control_soc_mean_T_ha,"[0,15)",84.96410256410257,136,36,0.2423290135886739,-0.055345591276658015,0.7444711449076699,0.2423290135886739,-0.055345591276658015,0.7444711449076699
storage_rate,control_soc_mean_T_ha,"[0,15)",88.5923076923077,136,36,-0.03033727958716236,-0.27546813042187274,0.33059164420872766,-0.03033727958716236,-0.27546813042187274,0.33059164420872766
storage_rate,control_soc_mean_T_ha,"[0,15)",92.22051282051282,136,36,-0.02383141661309357,-0.27546813042187274,0.33059164420872766,-0.02383141661309357,-0.27546813042187274,0.33059164420872766
storage_rate,control_soc_mean_T_ha,"[0,15)",95.84871794871795,136,36,-0.02383141661309357,-0.2622541222788106,0.33059164420872766,-0.02383141661309357,-0.2622541222788106,0.33059164420872766
storage_rate,control_soc_mean_T_ha,"[0,15)",99.47692307692309,136,36,0.021712913102579924,-0.2571417648762958,0.33059164420872766,0.021712913102579924,-0.2571417648762958,0.33059164420872766
storage_rate,control_soc_mean_T_ha,"[0,15)",103.10512820512821,136,36,0.021712913102579924,-0.2571417648762958,0.33059164420872766,0.021712913102579924,-0.2571417648762958,0.33059164420872766
storage_rate,control_soc_mean_T_ha,"[0,15)",106.73333333333333,136,36,0.021712913102579924,-0.2571417648762958,0.3327169771165833,0.021712913102579924,-0.2571417648762958,0.3327169771165833
storage_rate,control_soc_mean_T_ha,"[0,15)",110.36153846153847,136,36,0.021712913102579924,-0.2571417648762958,0.3327169771165833,0.021712913102579924,-0.2571417648762958,0.3327169771165833
storage_rate,control_soc_mean_T_ha,"[0,15)",113.9897435897436,136,36,0.012354950420558453,-0.2571417648762958,0.324950764455271,0.012354950420558453,-0.2571417648762958,0.324950764455271
storage_rate,control_soc_mean_T_ha,"[0,15)",117.61794871794872,136,36,0.012354950420558453,-0.2571417648762958,0.32266653019999947,0.012354950420558453,-0.2571417648762958,0.32266653019999947
storage_rate,control_soc_mean_T_ha,"[0,15)",121.24615384615385,136,36,0.012354950420558453,-0.296300908027607,0.32544470478794274,0.012354950420558453,-0.296300908027607,0.32544470478794274
storage_rate,control_soc_mean_T_ha,"[0,15)",124.87435897435898,136,36,0.012354950420558453,-0.2966007352397461,0.32544470478794274,0.012354950420558453,-0.2966007352397461,0.32544470478794274
storage_rate,control_soc_mean_T_ha,"[0,15)",128.5025641025641,136,36,0.012354950420558453,-0.2966007352397461,0.35719253997359557,0.012354950420558453,-0.2966007352397461,0.35719253997359557
storage_rate,control_soc_mean_T_ha,"[0,15)",132.13076923076923,136,36,0.042142665157478054,-0.2966007352397461,0.532230231917792,0.042142665157478054,-0.2966007352397461,0.532230231917792
storage_rate,control_soc_mean_T_ha,"[0,15)",135.75897435897437,136,36,0.026475190143922647,-0.39301864004022824,0.532230231917792,0.026475190143922647,-0.39301864004022824,0.532230231917792
storage_rate,control_soc_mean_T_ha,"[0,15)",139.38717948717948,136,36,0.026475190143922647,-0.39301864004022824,0.532230231917792,0.026475190143922647,-0.39301864004022824,0.532230231917792
storage_rate,control_soc_mean_T_ha,"[0,15)",143.01538461538462,136,36,0.026475190143922647,-0.39301864004022824,0.6069326566806174,0.026475190143922647,-0.39301864004022824,0.6069326566806174
storage_rate,control_soc_mean_T_ha,"[0,15)",146.64358974358976,136,36,0.026475190143922647,-0.39301864004022824,0.6069326566806174,0.026475190143922647,-0.39301864004022824,0.6069326566806174
storage_rate,control_soc_mean_T_ha,"[0,15)",150.27179487179487,136,36,0.3387065242208978,-0.39301864004022824,0.6529460787786829,0.3387065242208978,-0.39301864004022824,0.6529460787786829
storage_rate,control_soc_mean_T_ha,"[0,15)",153.9,136,36,0.3387065242208978,-0.39301864004022824,0.6529460787786829,0.3387065242208978,-0.39301864004022824,0.6529460787786829
storage_rate,control_soc_mean_T_ha,"[15,30)",12,43,16,0.217095251693282,0.13308825059035845,0.7036771971992283,0.217095251693282,0.13308825059035845,0.7036771971992283
storage_rate,control_soc_mean_T_ha,"[15,30)",15.015641025641026,43,16,0.217095251693282,0.12157149670515645,0.7036771971992283,0.217095251693282,0.12157149670515645,0.7036771971992283
storage_rate,control_soc_mean_T_ha,"[15,30)",18.03128205128205,43,16,0.224866945036622,0.12939718164351965,0.8786018537227502,0.224866945036622,0.12939718164351965,0.8786018537227502
storage_rate,control_soc_mean_T_ha,"[15,30)",21.04692307692308,43,16,0.09669395300104867,0.01854270618127356,0.3579539271526386,0.09669395300104867,0.01854270618127356,0.3579539271526386
storage_rate,control_soc_mean_T_ha,"[15,30)",24.062564102564103,43,16,0.08362289507288576,-0.04367975982902354,0.3577644725741689,0.08362289507288576,-0.04367975982902354,0.3577644725741689
storage_rate,control_soc_mean_T_ha,"[15,30)",27.07820512820513,43,16,0.11416392400860786,-0.0220013558821276,0.3154910380215666,0.11416392400860786,-0.0220013558821276,0.3154910380215666
storage_rate,control_soc_mean_T_ha,"[15,30)",30.093846153846158,43,16,0.09710584095744206,-0.11750410857913623,0.3189089261991688,0.09710584095744206,-0.11750410857913623,0.3189089261991688
storage_rate,control_soc_mean_T_ha,"[15,30)",33.10948717948718,43,16,0.20267719896726827,4.339877153248893e-4,0.38772479792472064,0.20267719896726827,4.339877153248893e-4,0.38772479792472064
storage_rate,control_soc_mean_T_ha,"[15,30)",36.125128205128206,43,16,0.20267719896726827,-0.0017343760024061583,0.4905082805212154,0.20267719896726827,-0.0017343760024061583,0.4905082805212154
storage_rate,control_soc_mean_T_ha,"[15,30)",39.14076923076924,43,16,0.21380918282409048,0.0104012261404722,0.4941521779579913,0.21380918282409048,0.0104012261404722,0.4941521779579913
storage_rate,control_soc_mean_T_ha,"[15,30)",42.15641025641026,43,16,0.21380918282409048,0.025480226665562013,0.5199949831875086,0.21380918282409048,0.025480226665562013,0.5199949831875086
storage_rate,control_soc_mean_T_ha,"[15,30)",45.172051282051285,43,16,0.21380918282409048,0.033183985624765565,0.578134023883315,0.21380918282409048,0.033183985624765565,0.578134023883315
storage_rate,control_soc_mean_T_ha,"[15,30)",48.187692307692316,43,16,0.21380918282409048,0.03584123156148518,0.6054685581475501,0.21380918282409048,0.03584123156148518,0.6054685581475501
storage_rate,control_soc_mean_T_ha,"[15,30)",51.20333333333334,43,16,0.3587239280689595,0.09222085077402208,0.9777146041826454,0.3587239280689595,0.09222085077402208,0.9777146041826454
storage_rate,control_soc_mean_T_ha,"[15,30)",54.218974358974364,43,16,0.6043040135572123,0.09025463219298872,1.0554162109140743,0.6043040135572123,0.09025463219298872,1.0554162109140743
storage_rate,control_soc_mean_T_ha,"[15,30)",57.234615384615395,43,16,0.6006819564242696,0.07052035230796694,1.0923507925556148,0.6006819564242696,0.07052035230796694,1.0923507925556148
storage_rate,control_soc_mean_T_ha,"[15,30)",60.25025641025642,43,16,0.60512456159259,0.006181754070052617,1.0921187249553757,0.60512456159259,0.006181754070052617,1.0921187249553757
storage_rate,control_soc_mean_T_ha,"[15,30)",63.26589743589744,43,16,-0.20640285698653651,-0.28041598324685596,0.8727023697940115,-0.20640285698653651,-0.28041598324685596,0.8727023697940115
storage_rate,control_soc_mean_T_ha,"[15,30)",66.28153846153847,43,16,-0.2170923494105768,-0.2900582043286197,0.2767892289311129,-0.2170923494105768,-0.2900582043286197,0.2767892289311129
storage_rate,control_soc_mean_T_ha,"[15,30)",69.2971794871795,43,16,-0.2170923494105768,-0.2900077569065616,0.28327301519836295,-0.2170923494105768,-0.2900077569065616,0.28327301519836295
storage_rate,control_soc_mean_T_ha,"[15,30)",72.31282051282052,43,16,-0.2170923494105768,-0.29509278272256956,0.28327301519836295,-0.2170923494105768,-0.29509278272256956,0.28327301519836295
storage_rate,control_soc_mean_T_ha,"[15,30)",75.32846153846155,43,16,-0.2170923494105768,-0.29836812674143726,0.21377140122660726,-0.2170923494105768,-0.29836812674143726,0.21377140122660726
storage_rate,control_soc_mean_T_ha,"[15,30)",78.34410256410257,43,16,-0.2170923494105768,-0.3105157824877521,0.21377140122660726,-0.2170923494105768,-0.3105157824877521,0.21377140122660726
storage_rate,control_soc_mean_T_ha,"[15,30)",81.3597435897436,43,16,-0.2170923494105768,-0.3102736626334793,0.21505206461865928,-0.2170923494105768,-0.3102736626334793,0.21505206461865928
storage_rate,control_soc_mean_T_ha,"[15,30)",84.37538461538463,43,16,-0.2170923494105768,-0.3102736626334793,0.22943119593939335,-0.2170923494105768,-0.3102736626334793,0.22943119593939335
storage_rate,control_soc_mean_T_ha,"[15,30)",87.39102564102565,43,16,-0.2795097081553798,-0.3877898931178415,0.10493593135480449,-0.2795097081553798,-0.3877898931178415,0.10493593135480449
storage_rate,control_soc_mean_T_ha,"[15,30)",90.40666666666668,43,16,-0.2795097081553798,-0.388002085343523,0.10106478860184864,-0.2795097081553798,-0.388002085343523,0.10106478860184864
storage_rate,control_soc_mean_T_ha,"[15,30)",93.42230769230771,43,16,-0.2751449543636205,-0.3807852316842696,0.10106478860184864,-0.2751449543636205,-0.3807852316842696,0.10106478860184864
storage_rate,control_soc_mean_T_ha,"[15,30)",96.43794871794873,43,16,-0.24574757441011977,-0.33691617018694797,0.10106478860184864,-0.24574757441011977,-0.33691617018694797,0.10106478860184864
storage_rate,control_soc_mean_T_ha,"[15,30)",99.45358974358976,43,16,-0.24574757441011977,-0.33691617018694797,0.11704178914362774,-0.24574757441011977,-0.33691617018694797,0.11704178914362774
storage_rate,control_soc_mean_T_ha,"[15,30)",102.46923076923079,43,16,-0.24574757441011977,-0.33691617018694797,0.12891844067300215,-0.24574757441011977,-0.33691617018694797,0.12891844067300215
storage_rate,control_soc_mean_T_ha,"[15,30)",105.48487179487181,43,16,-0.24574757441011977,-0.3333302714796954,0.1289728195498546,-0.24574757441011977,-0.3333302714796954,0.1289728195498546
storage_rate,control_soc_mean_T_ha,"[15,30)",108.50051282051284,43,16,-0.24574757441011977,-0.3333302714796954,0.1289728195498546,-0.24574757441011977,-0.3333302714796954,0.1289728195498546
storage_rate,control_soc_mean_T_ha,"[15,30)",111.51615384615387,43,16,-0.24574757441011977,-0.3333302714796954,0.1289728195498546,-0.24574757441011977,-0.3333302714796954,0.1289728195498546
storage_rate,control_soc_mean_T_ha,"[15,30)",114.53179487179489,43,16,-0.28903207858634544,-0.3487032439007401,0.1289728195498546,-0.28903207858634544,-0.3487032439007401,0.1289728195498546
storage_rate,control_soc_mean_T_ha,"[15,30)",117.54743589743592,43,16,-0.28903207858634544,-0.3487032439007401,0.1289728195498546,-0.28903207858634544,-0.3487032439007401,0.1289728195498546
storage_rate,control_soc_mean_T_ha,"[15,30)",120.56307692307695,43,16,-0.28903207858634544,-0.4274718578948185,0.12919693267579338,-0.28903207858634544,-0.4274718578948185,0.12919693267579338
storage_rate,control_soc_mean_T_ha,"[15,30)",123.57871794871797,43,16,-0.28903207858634544,-0.4537616086603944,0.12968209765006816,-0.28903207858634544,-0.4537616086603944,0.12968209765006816
storage_rate,control_soc_mean_T_ha,"[15,30)",126.594358974359,43,16,-0.28903207858634544,-0.4537616086603944,0.1634191945834129,-0.28903207858634544,-0.4537616086603944,0.1634191945834129
storage_rate,control_soc_mean_T_ha,"[15,30)",129.61,43,16,-0.28903207858634544,-0.4537616086603944,0.1634191945834129,-0.28903207858634544,-0.4537616086603944,0.1634191945834129
storage_rate,control_soc_mean_T_ha,"[30,45)",15.11,35,9,0.6850962736776898,0.1834784087399021,0.9867600332306966,0.6850962736776898,0.1834784087399021,0.9867600332306966
storage_rate,control_soc_mean_T_ha,"[30,45)",16.397435897435898,35,9,0.6850962736776898,0.1834784087399021,1.0077183103654535,0.6850962736776898,0.1834784087399021,1.0077183103654535
storage_rate,control_soc_mean_T_ha,"[30,45)",17.684871794871793,35,9,0.7966742758240019,0.1834784087399021,1.0819892711085934,0.7966742758240019,0.1834784087399021,1.0819892711085934
storage_rate,control_soc_mean_T_ha,"[30,45)",18.97230769230769,35,9,0.8217725042785918,0.18323232307697515,1.2214387298481806,0.8217725042785918,0.18323232307697515,1.2214387298481806
storage_rate,control_soc_mean_T_ha,"[30,45)",20.25974358974359,35,9,0.28900569656065533,0.10621497963688202,0.5990155792928169,0.28900569656065533,0.10621497963688202,0.5990155792928169
storage_rate,control_soc_mean_T_ha,"[30,45)",21.547179487179484,35,9,0.28277698052780964,0.06896337744048132,0.5800888176049505,0.28277698052780964,0.06896337744048132,0.5800888176049505
storage_rate,control_soc_mean_T_ha,"[30,45)",22.834615384615383,35,9,0.28277698052780964,0.06896337744048132,0.5815278964542917,0.28277698052780964,0.06896337744048132,0.5815278964542917
storage_rate,control_soc_mean_T_ha,"[30,45)",24.12205128205128,35,9,0.2728519624897412,0.06860271028741928,0.5790043975785376,0.2728519624897412,0.06860271028741928,0.5790043975785376
storage_rate,control_soc_mean_T_ha,"[30,45)",25.40948717948718,35,9,0.3033930080277579,0.06860271028741928,0.5989965957669277,0.3033930080277579,0.06860271028741928,0.5989965957669277
storage_rate,control_soc_mean_T_ha,"[30,45)",26.696923076923074,35,9,0.3033930080277579,0.06672971462598071,0.5989965957669277,0.3033930080277579,0.06672971462598071,0.5989965957669277
storage_rate,control_soc_mean_T_ha,"[30,45)",27.984358974358972,35,9,0.14418607971497943,0.021534809251315883,0.5960266452974506,0.14418607971497943,0.021534809251315883,0.5960266452974506
storage_rate,control_soc_mean_T_ha,"[30,45)",29.271794871794867,35,9,0.12273503243923187,-0.10496111938197694,0.5630685379781895,0.12273503243923187,-0.10496111938197694,0.5630685379781895
storage_rate,control_soc_mean_T_ha,"[30,45)",30.559230769230766,35,9,0.4697884189231056,-0.02862429443746805,0.779716035968491,0.4697884189231056,-0.02862429443746805,0.779716035968491
storage_rate,control_soc_mean_T_ha,"[30,45)",31.846666666666664,35,9,0.5141147647585187,0.07138214813545347,0.7876529358646701,0.5141147647585187,0.07138214813545347,0.7876529358646701
storage_rate,control_soc_mean_T_ha,"[30,45)",33.13410256410256,35,9,0.5141147647585187,0.0581955748623503,0.7876529358646701,0.5141147647585187,0.0581955748623503,0.7876529358646701
storage_rate,control_soc_mean_T_ha,"[30,45)",34.42153846153846,35,9,0.5141147647585187,0.10173288941383363,0.8224758448132449,0.5141147647585187,0.10173288941383363,0.8224758448132449
storage_rate,control_soc_mean_T_ha,"[30,45)",35.70897435897436,35,9,0.5141147647585187,0.10560815844418744,0.9471770824491981,0.5141147647585187,0.10560815844418744,0.9471770824491981
storage_rate,control_soc_mean_T_ha,"[30,45)",36.99641025641026,35,9,0.5967843277113779,0.1259364497009665,0.9507834325890459,0.5967843277113779,0.1259364497009665,0.9507834325890459
storage_rate,control_soc_mean_T_ha,"[30,45)",38.28384615384615,35,9,0.5967843277113779,0.12624039120240405,0.9507834325890459,0.5967843277113779,0.12624039120240405,0.9507834325890459
storage_rate,control_soc_mean_T_ha,"[30,45)",39.57128205128205,35,9,0.5967843277113779,0.12617865043359677,0.9647561475794233,0.5967843277113779,0.12617865043359677,0.9647561475794233
storage_rate,control_soc_mean_T_ha,"[30,45)",40.858717948717945,35,9,0.5967843277113779,0.1273886785942263,1.0067478600304045,0.5967843277113779,0.1273886785942263,1.0067478600304045
storage_rate,control_soc_mean_T_ha,"[30,45)",42.14615384615384,35,9,0.5967843277113779,0.1273886785942263,1.0067478600304045,0.5967843277113779,0.1273886785942263,1.0067478600304045
storage_rate,control_soc_mean_T_ha,"[30,45)",43.433589743589735,35,9,0.5967843277113779,0.14722060890868308,1.0067478600304045,0.5967843277113779,0.14722060890868308,1.0067478600304045
storage_rate,control_soc_mean_T_ha,"[30,45)",44.72102564102563,35,9,0.5967843277113779,0.13303824862664826,1.0286535779759287,0.5967843277113779,0.13303824862664826,1.0286535779759287
storage_rate,control_soc_mean_T_ha,"[30,45)",46.00846153846153,35,9,0.5967843277113779,0.1546923673086401,1.1425408405597723,0.5967843277113779,0.1546923673086401,1.1425408405597723
storage_rate,control_soc_mean_T_ha,"[30,45)",47.29589743589743,35,9,0.5967843277113779,0.1546923673086401,1.1467771706943,0.5967843277113779,0.1546923673086401,1.1467771706943
storage_rate,control_soc_mean_T_ha,"[30,45)",48.58333333333333,35,9,0.7737062641552517,0.18873865763789846,1.3091862303870065,0.7737062641552517,0.18873865763789846,1.3091862303870065
storage_rate,control_soc_mean_T_ha,"[30,45)",49.87076923076923,35,9,0.7737062641552517,0.18873865763789846,1.3091862303870065,0.7737062641552517,0.18873865763789846,1.3091862303870065
storage_rate,control_soc_mean_T_ha,"[30,45)",51.158205128205125,35,9,1.1389594478266578,0.18873865763789846,1.46306978817497,1.1389594478266578,0.18873865763789846,1.46306978817497
storage_rate,control_soc_mean_T_ha,"[30,45)",52.44564102564102,35,9,1.2211916957582745,0.21173524961407697,1.4608379630105837,1.2211916957582745,0.21173524961407697,1.4608379630105837
storage_rate,control_soc_mean_T_ha,"[30,45)",53.733076923076915,35,9,1.2211916957582745,0.21173524961407697,1.4608379630105837,1.2211916957582745,0.21173524961407697,1.4608379630105837
storage_rate,control_soc_mean_T_ha,"[30,45)",55.02051282051281,35,9,1.0926610580512457,0.21173524961407697,1.4608379630105837,1.0926610580512457,0.21173524961407697,1.4608379630105837
storage_rate,control_soc_mean_T_ha,"[30,45)",56.30794871794871,35,9,1.0926610580512457,0.21203172081283161,1.4608379630105837,1.0926610580512457,0.21203172081283161,1.4608379630105837
storage_rate,control_soc_mean_T_ha,"[30,45)",57.59538461538461,35,9,1.0926610580512457,0.20229313946196012,1.4609404727816584,1.0926610580512457,0.20229313946196012,1.4609404727816584
storage_rate,control_soc_mean_T_ha,"[30,45)",58.88282051282051,35,9,1.084333407027381,0.18936987672001124,1.4609404727816584,1.084333407027381,0.18936987672001124,1.4609404727816584
storage_rate,control_soc_mean_T_ha,"[30,45)",60.17025641025641,35,9,1.1142220829214369,0.19485534689788309,1.4609404727816584,1.1142220829214369,0.19485534689788309,1.4609404727816584
storage_rate,control_soc_mean_T_ha,"[30,45)",61.4576923076923,35,9,1.1367384765829358,0.19485534689788309,1.4609404727816584,1.1367384765829358,0.19485534689788309,1.4609404727816584
storage_rate,control_soc_mean_T_ha,"[30,45)",62.745128205128196,35,9,1.1367384765829358,0.03750737191577043,1.4562070070419992,1.1367384765829358,0.03750737191577043,1.4562070070419992
storage_rate,control_soc_mean_T_ha,"[30,45)",64.0325641025641,35,9,-0.04786269096657633,-0.2467867540248803,0.6523513517901309,-0.04786269096657633,-0.2467867540248803,0.6523513517901309
storage_rate,control_soc_mean_T_ha,"[30,45)",65.32,35,9,-0.008499032684734889,-0.2427613388028528,0.42579022342073086,-0.008499032684734889,-0.2427613388028528,0.42579022342073086
storage_rate,control_soc_mean_T_ha,"[45,55)",16.83,33,7,0.8311756433862628,0.31547257816136787,1.075451901984034,0.8311756433862628,0.31547257816136787,1.075451901984034
storage_rate,control_soc_mean_T_ha,"[45,55)",20.06153846153846,33,7,0.34693730385466054,0.12625849010902598,0.6583543593684833,0.34693730385466054,0.12625849010902598,0.6583543593684833
storage_rate,control_soc_mean_T_ha,"[45,55)",23.293076923076924,33,7,0.34702024913646956,0.07878061038808842,0.6582333216048551,0.34702024913646956,0.07878061038808842,0.6582333216048551
storage_rate,control_soc_mean_T_ha,"[45,55)",26.524615384615384,33,7,0.3775791209755522,0.07020065985958687,0.6582333216048551,0.3775791209755522,0.07020065985958687,0.6582333216048551
storage_rate,control_soc_mean_T_ha,"[45,55)",29.756153846153847,33,7,0.17378813877814647,-0.028504225352045207,0.733932447278957,0.17378813877814647,-0.028504225352045207,0.733932447278957
storage_rate,control_soc_mean_T_ha,"[45,55)",32.98769230769231,33,7,0.5835847132133715,0.07067110526488363,0.9865609125770404,0.5835847132133715,0.07067110526488363,0.9865609125770404
storage_rate,control_soc_mean_T_ha,"[45,55)",36.21923076923077,33,7,0.5835847132133715,0.1048186877308498,1.0956862192262302,0.5835847132133715,0.1048186877308498,1.0956862192262302
storage_rate,control_soc_mean_T_ha,"[45,55)",39.45076923076923,33,7,0.69319687648253,0.13236413008787418,1.0969492072211298,0.69319687648253,0.13236413008787418,1.0969492072211298
storage_rate,control_soc_mean_T_ha,"[45,55)",42.682307692307695,33,7,0.69319687648253,0.1570752611553127,1.160974637438741,0.69319687648253,0.1570752611553127,1.160974637438741
storage_rate,control_soc_mean_T_ha,"[45,55)",45.91384615384616,33,7,0.69319687648253,0.20480350397216776,1.3077976847490804,0.69319687648253,0.20480350397216776,1.3077976847490804
storage_rate,control_soc_mean_T_ha,"[45,55)",49.14538461538462,33,7,0.9639535383744673,0.2087851033122703,1.4563727724732773,0.9639535383744673,0.2087851033122703,1.4563727724732773
storage_rate,control_soc_mean_T_ha,"[45,55)",52.376923076923084,33,7,1.4297391718084163,0.2954870543104005,1.63782626855554,1.4297391718084163,0.2954870543104005,1.63782626855554
storage_rate,control_soc_mean_T_ha,"[45,55)",55.60846153846154,33,7,1.2918455826513695,0.245948176263747,1.6448901982469994,1.2918455826513695,0.245948176263747,1.6448901982469994
storage_rate,control_soc_mean_T_ha,"[45,55)",58.84,33,7,1.2759723130500678,0.1923154361066268,1.649036105451259,1.2759723130500678,0.1923154361066268,1.649036105451259
storage_rate,control_soc_mean_T_ha,"[45,55)",62.071538461538466,33,7,1.331912982644457,0.19435879429802305,1.649036105451259,1.331912982644457,0.19435879429802305,1.649036105451259
storage_rate,control_soc_mean_T_ha,"[45,55)",65.30307692307693,33,7,-0.06079569216253177,-0.3031818201454977,0.6603572535526121,-0.06079569216253177,-0.3031818201454977,0.6603572535526121
storage_rate,control_soc_mean_T_ha,"[45,55)",68.53461538461539,33,7,-0.06079569216253177,-0.2977988783891002,0.4580167905709741,-0.06079569216253177,-0.2977988783891002,0.4580167905709741
storage_rate,control_soc_mean_T_ha,"[45,55)",71.76615384615386,33,7,-0.06079569216253177,-0.304223931744469,0.4329288101867978,-0.06079569216253177,-0.304223931744469,0.4329288101867978
storage_rate,control_soc_mean_T_ha,"[45,55)",74.99769230769232,33,7,-0.07350507339067534,-0.36625300627766233,0.3757008276569357,-0.07350507339067534,-0.36625300627766233,0.3757008276569357
storage_rate,control_soc_mean_T_ha,"[45,55)",78.22923076923078,33,7,-0.07350507339067534,-0.40502187510331467,0.3783856005294992,-0.07350507339067534,-0.40502187510331467,0.3783856005294992
storage_rate,control_soc_mean_T_ha,"[45,55)",81.46076923076924,33,7,-0.08225382576611906,-0.3818565117590355,0.3265170799455408,-0.08225382576611906,-0.3818565117590355,0.3265170799455408
storage_rate,control_soc_mean_T_ha,"[45,55)",84.69230769230771,33,7,-0.08225382576611906,-0.3818565117590355,0.3371765169569037,-0.08225382576611906,-0.3818565117590355,0.3371765169569037
storage_rate,control_soc_mean_T_ha,"[45,55)",87.92384615384617,33,7,-0.0649087266488509,-0.4624965823453033,0.17401364059046365,-0.0649087266488509,-0.4624965823453033,0.17401364059046365
storage_rate,control_soc_mean_T_ha,"[45,55)",91.15538461538463,33,7,-0.047034040093421936,-0.4624965823453033,0.17401364059046365,-0.047034040093421936,-0.4624965823453033,0.17401364059046365
storage_rate,control_soc_mean_T_ha,"[45,55)",94.38692307692308,33,7,-0.047034040093421936,-0.43080623413464336,0.1741637069012293,-0.047034040093421936,-0.43080623413464336,0.1741637069012293
storage_rate,control_soc_mean_T_ha,"[45,55)",97.61846153846155,33,7,-0.047034040093421936,-0.43080623413464336,0.1741637069012293,-0.047034040093421936,-0.43080623413464336,0.1741637069012293
storage_rate,control_soc_mean_T_ha,"[45,55)",100.85000000000001,33,7,-0.047034040093421936,-0.43080623413464336,0.1741637069012293,-0.047034040093421936,-0.43080623413464336,0.1741637069012293
storage_rate,control_soc_mean_T_ha,"[45,55)",104.08153846153847,33,7,-0.047034040093421936,-0.43080623413464336,0.18200088633704145,-0.047034040093421936,-0.43080623413464336,0.18200088633704145
storage_rate,control_soc_mean_T_ha,"[45,55)",107.31307692307693,33,7,-0.047034040093421936,-0.43078324559398673,0.17551138950088493,-0.047034040093421936,-0.43078324559398673,0.17551138950088493
storage_rate,control_soc_mean_T_ha,"[45,55)",110.5446153846154,33,7,-0.047034040093421936,-0.43078324559398673,0.17551138950088493,-0.047034040093421936,-0.43078324559398673,0.17551138950088493
storage_rate,control_soc_mean_T_ha,"[45,55)",113.77615384615386,33,7,-0.06928373850656276,-0.4416614184833385,0.17551138950088493,-0.06928373850656276,-0.4416614184833385,0.17551138950088493
storage_rate,control_soc_mean_T_ha,"[45,55)",117.00769230769232,33,7,-0.0893096307461912,-0.4725348943957325,0.17551138950088493,-0.0893096307461912,-0.4725348943957325,0.17551138950088493
storage_rate,control_soc_mean_T_ha,"[45,55)",120.23923076923079,33,7,-0.0893096307461912,-0.612150131727597,0.17551138950088493,-0.0893096307461912,-0.612150131727597,0.17551138950088493
storage_rate,control_soc_mean_T_ha,"[45,55)",123.47076923076925,33,7,-0.0893096307461912,-0.619322327202694,0.17551138950088493,-0.0893096307461912,-0.619322327202694,0.17551138950088493
storage_rate,control_soc_mean_T_ha,"[45,55)",126.70230769230771,33,7,-0.0893096307461912,-0.619322327202694,0.18267420635728,-0.0893096307461912,-0.619322327202694,0.18267420635728
storage_rate,control_soc_mean_T_ha,"[45,55)",129.93384615384616,33,7,-0.0893096307461912,-0.619322327202694,0.18267420635728,-0.0893096307461912,-0.619322327202694,0.18267420635728
storage_rate,control_soc_mean_T_ha,"[45,55)",133.16538461538465,33,7,-0.08521758053790436,-0.6216301992112263,0.37408158035779543,-0.08521758053790436,-0.6216301992112263,0.37408158035779543
storage_rate,control_soc_mean_T_ha,"[45,55)",136.3969230769231,33,7,-0.10970925929194146,-0.665357863118477,0.37408158035779543,-0.10970925929194146,-0.665357863118477,0.37408158035779543
storage_rate,control_soc_mean_T_ha,"[45,55)",139.62846153846158,33,7,-0.10970925929194146,-0.665357863118477,0.37408158035779543,-0.10970925929194146,-0.665357863118477,0.37408158035779543
storage_rate,control_soc_mean_T_ha,"[45,55)",142.86,33,7,-0.10970925929194146,-0.665357863118477,0.4004450173611104,-0.10970925929194146,-0.665357863118477,0.4004450173611104
storage_rate,control_soc_mean_T_ha,"[55,75]",14.64,2,2,0.6308064609766006,0.05026176664978267,1.155567952990532,0.6308064609766006,0.05026176664978267,1.155567952990532
storage_rate,control_soc_mean_T_ha,"[55,75]",15.06974358974359,2,2,0.6308064609766006,0.05026176664978267,1.155567952990532,0.6308064609766006,0.05026176664978267,1.155567952990532
storage_rate,control_soc_mean_T_ha,"[55,75]",15.49948717948718,2,2,0.6308064609766006,0.05550631592050196,1.155567952990532,0.6308064609766006,0.05550631592050196,1.155567952990532
storage_rate,control_soc_mean_T_ha,"[55,75]",15.92923076923077,2,2,0.6308064609766006,0.05550631592050196,1.155567952990532,0.6308064609766006,0.05550631592050196,1.155567952990532
storage_rate,control_soc_mean_T_ha,"[55,75]",16.358974358974358,2,2,0.6308064609766006,0.11118891908554365,1.155567952990532,0.6308064609766006,0.11118891908554365,1.155567952990532
storage_rate,control_soc_mean_T_ha,"[55,75]",16.78871794871795,2,2,0.6308064609766006,0.11118891908554365,1.155567952990532,0.6308064609766006,0.11118891908554365,1.155567952990532
storage_rate,control_soc_mean_T_ha,"[55,75]",17.21846153846154,2,2,0.7284372895956039,0.11127511587692429,1.1768700622022155,0.7284372895956039,0.11127511587692429,1.1768700622022155
storage_rate,control_soc_mean_T_ha,"[55,75]",17.648205128205127,2,2,0.7284372895956039,0.11156116033671427,1.1768700622022155,0.7284372895956039,0.11156116033671427,1.1768700622022155
storage_rate,control_soc_mean_T_ha,"[55,75]",18.07794871794872,2,2,0.7284372895956039,0.17027817275375134,1.2262175232172015,0.7284372895956039,0.17027817275375134,1.2262175232172015
storage_rate,control_soc_mean_T_ha,"[55,75]",18.50769230769231,2,2,0.7532920688390732,0.1862626316957176,1.2520237997174262,0.7532920688390732,0.1862626316957176,1.2520237997174262
storage_rate,control_soc_mean_T_ha,"[55,75]",18.937435897435897,2,2,0.7532920688390732,0.1862626316957176,1.2520237997174262,0.7532920688390732,0.1862626316957176,1.2520237997174262
storage_rate,control_soc_mean_T_ha,"[55,75]",19.367179487179488,2,2,0.7532920688390732,0.0988481904845685,1.2287928104400636,0.7532920688390732,0.0988481904845685,1.2287928104400636
storage_rate,control_soc_mean_T_ha,"[55,75]",19.796923076923076,2,2,0.33713745325803757,-0.10033846702426666,0.8573989734053614,0.33713745325803757,-0.10033846702426666,0.8573989734053614
storage_rate,control_soc_mean_T_ha,"[55,75]",20.226666666666667,2,2,0.33713745325803757,-0.10266205295920365,0.8448018938302997,0.33713745325803757,-0.10266205295920365,0.8448018938302997
storage_rate,control_soc_mean_T_ha,"[55,75]",20.656410256410254,2,2,0.33713745325803757,-0.10266205295920365,0.874789734184742,0.33713745325803757,-0.10266205295920365,0.874789734184742
storage_rate,control_soc_mean_T_ha,"[55,75]",21.086153846153845,2,2,0.33713745325803757,-0.10266205295920365,0.874789734184742,0.33713745325803757,-0.10266205295920365,0.874789734184742
storage_rate,control_soc_mean_T_ha,"[55,75]",21.515897435897436,2,2,0.33713745325803757,-0.23488425472751254,0.874789734184742,0.33713745325803757,-0.23488425472751254,0.874789734184742
storage_rate,control_soc_mean_T_ha,"[55,75]",21.945641025641024,2,2,0.33713745325803757,-0.23488425472751254,0.874789734184742,0.33713745325803757,-0.23488425472751254,0.874789734184742
storage_rate,control_soc_mean_T_ha,"[55,75]",22.375384615384615,2,2,0.33713745325803757,-0.23488425472751254,0.874789734184742,0.33713745325803757,-0.23488425472751254,0.874789734184742
storage_rate,control_soc_mean_T_ha,"[55,75]",22.805128205128206,2,2,0.33713745325803757,-0.23488425472751254,0.8986471988260747,0.33713745325803757,-0.23488425472751254,0.8986471988260747
storage_rate,control_soc_mean_T_ha,"[55,75]",23.234871794871793,2,2,0.3717131018638611,-0.23488425472751254,0.8986471988260747,0.3717131018638611,-0.23488425472751254,0.8986471988260747
storage_rate,control_soc_mean_T_ha,"[55,75]",23.664615384615384,2,2,0.3717131018638611,-0.23488425472751254,0.8986471988260747,0.3717131018638611,-0.23488425472751254,0.8986471988260747
storage_rate,control_soc_mean_T_ha,"[55,75]",24.094358974358975,2,2,0.3717131018638611,-0.3388111164793372,0.8986471988260747,0.3717131018638611,-0.3388111164793372,0.8986471988260747
storage_rate,control_soc_mean_T_ha,"[55,75]",24.524102564102563,2,2,0.3717131018638611,-0.3388111164793372,0.8986774042248726,0.3717131018638611,-0.3388111164793372,0.8986774042248726
storage_rate,control_soc_mean_T_ha,"[55,75]",24.95384615384615,2,2,0.4022541344165802,-0.3388111164793372,0.8992064587771895,0.4022541344165802,-0.3388111164793372,0.8992064587771895
storage_rate,control_soc_mean_T_ha,"[55,75]",25.38358974358974,2,2,0.4022541344165802,-0.3388111164793372,0.9235309630632401,0.4022541344165802,-0.3388111164793372,0.9235309630632401
storage_rate,control_soc_mean_T_ha,"[55,75]",25.813333333333333,2,2,0.4022541344165802,-0.3388111164793372,0.9235309630632401,0.4022541344165802,-0.3388111164793372,0.9235309630632401
storage_rate,control_soc_mean_T_ha,"[55,75]",26.24307692307692,2,2,0.4022541344165802,-0.3388111164793372,0.9235309630632401,0.4022541344165802,-0.3388111164793372,0.9235309630632401
storage_rate,control_soc_mean_T_ha,"[55,75]",26.67282051282051,2,2,0.4022541344165802,-0.3388111164793372,0.9235309630632401,0.4022541344165802,-0.3388111164793372,0.9235309630632401
storage_rate,control_soc_mean_T_ha,"[55,75]",27.102564102564102,2,2,0.4022541344165802,-0.3388111164793372,0.9235309630632401,0.4022541344165802,-0.3388111164793372,0.9235309630632401
storage_rate,control_soc_mean_T_ha,"[55,75]",27.53230769230769,2,2,0.38045136630535126,-0.3388111164793372,0.9235309630632401,0.38045136630535126,-0.3388111164793372,0.9235309630632401
storage_rate,control_soc_mean_T_ha,"[55,75]",27.96205128205128,2,2,0.2618580013513565,-0.3388111164793372,0.9235309630632401,0.2618580013513565,-0.3388111164793372,0.9235309630632401
storage_rate,control_soc_mean_T_ha,"[55,75]",28.391794871794872,2,2,0.2618580013513565,-0.3588861944153905,0.9235309630632401,0.2618580013513565,-0.3588861944153905,0.9235309630632401
storage_rate,control_soc_mean_T_ha,"[55,75]",28.82153846153846,2,2,0.2618580013513565,-0.3592706637457013,0.8997867032885554,0.2618580013513565,-0.3592706637457013,0.8997867032885554
storage_rate,control_soc_mean_T_ha,"[55,75]",29.251282051282047,2,2,0.24308833479881287,-0.38444821760058406,0.842881138622761,0.24308833479881287,-0.38444821760058406,0.842881138622761
storage_rate,control_soc_mean_T_ha,"[55,75]",29.68102564102564,2,2,0.24308833479881287,-0.38444821760058406,0.842881138622761,0.24308833479881287,-0.38444821760058406,0.842881138622761
storage_rate,control_soc_mean_T_ha,"[55,75]",30.11076923076923,2,2,0.24308833479881287,-0.38444821760058406,0.8983654379844666,0.24308833479881287,-0.38444821760058406,0.8983654379844666
storage_rate,control_soc_mean_T_ha,"[55,75]",30.540512820512816,2,2,0.540853425860405,-0.32492186315357685,0.9731785506010057,0.540853425860405,-0.32492186315357685,0.9731785506010057
storage_rate,control_soc_mean_T_ha,"[55,75]",30.970256410256408,2,2,0.5805292874574661,-0.2866830756887793,1.028359516710043,0.5805292874574661,-0.2866830756887793,1.028359516710043
storage_rate,control_soc_mean_T_ha,"[55,75]",31.4,2,2,0.5805292874574661,-0.2866830756887793,1.028359516710043,0.5805292874574661,-0.2866830756887793,1.028359516710043
storage_rate,control_soc_mean_T_ha,0-30 cm,12,179,40,0.4197212626231449,0.25339930460947,0.81874186215121,0.4197212626231449,0.25339930460947,0.81874186215121
storage_rate,control_soc_mean_T_ha,0-30 cm,15.638461538461538,179,40,0.4197212626231449,0.25337640344758405,0.81874186215121,0.4197212626231449,0.25337640344758405,0.81874186215121
storage_rate,control_soc_mean_T_ha,0-30 cm,19.276923076923076,179,40,0.48291853544765345,0.25357136386472673,0.9851371413502619,0.48291853544765345,0.25357136386472673,0.9851371413502619
storage_rate,control_soc_mean_T_ha,0-30 cm,22.915384615384617,179,40,0.22560971342651526,0.10170815867259989,0.50683834831004,0.22560971342651526,0.10170815867259989,0.50683834831004
storage_rate,control_soc_mean_T_ha,0-30 cm,26.553846153846152,179,40,0.2510558164798182,0.10501089191438849,0.4925431455951836,0.2510558164798182,0.10501089191438849,0.4925431455951836
storage_rate,control_soc_mean_T_ha,0-30 cm,30.192307692307693,179,40,0.17101809815321564,-0.013640604289860013,0.5206801430816507,0.17101809815321564,-0.013640604289860013,0.5206801430816507
storage_rate,control_soc_mean_T_ha,0-30 cm,33.830769230769235,179,40,0.39818245509649797,0.11765686455843263,0.5743257098430612,0.39818245509649797,0.11765686455843263,0.5743257098430612
storage_rate,control_soc_mean_T_ha,0-30 cm,37.46923076923077,179,40,0.4241521595743116,0.1389766199216402,0.6456713226941214,0.4241521595743116,0.1389766199216402,0.6456713226941214
storage_rate,control_soc_mean_T_ha,0-30 cm,41.107692307692304,179,40,0.4241521595743116,0.157699767207628,0.7301385955102015,0.4241521595743116,0.157699767207628,0.7301385955102015
storage_rate,control_soc_mean_T_ha,0-30 cm,44.746153846153845,179,40,0.4241521595743116,0.1927056419670939,0.7208324056746982,0.4241521595743116,0.1927056419670939,0.7208324056746982
storage_rate,control_soc_mean_T_ha,0-30 cm,48.38461538461539,179,40,0.4672356038952672,0.24214879076689877,0.8593479923217158,0.4672356038952672,0.24214879076689877,0.8593479923217158
storage_rate,control_soc_mean_T_ha,0-30 cm,52.02307692307692,179,40,0.8176664673416307,0.3098202383739472,1.049878405523617,0.8176664673416307,0.3098202383739472,1.049878405523617
storage_rate,control_soc_mean_T_ha,0-30 cm,55.66153846153846,179,40,0.7580269208833492,0.3130711562499696,1.176630815264233,0.7580269208833492,0.3130711562499696,1.176630815264233
storage_rate,control_soc_mean_T_ha,0-30 cm,59.3,179,40,0.7713591246631559,0.24393346976129834,1.1765892089620316,0.7713591246631559,0.24393346976129834,1.1765892089620316
storage_rate,control_soc_mean_T_ha,0-30 cm,62.93846153846154,179,40,0.8193880106483759,0.09556639359629199,1.1587389187207031,0.8193880106483759,0.09556639359629199,1.1587389187207031
storage_rate,control_soc_mean_T_ha,0-30 cm,66.57692307692307,179,40,0.08932113801987648,-0.09142597106795292,0.39571446643221353,0.08932113801987648,-0.09142597106795292,0.39571446643221353
storage_rate,control_soc_mean_T_ha,0-30 cm,70.21538461538461,179,40,0.08932113801987648,-0.08928389738147366,0.37192127955098664,0.08932113801987648,-0.08928389738147366,0.37192127955098664
storage_rate,control_soc_mean_T_ha,0-30 cm,73.85384615384615,179,40,0.08783717537246769,-0.10126655945325443,0.3279115487095592,0.08783717537246769,-0.10126655945325443,0.3279115487095592
storage_rate,control_soc_mean_T_ha,0-30 cm,77.49230769230769,179,40,0.08582882899999113,-0.10126655945325443,0.34983692266145866,0.08582882899999113,-0.10126655945325443,0.34983692266145866
storage_rate,control_soc_mean_T_ha,0-30 cm,81.13076923076923,179,40,0.08582882899999113,-0.11084503011072991,0.36988395832182447,0.08582882899999113,-0.11084503011072991,0.36988395832182447
storage_rate,control_soc_mean_T_ha,0-30 cm,84.76923076923077,179,40,0.08582882899999113,-0.10796268608592793,0.5009716208771849,0.08582882899999113,-0.10796268608592793,0.5009716208771849
storage_rate,control_soc_mean_T_ha,0-30 cm,88.4076923076923,179,40,-0.09019434343315869,-0.2890559971378075,0.2417350403615924,-0.09019434343315869,-0.2890559971378075,0.2417350403615924
storage_rate,control_soc_mean_T_ha,0-30 cm,92.04615384615384,179,40,-0.08420282512299665,-0.2944580380496563,0.2417350403615924,-0.08420282512299665,-0.2944580380496563,0.2417350403615924
storage_rate,control_soc_mean_T_ha,0-30 cm,95.68461538461538,179,40,-0.08420282512299665,-0.2857838881308701,0.2417350403615924,-0.08420282512299665,-0.2857838881308701,0.2417350403615924
storage_rate,control_soc_mean_T_ha,0-30 cm,99.32307692307693,179,40,-0.04253737160717484,-0.2701176529613651,0.2417350403615924,-0.04253737160717484,-0.2701176529613651,0.2417350403615924
storage_rate,control_soc_mean_T_ha,0-30 cm,102.96153846153847,179,40,-0.04253737160717484,-0.2701176529613651,0.2417350403615924,-0.04253737160717484,-0.2701176529613651,0.2417350403615924
storage_rate,control_soc_mean_T_ha,0-30 cm,106.6,179,40,-0.04253737160717484,-0.2701176529613651,0.2507553054744315,-0.04253737160717484,-0.2701176529613651,0.2507553054744315
storage_rate,control_soc_mean_T_ha,0-30 cm,110.23846153846154,179,40,-0.04253737160717484,-0.2701176529613651,0.2507553054744315,-0.04253737160717484,-0.2701176529613651,0.2507553054744315
storage_rate,control_soc_mean_T_ha,0-30 cm,113.87692307692308,179,40,-0.05292885376702396,-0.28147646216376476,0.2417350403615924,-0.05292885376702396,-0.28147646216376476,0.2417350403615924
storage_rate,control_soc_mean_T_ha,0-30 cm,117.51538461538462,179,40,-0.0600452855978599,-0.28147646216376476,0.2373075940712569,-0.0600452855978599,-0.28147646216376476,0.2373075940712569
storage_rate,control_soc_mean_T_ha,0-30 cm,121.15384615384615,179,40,-0.0600452855978599,-0.3037966898244456,0.2548116610045988,-0.0600452855978599,-0.3037966898244456,0.2548116610045988
storage_rate,control_soc_mean_T_ha,0-30 cm,124.79230769230769,179,40,-0.0600452855978599,-0.33060970557138175,0.2548116610045988,-0.0600452855978599,-0.33060970557138175,0.2548116610045988
storage_rate,control_soc_mean_T_ha,0-30 cm,128.43076923076922,179,40,-0.0600452855978599,-0.33060970557138175,0.28428945477737155,-0.0600452855978599,-0.33060970557138175,0.28428945477737155
storage_rate,control_soc_mean_T_ha,0-30 cm,132.06923076923078,179,40,-0.0306236798713743,-0.33060970557138175,0.534478162669488,-0.0306236798713743,-0.33060970557138175,0.534478162669488
storage_rate,control_soc_mean_T_ha,0-30 cm,135.7076923076923,179,40,-0.047042684952140465,-0.3782526674589361,0.534478162669488,-0.047042684952140465,-0.3782526674589361,0.534478162669488
storage_rate,control_soc_mean_T_ha,0-30 cm,139.34615384615384,179,40,-0.047042684952140465,-0.3782526674589361,0.534478162669488,-0.047042684952140465,-0.3782526674589361,0.534478162669488
storage_rate,control_soc_mean_T_ha,0-30 cm,142.98461538461538,179,40,-0.047042684952140465,-0.3782526674589361,0.5659383187801499,-0.047042684952140465,-0.3782526674589361,0.5659383187801499
storage_rate,control_soc_mean_T_ha,0-30 cm,146.62307692307692,179,40,-0.047042684952140465,-0.3782526674589361,0.5659383187801499,-0.047042684952140465,-0.3782526674589361,0.5659383187801499
storage_rate,control_soc_mean_T_ha,0-30 cm,150.26153846153846,179,40,0.2845110200949055,-0.3782526674589361,0.609388276193728,0.2845110200949055,-0.3782526674589361,0.609388276193728
storage_rate,control_soc_mean_T_ha,0-30 cm,153.9,179,40,0.2845110200949055,-0.3782526674589361,0.609388276193728,0.2845110200949055,-0.3782526674589361,0.609388276193728
storage_rate,control_soc_mean_T_ha,45-75 cm,14.64,35,8,0.8197259758199964,0.33399710803691834,1.0651938164872783,0.8197259758199964,0.33399710803691834,1.0651938164872783
storage_rate,control_soc_mean_T_ha,45-75 cm,17.927692307692308,35,8,0.9385803784642901,0.3337845796293446,1.1472762350844488,0.9385803784642901,0.3337845796293446,1.1472762350844488
storage_rate,control_soc_mean_T_ha,45-75 cm,21.215384615384618,35,8,0.3463773123919964,0.08784590202250653,0.6653463584291083,0.3463773123919964,0.08784590202250653,0.6653463584291083
storage_rate,control_soc_mean_T_ha,45-75 cm,24.503076923076925,35,8,0.3484480695000717,0.05552923197724984,0.6541423640613045,0.3484480695000717,0.05552923197724984,0.6541423640613045
storage_rate,control_soc_mean_T_ha,45-75 cm,27.790769230769236,35,8,0.20027174962950606,0.03210410507262818,0.6540640686239516,0.20027174962950606,0.03210410507262818,0.6540640686239516
storage_rate,control_soc_mean_T_ha,45-75 cm,31.078461538461543,35,8,0.5834101174558912,0.04888750834922705,0.9586064554005861,0.5834101174558912,0.04888750834922705,0.9586064554005861
storage_rate,control_soc_mean_T_ha,45-75 cm,34.36615384615385,35,8,0.5834101174558912,0.09206470039772933,0.9901676689194782,0.5834101174558912,0.09206470039772933,0.9901676689194782
storage_rate,control_soc_mean_T_ha,45-75 cm,37.65384615384616,35,8,0.6873696778501783,0.11972949421033265,1.0765123260260698,0.6873696778501783,0.11972949421033265,1.0765123260260698
storage_rate,control_soc_mean_T_ha,45-75 cm,40.94153846153847,35,8,0.6873696778501783,0.13332253094230384,1.1734165551114297,0.6873696778501783,0.13332253094230384,1.1734165551114297
storage_rate,control_soc_mean_T_ha,45-75 cm,44.229230769230774,35,8,0.6873696778501783,0.16990000928452773,1.2034902952398574,0.6873696778501783,0.16990000928452773,1.2034902952398574
storage_rate,control_soc_mean_T_ha,45-75 cm,47.516923076923085,35,8,0.6873696778501783,0.2015179527870247,1.297261707697596,0.6873696778501783,0.2015179527870247,1.297261707697596
storage_rate,control_soc_mean_T_ha,45-75 cm,50.804615384615396,35,8,1.2641188953604017,0.21648016378981996,1.5370953079845224,1.2641188953604017,0.21648016378981996,1.5370953079845224
storage_rate,control_soc_mean_T_ha,45-75 cm,54.0923076923077,35,8,1.2939425161906652,0.2973980988934637,1.6101749802061491,1.2939425161906652,0.2973980988934637,1.6101749802061491
storage_rate,control_soc_mean_T_ha,45-75 cm,57.38000000000001,35,8,1.2613095905099596,0.25877206159489496,1.6101749802061491,1.2613095905099596,0.25877206159489496,1.6101749802061491
storage_rate,control_soc_mean_T_ha,45-75 cm,60.66769230769232,35,8,1.2751280554703304,0.19939056266365315,1.6101749802061491,1.2751280554703304,0.19939056266365315,1.6101749802061491
storage_rate,control_soc_mean_T_ha,45-75 cm,63.955384615384624,35,8,-0.11873126273442591,-0.3365518184964146,0.7840547450738294,-0.11873126273442591,-0.3365518184964146,0.7840547450738294
storage_rate,control_soc_mean_T_ha,45-75 cm,67.24307692307693,35,8,-0.0704532584707652,-0.30205172277987,0.5615331019381332,-0.0704532584707652,-0.30205172277987,0.5615331019381332
storage_rate,control_soc_mean_T_ha,45-75 cm,70.53076923076924,35,8,-0.0704532584707652,-0.3104341877145427,0.46205725519518825,-0.0704532584707652,-0.3104341877145427,0.46205725519518825
storage_rate,control_soc_mean_T_ha,45-75 cm,73.81846153846155,35,8,-0.0704532584707652,-0.31867308702053765,0.37681380386863544,-0.0704532584707652,-0.31867308702053765,0.37681380386863544
storage_rate,control_soc_mean_T_ha,45-75 cm,77.10615384615386,35,8,-0.08414826547460899,-0.3745036545608725,0.3766138429088262,-0.08414826547460899,-0.3745036545608725,0.3766138429088262
storage_rate,control_soc_mean_T_ha,45-75 cm,80.39384615384617,35,8,-0.09239708914288455,-0.41361817550579355,0.32003556920082454,-0.09239708914288455,-0.41361817550579355,0.32003556920082454
storage_rate,control_soc_mean_T_ha,45-75 cm,83.68153846153848,35,8,-0.09239708914288455,-0.38334874878903585,0.32978296163358867,-0.09239708914288455,-0.38334874878903585,0.32978296163358867
storage_rate,control_soc_mean_T_ha,45-75 cm,86.96923076923079,35,8,-0.0764405344213758,-0.46496678792472396,0.183153880480677,-0.0764405344213758,-0.46496678792472396,0.183153880480677
storage_rate,control_soc_mean_T_ha,45-75 cm,90.25692307692309,35,8,-0.0764405344213758,-0.46496678792472396,0.18307763578835884,-0.0764405344213758,-0.46496678792472396,0.18307763578835884
storage_rate,control_soc_mean_T_ha,45-75 cm,93.5446153846154,35,8,-0.05882120004722048,-0.46496678792472396,0.18940363671264748,-0.05882120004722048,-0.46496678792472396,0.18940363671264748
storage_rate,control_soc_mean_T_ha,45-75 cm,96.83230769230771,35,8,-0.05882120004722048,-0.43315960802670034,0.18940363671264748,-0.05882120004722048,-0.43315960802670034,0.18940363671264748
storage_rate,control_soc_mean_T_ha,45-75 cm,100.12000000000002,35,8,-0.05882120004722048,-0.43315960802670034,0.18940363671264748,-0.05882120004722048,-0.43315960802670034,0.18940363671264748
storage_rate,control_soc_mean_T_ha,45-75 cm,103.40769230769233,35,8,-0.05882120004722048,-0.43315960802670034,0.19600155133454664,-0.05882120004722048,-0.43315960802670034,0.19600155133454664
storage_rate,control_soc_mean_T_ha,45-75 cm,106.69538461538464,35,8,-0.05882120004722048,-0.4331379331169384,0.2012246883753687,-0.05882120004722048,-0.4331379331169384,0.2012246883753687
storage_rate,control_soc_mean_T_ha,45-75 cm,109.98307692307694,35,8,-0.05882120004722048,-0.4331379331169384,0.19441387702478097,-0.05882120004722048,-0.4331379331169384,0.19441387702478097
storage_rate,control_soc_mean_T_ha,45-75 cm,113.27076923076925,35,8,-0.05882120004722048,-0.4331379331169384,0.19441387702478097,-0.05882120004722048,-0.4331379331169384,0.19441387702478097
storage_rate,control_soc_mean_T_ha,45-75 cm,116.55846153846156,35,8,-0.10122393007789338,-0.4684481657030327,0.19441387702478097,-0.10122393007789338,-0.4684481657030327,0.19441387702478097
storage_rate,control_soc_mean_T_ha,45-75 cm,119.84615384615387,35,8,-0.10122393007789338,-0.6222640872480614,0.19441387702478097,-0.10122393007789338,-0.6222640872480614,0.19441387702478097
storage_rate,control_soc_mean_T_ha,45-75 cm,123.13384615384618,35,8,-0.10122393007789338,-0.6330927189492753,0.19441387702478097,-0.10122393007789338,-0.6330927189492753,0.19441387702478097
storage_rate,control_soc_mean_T_ha,45-75 cm,126.42153846153849,35,8,-0.10122393007789338,-0.6330927189492753,0.19441387702478097,-0.10122393007789338,-0.6330927189492753,0.19441387702478097
storage_rate,control_soc_mean_T_ha,45-75 cm,129.7092307692308,35,8,-0.10122393007789338,-0.6330927189492753,0.19441387702478097,-0.10122393007789338,-0.6330927189492753,0.19441387702478097
storage_rate,control_soc_mean_T_ha,45-75 cm,132.9969230769231,35,8,-0.09736571131008014,-0.6330927189492753,0.37769183935331446,-0.09736571131008014,-0.6330927189492753,0.37769183935331446
storage_rate,control_soc_mean_T_ha,45-75 cm,136.2846153846154,35,8,-0.12185739028666702,-0.6612027181738188,0.37769183935331446,-0.12185739028666702,-0.6612027181738188,0.37769183935331446
storage_rate,control_soc_mean_T_ha,45-75 cm,139.57230769230773,35,8,-0.12185739028666702,-0.6612027181738188,0.37769183935331446,-0.12185739028666702,-0.6612027181738188,0.37769183935331446
storage_rate,control_soc_mean_T_ha,45-75 cm,142.86,35,8,-0.12185739028666702,-0.6612027181738188,0.41148244002035683,-0.12185739028666702,-0.6612027181738188,0.41148244002035683
storage_rate,temperature,"[0,15)",14,136,36,0.3560634794412181,0.10411490707192576,0.6581382961630451,0.3560634794412181,0.10411490707192576,0.6581382961630451
storage_rate,temperature,"[0,15)",14.35897435897436,136,36,0.3560634794412181,0.10411490707192576,0.6581382961630451,0.3560634794412181,0.10411490707192576,0.6581382961630451
storage_rate,temperature,"[0,15)",14.717948717948717,136,36,0.3560634794412181,0.10411490707192576,0.6581382961630451,0.3560634794412181,0.10411490707192576,0.6581382961630451
storage_rate,temperature,"[0,15)",15.076923076923077,136,36,0.3560634794412181,0.10411490707192576,0.6581382961630451,0.3560634794412181,0.10411490707192576,0.6581382961630451
storage_rate,temperature,"[0,15)",15.435897435897436,136,36,0.3560634794412181,0.10411490707192576,0.6581382961630451,0.3560634794412181,0.10411490707192576,0.6581382961630451
storage_rate,temperature,"[0,15)",15.794871794871796,136,36,0.3560634794412181,0.13331408344486545,0.6581382961630451,0.3560634794412181,0.13331408344486545,0.6581382961630451
storage_rate,temperature,"[0,15)",16.153846153846153,136,36,0.3560634794412181,0.13331408344486545,0.6581382961630451,0.3560634794412181,0.13331408344486545,0.6581382961630451
storage_rate,temperature,"[0,15)",16.51282051282051,136,36,0.3560634794412181,0.13331408344486545,0.6581382961630451,0.3560634794412181,0.13331408344486545,0.6581382961630451
storage_rate,temperature,"[0,15)",16.871794871794872,136,36,0.3560634794412181,0.14948007282706846,0.6709844891683828,0.3560634794412181,0.14948007282706846,0.6709844891683828
storage_rate,temperature,"[0,15)",17.23076923076923,136,36,0.3560634794412181,0.14948007282706846,0.6709844891683828,0.3560634794412181,0.14948007282706846,0.6709844891683828
storage_rate,temperature,"[0,15)",17.58974358974359,136,36,0.3429374500821508,0.15101377644511085,0.6709844891683828,0.3429374500821508,0.15101377644511085,0.6709844891683828
storage_rate,temperature,"[0,15)",17.94871794871795,136,36,0.3429374500821508,0.15101377644511085,0.6709844891683828,0.3429374500821508,0.15101377644511085,0.6709844891683828
storage_rate,temperature,"[0,15)",18.307692307692307,136,36,0.3429374500821508,0.15101377644511085,0.6709844891683828,0.3429374500821508,0.15101377644511085,0.6709844891683828
storage_rate,temperature,"[0,15)",18.666666666666668,136,36,0.47885784791672925,0.15101377644511085,0.6709844891683828,0.47885784791672925,0.15101377644511085,0.6709844891683828
storage_rate,temperature,"[0,15)",19.025641025641026,136,36,0.47885784791672925,0.15101377644511085,0.6709844891683828,0.47885784791672925,0.15101377644511085,0.6709844891683828
storage_rate,temperature,"[0,15)",19.384615384615387,136,36,0.47885784791672925,0.15101377644511085,0.6709844891683828,0.47885784791672925,0.15101377644511085,0.6709844891683828
storage_rate,temperature,"[0,15)",19.743589743589745,136,36,0.47885784791672925,0.16521956668584623,0.6709844891683828,0.47885784791672925,0.16521956668584623,0.6709844891683828
storage_rate,temperature,"[0,15)",20.102564102564102,136,36,0.4432037237155087,0.16701366188901695,0.6257039327872062,0.4432037237155087,0.16701366188901695,0.6257039327872062
storage_rate,temperature,"[0,15)",20.46153846153846,136,36,0.4432037237155087,0.16701366188901695,0.5930576173249659,0.4432037237155087,0.16701366188901695,0.5930576173249659
storage_rate,temperature,"[0,15)",20.82051282051282,136,36,0.4432037237155087,0.16701366188901695,0.5979789315363365,0.4432037237155087,0.16701366188901695,0.5979789315363365
storage_rate,temperature,"[0,15)",21.17948717948718,136,36,0.4432037237155087,0.15765237718279573,0.5980707499660853,0.4432037237155087,0.15765237718279573,0.5980707499660853
storage_rate,temperature,"[0,15)",21.53846153846154,136,36,0.4432037237155087,0.1574609419279594,0.5934970343203853,0.4432037237155087,0.1574609419279594,0.5934970343203853
storage_rate,temperature,"[0,15)",21.897435897435898,136,36,0.4395607759189956,0.1574609419279594,0.5898685405832058,0.4395607759189956,0.1574609419279594,0.5898685405832058
storage_rate,temperature,"[0,15)",22.256410256410255,136,36,0.4258345395107479,0.15857910716132378,0.5797839177109007,0.4258345395107479,0.15857910716132378,0.5797839177109007
storage_rate,temperature,"[0,15)",22.615384615384613,136,36,0.42681661105769514,0.15857910716132378,0.5856071140693315,0.42681661105769514,0.15857910716132378,0.5856071140693315
storage_rate,temperature,"[0,15)",22.974358974358974,136,36,0.42681661105769514,0.15857910716132378,0.5856071140693315,0.42681661105769514,0.15857910716132378,0.5856071140693315
storage_rate,temperature,"[0,15)",23.333333333333336,136,36,0.42681661105769514,0.1290943431373519,0.5840053017169017,0.42681661105769514,0.1290943431373519,0.5840053017169017
storage_rate,temperature,"[0,15)",23.692307692307693,136,36,0.3383979756275521,0.11101007465239325,0.5615066577414195,0.3383979756275521,0.11101007465239325,0.5615066577414195
storage_rate,temperature,"[0,15)",24.05128205128205,136,36,0.3383979756275521,0.09989524479544126,0.5615066577414195,0.3383979756275521,0.09989524479544126,0.5615066577414195
storage_rate,temperature,"[0,15)",24.41025641025641,136,36,0.3383979756275521,0.09998885298065191,0.5615066577414195,0.3383979756275521,0.09998885298065191,0.5615066577414195
storage_rate,temperature,"[0,15)",24.76923076923077,136,36,0.3383979756275521,0.1110011201743285,0.5517090196378003,0.3383979756275521,0.1110011201743285,0.5517090196378003
storage_rate,temperature,"[0,15)",25.128205128205128,136,36,0.3383979756275521,0.11116713698634963,0.5517090196378003,0.3383979756275521,0.11116713698634963,0.5517090196378003
storage_rate,temperature,"[0,15)",25.48717948717949,136,36,0.32727901966256256,0.11117609146441437,0.5465995251810561,0.32727901966256256,0.11117609146441437,0.5465995251810561
storage_rate,temperature,"[0,15)",25.846153846153847,136,36,0.32727901966256256,0.10501537309627398,0.5493025970936288,0.32727901966256256,0.10501537309627398,0.5493025970936288
storage_rate,temperature,"[0,15)",26.205128205128204,136,36,0.23988596869714784,0.08199296613747727,0.49662372251794495,0.23988596869714784,0.08199296613747727,0.49662372251794495
storage_rate,temperature,"[0,15)",26.564102564102562,136,36,0.23988596869714784,0.08226271751148441,0.5199808703598514,0.23988596869714784,0.08226271751148441,0.5199808703598514
storage_rate,temperature,"[0,15)",26.923076923076923,136,36,0.23988596869714784,0.07101276021327488,0.5200184657265818,0.23988596869714784,0.07101276021327488,0.5200184657265818
storage_rate,temperature,"[0,15)",27.282051282051285,136,36,0.3583853099536261,0.13386467646769784,0.5539293887021759,0.3583853099536261,0.13386467646769784,0.5539293887021759
storage_rate,temperature,"[0,15)",27.641025641025642,136,36,0.4925615741419332,0.2862365095367699,0.7069223618141705,0.4925615741419332,0.2862365095367699,0.7069223618141705
storage_rate,temperature,"[0,15)",28,136,36,0.4925615741419332,0.2862365095367699,0.7069223618141705,0.4925615741419332,0.2862365095367699,0.7069223618141705
storage_rate,temperature,"[15,30)",14.5,43,16,0.10122174319139744,-0.04233932680190473,0.43846478722339804,0.10122174319139744,-0.04233932680190473,0.43846478722339804
storage_rate,temperature,"[15,30)",14.846153846153847,43,16,0.10122174319139744,-0.04233932680190473,0.43846478722339804,0.10122174319139744,-0.04233932680190473,0.43846478722339804
storage_rate,temperature,"[15,30)",15.192307692307692,43,16,0.10122174319139744,-0.04233932680190473,0.43846478722339804,0.10122174319139744,-0.04233932680190473,0.43846478722339804
storage_rate,temperature,"[15,30)",15.538461538461538,43,16,0.10122174319139744,-0.04237657055626945,0.43846478722339804,0.10122174319139744,-0.04237657055626945,0.43846478722339804
storage_rate,temperature,"[15,30)",15.884615384615385,43,16,0.10122174319139744,-0.04237657055626945,0.43846478722339804,0.10122174319139744,-0.04237657055626945,0.43846478722339804
storage_rate,temperature,"[15,30)",16.23076923076923,43,16,0.10122174319139744,-0.04237657055626945,0.43334170939660704,0.10122174319139744,-0.04237657055626945,0.43334170939660704
storage_rate,temperature,"[15,30)",16.576923076923077,43,16,0.10122174319139744,-0.026371465906024343,0.4531717826005852,0.10122174319139744,-0.026371465906024343,0.4531717826005852
storage_rate,temperature,"[15,30)",16.923076923076923,43,16,0.10122174319139744,-0.026371465906024343,0.4531717826005852,0.10122174319139744,-0.026371465906024343,0.4531717826005852
storage_rate,temperature,"[15,30)",17.26923076923077,43,16,0.10122174319139744,-0.014504751716848736,0.47738087872086576,0.10122174319139744,-0.014504751716848736,0.47738087872086576
storage_rate,temperature,"[15,30)",17.615384615384617,43,16,0.09380837304647581,-0.01536106616258633,0.47738087872086576,0.09380837304647581,-0.01536106616258633,0.47738087872086576
storage_rate,temperature,"[15,30)",17.96153846153846,43,16,0.09380837304647581,-0.01536106616258633,0.47738087872086576,0.09380837304647581,-0.01536106616258633,0.47738087872086576
storage_rate,temperature,"[15,30)",18.307692307692307,43,16,0.09380837304647581,-0.01536106616258633,0.47738087872086576,0.09380837304647581,-0.01536106616258633,0.47738087872086576
storage_rate,temperature,"[15,30)",18.653846153846153,43,16,0.2135130763487067,-0.01536106616258633,0.47738087872086576,0.2135130763487067,-0.01536106616258633,0.47738087872086576
storage_rate,temperature,"[15,30)",19,43,16,0.2135130763487067,-0.01536106616258633,0.47738087872086576,0.2135130763487067,-0.01536106616258633,0.47738087872086576
storage_rate,temperature,"[15,30)",19.346153846153847,43,16,0.2135130763487067,-0.01536106616258633,0.47738087872086576,0.2135130763487067,-0.01536106616258633,0.47738087872086576
storage_rate,temperature,"[15,30)",19.692307692307693,43,16,0.2135130763487067,0.010661783326027314,0.4530776789346927,0.2135130763487067,0.010661783326027314,0.4530776789346927
storage_rate,temperature,"[15,30)",20.03846153846154,43,16,0.18738423928964973,0.012351447325416407,0.3991424060188408,0.18738423928964973,0.012351447325416407,0.3991424060188408
storage_rate,temperature,"[15,30)",20.384615384615383,43,16,0.18738423928964973,0.012351447325416407,0.38624183056919387,0.18738423928964973,0.012351447325416407,0.38624183056919387
storage_rate,temperature,"[15,30)",20.73076923076923,43,16,0.18738423928964973,0.012351447325416407,0.36455191978534995,0.18738423928964973,0.012351447325416407,0.36455191978534995
storage_rate,temperature,"[15,30)",21.076923076923077,43,16,0.18738423928964973,0.010586510784788611,0.35829747486101515,0.18738423928964973,0.010586510784788611,0.35829747486101515
storage_rate,temperature,"[15,30)",21.423076923076923,43,16,0.18738423928964973,0.010586510784788611,0.35829747486101515,0.18738423928964973,0.010586510784788611,0.35829747486101515
storage_rate,temperature,"[15,30)",21.76923076923077,43,16,0.18738423928964973,0.009744024181029237,0.35829747486101515,0.18738423928964973,0.009744024181029237,0.35829747486101515
storage_rate,temperature,"[15,30)",22.115384615384613,43,16,0.17094513877879738,0.0062177499875339555,0.35586609706867395,0.17094513877879738,0.0062177499875339555,0.35586609706867395
storage_rate,temperature,"[15,30)",22.46153846153846,43,16,0.17094513877879738,0.006669319432288328,0.35612410142757867,0.17094513877879738,0.006669319432288328,0.35612410142757867
storage_rate,temperature,"[15,30)",22.807692307692307,43,16,0.17482774375483046,0.006669319432288328,0.36794963355371085,0.17482774375483046,0.006669319432288328,0.36794963355371085
storage_rate,temperature,"[15,30)",23.153846153846153,43,16,0.17482774375483046,-0.033721053594896654,0.36794963355371085,0.17482774375483046,-0.033721053594896654,0.36794963355371085
storage_rate,temperature,"[15,30)",23.5,43,16,0.08210916869169056,-0.03476052286244147,0.3618568321045619,0.08210916869169056,-0.03476052286244147,0.3618568321045619
storage_rate,temperature,"[15,30)",23.846153846153847,43,16,0.08210916869169056,-0.03476052286244147,0.3618418207310877,0.08210916869169056,-0.03476052286244147,0.3618418207310877
storage_rate,temperature,"[15,30)",24.192307692307693,43,16,0.08210916869169056,-0.03476052286244147,0.3618418207310877,0.08210916869169056,-0.03476052286244147,0.3618418207310877
storage_rate,temperature,"[15,30)",24.53846153846154,43,16,0.08210916869169056,-0.03477548282149484,0.36677829173155313,0.08210916869169056,-0.03477548282149484,0.36677829173155313
storage_rate,temperature,"[15,30)",24.884615384615387,43,16,0.08210916869169056,-0.03477548282149484,0.31105838117465856,0.08210916869169056,-0.03477548282149484,0.31105838117465856
storage_rate,temperature,"[15,30)",25.23076923076923,43,16,0.09142053006000302,-0.03477548282149484,0.3273235038023031,0.09142053006000302,-0.03477548282149484,0.3273235038023031
storage_rate,temperature,"[15,30)",25.576923076923077,43,16,0.09092574839501882,-0.04467812408747272,0.3125223003057114,0.09092574839501882,-0.04467812408747272,0.3125223003057114
storage_rate,temperature,"[15,30)",25.923076923076923,43,16,0.09092574839501882,-0.05844439941696651,0.3125223003057114,0.09092574839501882,-0.05844439941696651,0.3125223003057114
storage_rate,temperature,"[15,30)",26.269230769230766,43,16,0.04756021274383681,-0.07186336124175075,0.3184444669655763,0.04756021274383681,-0.07186336124175075,0.3184444669655763
storage_rate,temperature,"[15,30)",26.615384615384613,43,16,0.04756021274383681,-0.06817450884588844,0.3467867505823287,0.04756021274383681,-0.06817450884588844,0.3467867505823287
storage_rate,temperature,"[15,30)",26.96153846153846,43,16,0.04756021274383681,-0.07030096176177873,0.3513497052508474,0.04756021274383681,-0.07030096176177873,0.3513497052508474
storage_rate,temperature,"[15,30)",27.307692307692307,43,16,0.18455437683435374,-0.049877040411973786,0.49436557029568867,0.18455437683435374,-0.049877040411973786,0.49436557029568867
storage_rate,temperature,"[15,30)",27.653846153846153,43,16,0.34613535535890005,0.06447944594222273,0.6345720823264009,0.34613535535890005,0.06447944594222273,0.6345720823264009
storage_rate,temperature,"[15,30)",28,43,16,0.34613535535890005,0.06447944594222273,0.6345720823264009,0.34613535535890005,0.06447944594222273,0.6345720823264009
storage_rate,temperature,"[30,45)",17,35,9,0.3199991861092193,0.06631973332592422,0.7242680384697658,0.3199991861092193,0.06631973332592422,0.7242680384697658
storage_rate,temperature,"[30,45)",17.28205128205128,35,9,0.3199991861092193,0.06631973332592422,0.7242680384697658,0.3199991861092193,0.06631973332592422,0.7242680384697658
storage_rate,temperature,"[30,45)",17.564102564102566,35,9,0.3181776162236929,0.06631973332592422,0.7242680384697658,0.3181776162236929,0.06631973332592422,0.7242680384697658
storage_rate,temperature,"[30,45)",17.846153846153847,35,9,0.3181776162236929,0.06631973332592422,0.7242680384697658,0.3181776162236929,0.06631973332592422,0.7242680384697658
storage_rate,temperature,"[30,45)",18.128205128205128,35,9,0.3181776162236929,0.06631973332592422,0.7242680384697658,0.3181776162236929,0.06631973332592422,0.7242680384697658
storage_rate,temperature,"[30,45)",18.41025641025641,35,9,0.4380087754556111,0.07355371400447823,0.72946295942579,0.4380087754556111,0.07355371400447823,0.72946295942579
storage_rate,temperature,"[30,45)",18.692307692307693,35,9,0.4380087754556111,0.07355371400447823,0.7398752114655716,0.4380087754556111,0.07355371400447823,0.7398752114655716
storage_rate,temperature,"[30,45)",18.974358974358974,35,9,0.4380087754556111,0.07355371400447823,0.7398752114655716,0.4380087754556111,0.07355371400447823,0.7398752114655716
storage_rate,temperature,"[30,45)",19.256410256410255,35,9,0.4380087754556111,0.07360507840889367,0.7398752114655716,0.4380087754556111,0.07360507840889367,0.7398752114655716
storage_rate,temperature,"[30,45)",19.53846153846154,35,9,0.4380087754556111,0.08480913231415406,0.7399739225049105,0.4380087754556111,0.08480913231415406,0.7399739225049105
storage_rate,temperature,"[30,45)",19.82051282051282,35,9,0.4380087754556111,0.0751909858493933,0.7217875200616461,0.4380087754556111,0.0751909858493933,0.7217875200616461
storage_rate,temperature,"[30,45)",20.102564102564102,35,9,0.4228029732193266,0.0751909858493933,0.6732344310038857,0.4228029732193266,0.0751909858493933,0.6732344310038857
storage_rate,temperature,"[30,45)",20.384615384615383,35,9,0.4228029732193266,0.0751909858493933,0.6660834658411997,0.4228029732193266,0.0751909858493933,0.6660834658411997
storage_rate,temperature,"[30,45)",20.666666666666668,35,9,0.4228029732193266,0.0751909858493933,0.6577270684178387,0.4228029732193266,0.0751909858493933,0.6577270684178387
storage_rate,temperature,"[30,45)",20.94871794871795,35,9,0.4228029732193266,0.0751909858493933,0.6577270684178387,0.4228029732193266,0.0751909858493933,0.6577270684178387
storage_rate,temperature,"[30,45)",21.23076923076923,35,9,0.4228029732193266,0.0751909858493933,0.6577270684178387,0.4228029732193266,0.0751909858493933,0.6577270684178387
storage_rate,temperature,"[30,45)",21.51282051282051,35,9,0.4228029732193266,0.07628162964047595,0.6464151852258615,0.4228029732193266,0.07628162964047595,0.6464151852258615
storage_rate,temperature,"[30,45)",21.794871794871796,35,9,0.4228029732193266,0.07183161392009689,0.6464151852258615,0.4228029732193266,0.07183161392009689,0.6464151852258615
storage_rate,temperature,"[30,45)",22.076923076923077,35,9,0.4069006626095091,0.07165136965656925,0.6326012303360872,0.4069006626095091,0.07165136965656925,0.6326012303360872
storage_rate,temperature,"[30,45)",22.358974358974358,35,9,0.4069006626095091,0.07165136965656925,0.6406601596517223,0.4069006626095091,0.07165136965656925,0.6406601596517223
storage_rate,temperature,"[30,45)",22.641025641025642,35,9,0.41071671204907556,0.07165136965656925,0.6421646442690065,0.41071671204907556,0.07165136965656925,0.6421646442690065
storage_rate,temperature,"[30,45)",22.923076923076923,35,9,0.41071671204907556,0.07165136965656925,0.6421646442690065,0.41071671204907556,0.07165136965656925,0.6421646442690065
storage_rate,temperature,"[30,45)",23.205128205128204,35,9,0.41071671204907556,0.07165136965656925,0.6421646442690065,0.41071671204907556,0.07165136965656925,0.6421646442690065
storage_rate,temperature,"[30,45)",23.48717948717949,35,9,0.41071671204907556,0.07165136965656925,0.6421646442690065,0.41071671204907556,0.07165136965656925,0.6421646442690065
storage_rate,temperature,"[30,45)",23.76923076923077,35,9,0.2840852811932564,0.06331700806639023,0.6421646442690065,0.2840852811932564,0.06331700806639023,0.6421646442690065
storage_rate,temperature,"[30,45)",24.05128205128205,35,9,0.2840852811932564,0.06331700806639023,0.6421646442690065,0.2840852811932564,0.06331700806639023,0.6421646442690065
storage_rate,temperature,"[30,45)",24.333333333333332,35,9,0.2840852811932564,0.06331700806639023,0.6421646442690065,0.2840852811932564,0.06331700806639023,0.6421646442690065
storage_rate,temperature,"[30,45)",24.615384615384613,35,9,0.2840852811932564,0.06331700806639023,0.6421646442690065,0.2840852811932564,0.06331700806639023,0.6421646442690065
storage_rate,temperature,"[30,45)",24.897435897435898,35,9,0.2840852811932564,0.07165136965656925,0.6421646442690065,0.2840852811932564,0.07165136965656925,0.6421646442690065
storage_rate,temperature,"[30,45)",25.17948717948718,35,9,0.2840852811932564,0.07165136965656925,0.6422356489407165,0.2840852811932564,0.07165136965656925,0.6422356489407165
storage_rate,temperature,"[30,45)",25.46153846153846,35,9,0.2924239778092929,0.073818267692944875,0.6577277378711317,0.2924239778092929,0.073818267692944875,0.6577277378711317
storage_rate,temperature,"[30,45)",25.743589743589745,35,9,0.2924239778092929,0.06004733183022061,0.6568615773506463,0.2924239778092929,0.06004733183022061,0.6568615773506463
storage_rate,temperature,"[30,45)",26.025641025641026,35,9,0.2924239778092929,0.051229513968074986,0.6741121529894215,0.2924239778092929,0.051229513968074986,0.6741121529894215
storage_rate,temperature,"[30,45)",26.307692307692307,35,9,0.2883226452129228,0.0486463262247188,0.6718405270895788,0.2883226452129228,0.0486463262247188,0.6718405270895788
storage_rate,temperature,"[30,45)",26.58974358974359,35,9,0.2883226452129228,0.0486463262247188,0.6805402252237713,0.2883226452129228,0.0486463262247188,0.6805402252237713
storage_rate,temperature,"[30,45)",26.871794871794872,35,9,0.2883226452129228,0.044167763385921696,0.714119088979704,0.2883226452129228,0.044167763385921696,0.714119088979704
storage_rate,temperature,"[30,45)",27.153846153846153,35,9,0.5269948324720775,0.04808149532015838,0.7980123562046462,0.5269948324720775,0.04808149532015838,0.7980123562046462
storage_rate,temperature,"[30,45)",27.435897435897438,35,9,0.5269948324720775,0.04808149532015838,0.7980123562046462,0.5269948324720775,0.04808149532015838,0.7980123562046462
storage_rate,temperature,"[30,45)",27.717948717948715,35,9,0.6897648291928428,0.20664196002164054,0.8736049771841083,0.6897648291928428,0.20664196002164054,0.8736049771841083
storage_rate,temperature,"[30,45)",28,35,9,0.6897648291928428,0.20664196002164054,0.8736049771841083,0.6897648291928428,0.20664196002164054,0.8736049771841083
storage_rate,temperature,"[45,55)",17,33,7,0.21324843574653968,-0.021488226145844558,0.6793285174210643,0.21324843574653968,-0.021488226145844558,0.6793285174210643
storage_rate,temperature,"[45,55)",17.333333333333332,33,7,0.21324843574653968,-0.021488226145844558,0.6793285174210643,0.21324843574653968,-0.021488226145844558,0.6793285174210643
storage_rate,temperature,"[45,55)",17.666666666666668,33,7,0.2093844969164242,-0.020566577269611055,0.6776100699281831,0.2093844969164242,-0.020566577269611055,0.6776100699281831
storage_rate,temperature,"[45,55)",18,33,7,0.2093844969164242,-0.020566577269611055,0.6878342095847159,0.2093844969164242,-0.020566577269611055,0.6878342095847159
storage_rate,temperature,"[45,55)",18.333333333333332,33,7,0.2093844969164242,-0.020566577269611055,0.6878342095847159,0.2093844969164242,-0.020566577269611055,0.6878342095847159
storage_rate,temperature,"[45,55)",18.666666666666668,33,7,0.2992511626445886,-0.020566577269611055,0.7024904393252326,0.2992511626445886,-0.020566577269611055,0.7024904393252326
storage_rate,temperature,"[45,55)",19,33,7,0.2992511626445886,-0.020566577269611055,0.7024904393252326,0.2992511626445886,-0.020566577269611055,0.7024904393252326
storage_rate,temperature,"[45,55)",19.333333333333332,33,7,0.2992511626445886,-0.020566577269611055,0.7024904393252326,0.2992511626445886,-0.020566577269611055,0.7024904393252326
storage_rate,temperature,"[45,55)",19.666666666666668,33,7,0.2992511626445886,-0.020566577269611055,0.700450632480947,0.2992511626445886,-0.020566577269611055,0.700450632480947
storage_rate,temperature,"[45,55)",20,33,7,0.2938753727710608,-0.045332290647043395,0.6874309708847608,0.2938753727710608,-0.045332290647043395,0.6874309708847608
storage_rate,temperature,"[45,55)",20.333333333333332,33,7,0.2938753727710608,-0.045332290647043395,0.6874309708847608,0.2938753727710608,-0.045332290647043395,0.6874309708847608
storage_rate,temperature,"[45,55)",20.666666666666668,33,7,0.2938753727710608,-0.04131608560512015,0.6625338551221474,0.2938753727710608,-0.04131608560512015,0.6625338551221474
storage_rate,temperature,"[45,55)",21,33,7,0.2938753727710608,-0.04131608560512015,0.6625338551221474,0.2938753727710608,-0.04131608560512015,0.6625338551221474
storage_rate,temperature,"[45,55)",21.333333333333332,33,7,0.2938753727710608,-0.04131608560512015,0.6593639241785487,0.2938753727710608,-0.04131608560512015,0.6593639241785487
storage_rate,temperature,"[45,55)",21.666666666666664,33,7,0.2938753727710608,-0.04131608560512015,0.6593639241785487,0.2938753727710608,-0.04131608560512015,0.6593639241785487
storage_rate,temperature,"[45,55)",22,33,7,0.2880521154764926,-0.03570818503979929,0.6442229660989888,0.2880521154764926,-0.03570818503979929,0.6442229660989888
storage_rate,temperature,"[45,55)",22.333333333333332,33,7,0.2880521154764926,-0.03570818503979929,0.6442229660989888,0.2880521154764926,-0.03570818503979929,0.6442229660989888
storage_rate,temperature,"[45,55)",22.666666666666664,33,7,0.29108760844577447,-0.03570818503979929,0.6442750570364298,0.29108760844577447,-0.03570818503979929,0.6442750570364298
storage_rate,temperature,"[45,55)",23,33,7,0.29108760844577447,-0.04810434834975177,0.6442750570364298,0.29108760844577447,-0.04810434834975177,0.6442750570364298
storage_rate,temperature,"[45,55)",23.333333333333332,33,7,0.29108760844577447,-0.053894243696986754,0.641244088409638,0.29108760844577447,-0.053894243696986754,0.641244088409638
storage_rate,temperature,"[45,55)",23.666666666666664,33,7,0.18732378473787598,-0.06078707178998174,0.6311250126384427,0.18732378473787598,-0.06078707178998174,0.6311250126384427
storage_rate,temperature,"[45,55)",24,33,7,0.18732378473787598,-0.060752346349710766,0.6311250126384427,0.18732378473787598,-0.060752346349710766,0.6311250126384427
storage_rate,temperature,"[45,55)",24.333333333333332,33,7,0.18732378473787598,-0.06771292248740789,0.6311250126384427,0.18732378473787598,-0.06771292248740789,0.6311250126384427
storage_rate,temperature,"[45,55)",24.666666666666664,33,7,0.18732378473787598,-0.06771292248740789,0.6311250126384427,0.18732378473787598,-0.06771292248740789,0.6311250126384427
storage_rate,temperature,"[45,55)",25,33,7,0.18732378473787598,-0.06985605246472085,0.6311618081209336,0.18732378473787598,-0.06985605246472085,0.6311618081209336
storage_rate,temperature,"[45,55)",25.333333333333332,33,7,0.19125175250299054,-0.06985605246472085,0.6311618081209336,0.19125175250299054,-0.06985605246472085,0.6311618081209336
storage_rate,temperature,"[45,55)",25.666666666666664,33,7,0.19125175250299054,-0.06988068906251682,0.6311618081209336,0.19125175250299054,-0.06988068906251682,0.6311618081209336
storage_rate,temperature,"[45,55)",26,33,7,0.19125175250299054,-0.09264505861863269,0.6296490834179251,0.19125175250299054,-0.09264505861863269,0.6296490834179251
storage_rate,temperature,"[45,55)",26.333333333333332,33,7,0.15757881014636071,-0.09357316776348112,0.654626855666213,0.15757881014636071,-0.09357316776348112,0.654626855666213
storage_rate,temperature,"[45,55)",26.666666666666664,33,7,0.15757881014636071,-0.09357316776348112,0.654626855666213,0.15757881014636071,-0.09357316776348112,0.654626855666213
storage_rate,temperature,"[45,55)",27,33,7,0.15757881014636071,-0.09414508429525253,0.654626855666213,0.15757881014636071,-0.09414508429525253,0.654626855666213
storage_rate,temperature,"[45,55)",27.333333333333332,33,7,0.3514678279558818,-0.07892924997193564,0.6746291560833484,0.3514678279558818,-0.07892924997193564,0.6746291560833484
storage_rate,temperature,"[45,55)",27.666666666666664,33,7,0.5748417869661793,0.12381802138336226,0.7530635384165427,0.5748417869661793,0.12381802138336226,0.7530635384165427
storage_rate,temperature,"[45,55)",28,33,7,0.5748417869661793,0.12381802138336226,0.7530635384165427,0.5748417869661793,0.12381802138336226,0.7530635384165427
storage_rate,temperature,"[45,55)",28.333333333333332,33,7,0.5748417869661793,0.12381802138336226,0.7530635384165427,0.5748417869661793,0.12381802138336226,0.7530635384165427
storage_rate,temperature,"[45,55)",28.666666666666664,33,7,0.5748417869661793,0.19172399671127402,0.7737137083980169,0.5748417869661793,0.19172399671127402,0.7737137083980169
storage_rate,temperature,"[45,55)",29,33,7,0.6514294828203592,0.2849672969035579,0.9613683267228419,0.6514294828203592,0.2849672969035579,0.9613683267228419
storage_rate,temperature,"[45,55)",29.333333333333332,33,7,0.6514294828203592,0.2849672969035579,0.9613683267228419,0.6514294828203592,0.2849672969035579,0.9613683267228419
storage_rate,temperature,"[45,55)",29.666666666666664,33,7,0.6514294828203592,0.2849672969035579,0.9613683267228419,0.6514294828203592,0.2849672969035579,0.9613683267228419
storage_rate,temperature,"[45,55)",30,33,7,0.6514294828203592,0.2849672969035579,0.9613683267228419,0.6514294828203592,0.2849672969035579,0.9613683267228419
storage_rate,temperature,"[55,75]",27,2,2,0.5217538625001907,-0.10757073471322653,1.0173499055206778,0.5217538625001907,-0.10757073471322653,1.0173499055206778
storage_rate,temperature,"[55,75]",27.005128205128205,2,2,0.5217538625001907,-0.10757073471322653,1.0173499055206778,0.5217538625001907,-0.10757073471322653,1.0173499055206778
storage_rate,temperature,"[55,75]",27.01025641025641,2,2,0.5217538625001907,-0.10757073471322653,1.0173499055206778,0.5217538625001907,-0.10757073471322653,1.0173499055206778
storage_rate,temperature,"[55,75]",27.015384615384615,2,2,0.5217538625001907,-0.10757073471322653,1.0173499055206778,0.5217538625001907,-0.10757073471322653,1.0173499055206778
storage_rate,temperature,"[55,75]",27.02051282051282,2,2,0.5217538625001907,-0.10757073471322653,1.0173499055206778,0.5217538625001907,-0.10757073471322653,1.0173499055206778
storage_rate,temperature,"[55,75]",27.025641025641026,2,2,0.5217538625001907,-0.10757073471322653,1.0173499055206778,0.5217538625001907,-0.10757073471322653,1.0173499055206778
storage_rate,temperature,"[55,75]",27.03076923076923,2,2,0.5217538625001907,-0.10757073471322653,1.0173499055206778,0.5217538625001907,-0.10757073471322653,1.0173499055206778
storage_rate,temperature,"[55,75]",27.035897435897436,2,2,0.5217538625001907,-0.10757073471322653,1.0173499055206778,0.5217538625001907,-0.10757073471322653,1.0173499055206778
storage_rate,temperature,"[55,75]",27.04102564102564,2,2,0.5217538625001907,-0.10757073471322653,1.0173499055206778,0.5217538625001907,-0.10757073471322653,1.0173499055206778
storage_rate,temperature,"[55,75]",27.046153846153846,2,2,0.5217538625001907,-0.10757073471322653,1.0173499055206778,0.5217538625001907,-0.10757073471322653,1.0173499055206778
storage_rate,temperature,"[55,75]",27.05128205128205,2,2,0.5217538625001907,-0.10757073471322653,1.0173499055206778,0.5217538625001907,-0.10757073471322653,1.0173499055206778
storage_rate,temperature,"[55,75]",27.056410256410256,2,2,0.5217538625001907,-0.10757073471322653,1.0173499055206778,0.5217538625001907,-0.10757073471322653,1.0173499055206778
storage_rate,temperature,"[55,75]",27.06153846153846,2,2,0.5217538625001907,-0.10757073471322653,1.0173499055206778,0.5217538625001907,-0.10757073471322653,1.0173499055206778
storage_rate,temperature,"[55,75]",27.066666666666666,2,2,0.5217538625001907,-0.10757073471322653,1.0173499055206778,0.5217538625001907,-0.10757073471322653,1.0173499055206778
storage_rate,temperature,"[55,75]",27.07179487179487,2,2,0.5217538625001907,-0.10757073471322653,1.0173499055206778,0.5217538625001907,-0.10757073471322653,1.0173499055206778
storage_rate,temperature,"[55,75]",27.076923076923077,2,2,0.5217538625001907,-0.10757073471322653,1.0173499055206778,0.5217538625001907,-0.10757073471322653,1.0173499055206778
storage_rate,temperature,"[55,75]",27.08205128205128,2,2,0.5217538625001907,-0.10757073471322653,1.0173499055206778,0.5217538625001907,-0.10757073471322653,1.0173499055206778
storage_rate,temperature,"[55,75]",27.087179487179487,2,2,0.5217538625001907,-0.10757073471322653,1.0173499055206778,0.5217538625001907,-0.10757073471322653,1.0173499055206778
storage_rate,temperature,"[55,75]",27.092307692307692,2,2,0.5217538625001907,-0.10757073471322653,1.0173499055206778,0.5217538625001907,-0.10757073471322653,1.0173499055206778
storage_rate,temperature,"[55,75]",27.097435897435897,2,2,0.5217538625001907,-0.10757073471322653,1.0173499055206778,0.5217538625001907,-0.10757073471322653,1.0173499055206778
storage_rate,temperature,"[55,75]",27.102564102564102,2,2,0.631421834230423,-0.1292380684055388,1.0169805951416493,0.631421834230423,-0.1292380684055388,1.0169805951416493
storage_rate,temperature,"[55,75]",27.107692307692307,2,2,0.631421834230423,-0.1292380684055388,1.0169805951416493,0.631421834230423,-0.1292380684055388,1.0169805951416493
storage_rate,temperature,"[55,75]",27.112820512820512,2,2,0.631421834230423,-0.1292380684055388,1.0169805951416493,0.631421834230423,-0.1292380684055388,1.0169805951416493
storage_rate,temperature,"[55,75]",27.117948717948718,2,2,0.631421834230423,-0.1292380684055388,1.0169805951416493,0.631421834230423,-0.1292380684055388,1.0169805951416493
storage_rate,temperature,"[55,75]",27.123076923076923,2,2,0.631421834230423,-0.1292380684055388,1.0169805951416493,0.631421834230423,-0.1292380684055388,1.0169805951416493
storage_rate,temperature,"[55,75]",27.128205128205128,2,2,0.631421834230423,-0.1292380684055388,1.0169805951416493,0.631421834230423,-0.1292380684055388,1.0169805951416493
storage_rate,temperature,"[55,75]",27.133333333333333,2,2,0.631421834230423,-0.1292380684055388,1.0169805951416493,0.631421834230423,-0.1292380684055388,1.0169805951416493
storage_rate,temperature,"[55,75]",27.138461538461538,2,2,0.631421834230423,-0.1292380684055388,1.0169805951416493,0.631421834230423,-0.1292380684055388,1.0169805951416493
storage_rate,temperature,"[55,75]",27.143589743589743,2,2,0.631421834230423,-0.1292380684055388,1.0169805951416493,0.631421834230423,-0.1292380684055388,1.0169805951416493
storage_rate,temperature,"[55,75]",27.148717948717948,2,2,0.631421834230423,-0.1292380684055388,1.0169805951416493,0.631421834230423,-0.1292380684055388,1.0169805951416493
storage_rate,temperature,"[55,75]",27.153846153846153,2,2,0.631421834230423,-0.1292380684055388,1.0169805951416493,0.631421834230423,-0.1292380684055388,1.0169805951416493
storage_rate,temperature,"[55,75]",27.15897435897436,2,2,0.631421834230423,-0.1292380684055388,1.0169805951416493,0.631421834230423,-0.1292380684055388,1.0169805951416493
storage_rate,temperature,"[55,75]",27.164102564102564,2,2,0.631421834230423,-0.1292380684055388,1.0169805951416493,0.631421834230423,-0.1292380684055388,1.0169805951416493
storage_rate,temperature,"[55,75]",27.16923076923077,2,2,0.631421834230423,-0.1292380684055388,1.0169805951416493,0.631421834230423,-0.1292380684055388,1.0169805951416493
storage_rate,temperature,"[55,75]",27.174358974358974,2,2,0.631421834230423,-0.1292380684055388,1.0169805951416493,0.631421834230423,-0.1292380684055388,1.0169805951416493
storage_rate,temperature,"[55,75]",27.17948717948718,2,2,0.631421834230423,-0.1292380684055388,1.0169805951416493,0.631421834230423,-0.1292380684055388,1.0169805951416493
storage_rate,temperature,"[55,75]",27.184615384615384,2,2,0.631421834230423,-0.1292380684055388,1.0169805951416493,0.631421834230423,-0.1292380684055388,1.0169805951416493
storage_rate,temperature,"[55,75]",27.18974358974359,2,2,0.631421834230423,-0.1292380684055388,1.0169805951416493,0.631421834230423,-0.1292380684055388,1.0169805951416493
storage_rate,temperature,"[55,75]",27.194871794871794,2,2,0.631421834230423,-0.1292380684055388,1.0169805951416493,0.631421834230423,-0.1292380684055388,1.0169805951416493
storage_rate,temperature,"[55,75]",27.2,2,2,0.631421834230423,-0.09885436901822683,1.0169805951416493,0.631421834230423,-0.09885436901822683,1.0169805951416493
storage_rate,temperature,0-30 cm,14,179,40,0.2948445148672387,0.08692052747284265,0.5834101598250665,0.2948445148672387,0.08692052747284265,0.5834101598250665
storage_rate,temperature,0-30 cm,14.35897435897436,179,40,0.2948445148672387,0.08692052747284265,0.5834101598250665,0.2948445148672387,0.08692052747284265,0.5834101598250665
storage_rate,temperature,0-30 cm,14.717948717948717,179,40,0.2948445148672387,0.08692052747284265,0.5834101598250665,0.2948445148672387,0.08692052747284265,0.5834101598250665
storage_rate,temperature,0-30 cm,15.076923076923077,179,40,0.2948445148672387,0.08692052747284265,0.5834101598250665,0.2948445148672387,0.08692052747284265,0.5834101598250665
storage_rate,temperature,0-30 cm,15.435897435897436,179,40,0.2948445148672387,0.08692052747284265,0.5834101598250665,0.2948445148672387,0.08692052747284265,0.5834101598250665
storage_rate,temperature,0-30 cm,15.794871794871796,179,40,0.2948445148672387,0.0981975860752435,0.5834101598250665,0.2948445148672387,0.0981975860752435,0.5834101598250665
storage_rate,temperature,0-30 cm,16.153846153846153,179,40,0.2948445148672387,0.0981975860752435,0.5834101598250665,0.2948445148672387,0.0981975860752435,0.5834101598250665
storage_rate,temperature,0-30 cm,16.51282051282051,179,40,0.2948445148672387,0.10715791712874057,0.5834101598250665,0.2948445148672387,0.10715791712874057,0.5834101598250665
storage_rate,temperature,0-30 cm,16.871794871794872,179,40,0.2948445148672387,0.11441875684423625,0.5834395750584447,0.2948445148672387,0.11441875684423625,0.5834395750584447
storage_rate,temperature,0-30 cm,17.23076923076923,179,40,0.2948445148672387,0.11475506025722888,0.5839728795478443,0.2948445148672387,0.11475506025722888,0.5839728795478443
storage_rate,temperature,0-30 cm,17.58974358974359,179,40,0.2830908002914581,0.11468926657826317,0.5839728795478443,0.2830908002914581,0.11468926657826317,0.5839728795478443
storage_rate,temperature,0-30 cm,17.94871794871795,179,40,0.2830908002914581,0.11468926657826317,0.5839728795478443,0.2830908002914581,0.11468926657826317,0.5839728795478443
storage_rate,temperature,0-30 cm,18.307692307692307,179,40,0.2830908002914581,0.11468926657826317,0.5839728795478443,0.2830908002914581,0.11468926657826317,0.5839728795478443
storage_rate,temperature,0-30 cm,18.666666666666668,179,40,0.4151158078193831,0.11468926657826317,0.5901688692287422,0.4151158078193831,0.11468926657826317,0.5901688692287422
storage_rate,temperature,0-30 cm,19.025641025641026,179,40,0.4151158078193831,0.11468926657826317,0.5996836252009116,0.4151158078193831,0.11468926657826317,0.5996836252009116
storage_rate,temperature,0-30 cm,19.384615384615387,179,40,0.4151158078193831,0.11468926657826317,0.5996836252009116,0.4151158078193831,0.11468926657826317,0.5996836252009116
storage_rate,temperature,0-30 cm,19.743589743589745,179,40,0.4151158078193831,0.1374284292201837,0.5996836252009116,0.4151158078193831,0.1374284292201837,0.5996836252009116
storage_rate,temperature,0-30 cm,20.102564102564102,179,40,0.3817498810880678,0.14807779029708926,0.5618264258893819,0.3817498810880678,0.14807779029708926,0.5618264258893819
storage_rate,temperature,0-30 cm,20.46153846153846,179,40,0.3817498810880678,0.14807779029708926,0.5244367746257762,0.3817498810880678,0.14807779029708926,0.5244367746257762
storage_rate,temperature,0-30 cm,20.82051282051282,179,40,0.3817498810880678,0.140584973425425,0.532042146573629,0.3817498810880678,0.140584973425425,0.532042146573629
storage_rate,temperature,0-30 cm,21.17948717948718,179,40,0.3817498810880678,0.13413382182291225,0.536374666509947,0.3817498810880678,0.13413382182291225,0.536374666509947
storage_rate,temperature,0-30 cm,21.53846153846154,179,40,0.3817498810880678,0.1296637636965449,0.5232748325329467,0.3817498810880678,0.1296637636965449,0.5232748325329467
storage_rate,temperature,0-30 cm,21.897435897435898,179,40,0.378253677745438,0.1281878924582935,0.5167727222692811,0.378253677745438,0.1281878924582935,0.5167727222692811
storage_rate,temperature,0-30 cm,22.256410256410255,179,40,0.36460412480977655,0.1281878924582935,0.5004492702984314,0.36460412480977655,0.1281878924582935,0.5004492702984314
storage_rate,temperature,0-30 cm,22.615384615384613,179,40,0.3662829725435991,0.1281878924582935,0.5163648087427921,0.3662829725435991,0.1281878924582935,0.5163648087427921
storage_rate,temperature,0-30 cm,22.974358974358974,179,40,0.3662829725435991,0.1281878924582935,0.5163648087427921,0.3662829725435991,0.1281878924582935,0.5163648087427921
storage_rate,temperature,0-30 cm,23.333333333333336,179,40,0.3662829725435991,0.1076131153901175,0.5144649114790139,0.3662829725435991,0.1076131153901175,0.5144649114790139
storage_rate,temperature,0-30 cm,23.692307692307693,179,40,0.2768313907211718,0.08354698381810756,0.49319481043042307,0.2768313907211718,0.08354698381810756,0.49319481043042307
storage_rate,temperature,0-30 cm,24.05128205128205,179,40,0.2768313907211718,0.07874972888505259,0.49319481043042307,0.2768313907211718,0.07874972888505259,0.49319481043042307
storage_rate,temperature,0-30 cm,24.41025641025641,179,40,0.2768313907211718,0.08249248226742933,0.49319481043042307,0.2768313907211718,0.08249248226742933,0.49319481043042307
storage_rate,temperature,0-30 cm,24.76923076923077,179,40,0.2768313907211718,0.08311657604732804,0.4920415021841383,0.2768313907211718,0.08311657604732804,0.4920415021841383
storage_rate,temperature,0-30 cm,25.128205128205128,179,40,0.2768313907211718,0.08983106750685377,0.4920415021841383,0.2768313907211718,0.08983106750685377,0.4920415021841383
storage_rate,temperature,0-30 cm,25.48717948717949,179,40,0.2705014181848845,0.08983106750685377,0.47713100449208107,0.2705014181848845,0.08983106750685377,0.47713100449208107
storage_rate,temperature,0-30 cm,25.846153846153847,179,40,0.2705014181848845,0.06612986432201116,0.4837000970235718,0.2705014181848845,0.06612986432201116,0.4837000970235718
storage_rate,temperature,0-30 cm,26.205128205128204,179,40,0.19368480944579372,0.053959508971932295,0.4415549163853585,0.19368480944579372,0.053959508971932295,0.4415549163853585
storage_rate,temperature,0-30 cm,26.564102564102562,179,40,0.19368480944579372,0.05412576946697538,0.4649344795687885,0.19368480944579372,0.05412576946697538,0.4649344795687885
storage_rate,temperature,0-30 cm,26.923076923076923,179,40,0.19368480944579372,0.02990555627734599,0.46263210032260127,0.19368480944579372,0.02990555627734599,0.46263210032260127
storage_rate,temperature,0-30 cm,27.282051282051285,179,40,0.31662704110374507,0.09023380935746228,0.5340266459647504,0.31662704110374507,0.09023380935746228,0.5340266459647504
storage_rate,temperature,0-30 cm,27.641025641025642,179,40,0.45738656069126055,0.2323274141260782,0.6710279594888316,0.45738656069126055,0.2323274141260782,0.6710279594888316
storage_rate,temperature,0-30 cm,28,179,40,0.45738656069126055,0.2323274141260782,0.6710279594888316,0.45738656069126055,0.2323274141260782,0.6710279594888316
storage_rate,temperature,45-75 cm,17,35,8,0.22804093233176637,-0.005555768591750975,0.6793353421214439,0.22804093233176637,-0.005555768591750975,0.6793353421214439
storage_rate,temperature,45-75 cm,17.333333333333332,35,8,0.22804093233176637,-0.005555768591750975,0.6793353421214439,0.22804093233176637,-0.005555768591750975,0.6793353421214439
storage_rate,temperature,45-75 cm,17.666666666666668,35,8,0.22439779000622884,-0.01443705265676337,0.6777150916281558,0.22439779000622884,-0.01443705265676337,0.6777150916281558
storage_rate,temperature,45-75 cm,18,35,8,0.22439779000622884,-0.01443705265676337,0.6884749677591027,0.22439779000622884,-0.01443705265676337,0.6884749677591027
storage_rate,temperature,45-75 cm,18.333333333333332,35,8,0.22439779000622884,-0.01443705265676337,0.6884749677591027,0.22439779000622884,-0.01443705265676337,0.6884749677591027
storage_rate,temperature,45-75 cm,18.666666666666668,35,8,0.315451580286026,-0.01443705265676337,0.7108718668589636,0.315451580286026,-0.01443705265676337,0.7108718668589636
storage_rate,temperature,45-75 cm,19,35,8,0.315451580286026,-0.01443705265676337,0.7108718668589636,0.315451580286026,-0.01443705265676337,0.7108718668589636
storage_rate,temperature,45-75 cm,19.333333333333332,35,8,0.315451580286026,-0.01443705265676337,0.7108718668589636,0.315451580286026,-0.01443705265676337,0.7108718668589636
storage_rate,temperature,45-75 cm,19.666666666666668,35,8,0.315451580286026,-0.011061890065403888,0.7089486204057801,0.315451580286026,-0.011061890065403888,0.7089486204057801
storage_rate,temperature,45-75 cm,20,35,8,0.3103829784052713,-0.014673946684093374,0.6723006836687484,0.3103829784052713,-0.014673946684093374,0.6723006836687484
storage_rate,temperature,45-75 cm,20.333333333333332,35,8,0.3103829784052713,-0.014673946684093374,0.6723006836687484,0.3103829784052713,-0.014673946684093374,0.6723006836687484
storage_rate,temperature,45-75 cm,20.666666666666668,35,8,0.3103829784052713,-0.01854508794910674,0.6618893228484584,0.3103829784052713,-0.01854508794910674,0.6618893228484584
storage_rate,temperature,45-75 cm,21,35,8,0.3103829784052713,-0.03319147765037741,0.6618893228484584,0.3103829784052713,-0.03319147765037741,0.6618893228484584
storage_rate,temperature,45-75 cm,21.333333333333332,35,8,0.3103829784052713,-0.03319147765037741,0.6579497801272998,0.3103829784052713,-0.03319147765037741,0.6579497801272998
storage_rate,temperature,45-75 cm,21.666666666666664,35,8,0.3103829784052713,-0.03321706754221984,0.6579497801272998,0.3103829784052713,-0.03321706754221984,0.6579497801272998
storage_rate,temperature,45-75 cm,22,35,8,0.30410812241690505,-0.027929618437774504,0.645436526795051,0.30410812241690505,-0.027929618437774504,0.645436526795051
storage_rate,temperature,45-75 cm,22.333333333333332,35,8,0.30410812241690505,-0.027929618437774504,0.645436526795051,0.30410812241690505,-0.027929618437774504,0.645436526795051
storage_rate,temperature,45-75 cm,22.666666666666664,35,8,0.306970158645085,-0.027929618437774504,0.6454856411074954,0.306970158645085,-0.027929618437774504,0.6454856411074954
storage_rate,temperature,45-75 cm,23,35,8,0.306970158645085,-0.03636546995224697,0.6454856411074954,0.306970158645085,-0.03636546995224697,0.6454856411074954
storage_rate,temperature,45-75 cm,23.333333333333332,35,8,0.306970158645085,-0.04484698819994389,0.6453206247969397,0.306970158645085,-0.04484698819994389,0.6453206247969397
storage_rate,temperature,45-75 cm,23.666666666666664,35,8,0.20643407489572255,-0.04484698819994389,0.636468652497445,0.20643407489572255,-0.04484698819994389,0.636468652497445
storage_rate,temperature,45-75 cm,24,35,8,0.20643407489572255,-0.04481424707054554,0.636468652497445,0.20643407489572255,-0.04481424707054554,0.636468652497445
storage_rate,temperature,45-75 cm,24.333333333333332,35,8,0.20643407489572255,-0.04590710188927391,0.636468652497445,0.20643407489572255,-0.04590710188927391,0.636468652497445
storage_rate,temperature,45-75 cm,24.666666666666664,35,8,0.20643407489572255,-0.04590710188927391,0.636468652497445,0.20643407489572255,-0.04590710188927391,0.636468652497445
storage_rate,temperature,45-75 cm,25,35,8,0.20643407489572255,-0.047927767296454746,0.6365033453809364,0.20643407489572255,-0.047927767296454746,0.6365033453809364
storage_rate,temperature,45-75 cm,25.333333333333332,35,8,0.21013758735997334,-0.047927767296454746,0.6365033453809364,0.21013758735997334,-0.047927767296454746,0.6365033453809364
storage_rate,temperature,45-75 cm,25.666666666666664,35,8,0.21013758735997334,-0.07033545819510305,0.6365033453809364,0.21013758735997334,-0.07033545819510305,0.6365033453809364
storage_rate,temperature,45-75 cm,26,35,8,0.21013758735997334,-0.07040048323172542,0.6350770620895284,0.21013758735997334,-0.07040048323172542,0.6350770620895284
storage_rate,temperature,45-75 cm,26.333333333333332,35,8,0.17838881313800817,-0.07469048966919736,0.6603028045435038,0.17838881313800817,-0.07469048966919736,0.6603028045435038
storage_rate,temperature,45-75 cm,26.666666666666664,35,8,0.17838881313800817,-0.07469048966919736,0.6603025837694961,0.17838881313800817,-0.07469048966919736,0.6603025837694961
storage_rate,temperature,45-75 cm,27,35,8,0.17838881313800817,-0.07469048966919736,0.6603025837694961,0.17838881313800817,-0.07469048966919736,0.6603025837694961
storage_rate,temperature,45-75 cm,27.333333333333332,35,8,0.36746519974299846,-0.07138251523753357,0.6839455667982942,0.36746519974299846,-0.07138251523753357,0.6839455667982942
storage_rate,temperature,45-75 cm,27.666666666666664,35,8,0.5835043621914726,0.1467062609988664,0.7520983351806979,0.5835043621914726,0.1467062609988664,0.7520983351806979
storage_rate,temperature,45-75 cm,28,35,8,0.5835043621914726,0.1467062609988664,0.7520983351806979,0.5835043621914726,0.1467062609988664,0.7520983351806979
storage_rate,temperature,45-75 cm,28.333333333333332,35,8,0.5835043621914726,0.1467062609988664,0.7520983351806979,0.5835043621914726,0.1467062609988664,0.7520983351806979
storage_rate,temperature,45-75 cm,28.666666666666664,35,8,0.5835043621914726,0.21460297720772886,0.78804701779836,0.5835043621914726,0.21460297720772886,0.78804701779836
storage_rate,temperature,45-75 cm,29,35,8,0.6618461807923658,0.3075837859883905,0.9681494405586273,0.6618461807923658,0.3075837859883905,0.9681494405586273
storage_rate,temperature,45-75 cm,29.333333333333332,35,8,0.6618461807923658,0.3075837859883905,0.9681494405586273,0.6618461807923658,0.3075837859883905,0.9681494405586273
storage_rate,temperature,45-75 cm,29.666666666666664,35,8,0.6618461807923658,0.3075837859883905,0.9681494405586273,0.6618461807923658,0.3075837859883905,0.9681494405586273
storage_rate,temperature,45-75 cm,30,35,8,0.6618461807923658,0.3075837859883905,0.9681494405586273,0.6618461807923658,0.3075837859883905,0.9681494405586273
storage_rate,precipitation,"[0,15)",450,136,36,0.494724512559033,0.1677683589056387,0.777937904619338,0.494724512559033,0.1677683589056387,0.777937904619338
storage_rate,precipitation,"[0,15)",550.7692307692307,136,36,0.494724512559033,0.1677683589056387,0.777937904619338,0.494724512559033,0.1677683589056387,0.777937904619338
storage_rate,precipitation,"[0,15)",651.5384615384615,136,36,0.5324061345309019,0.1677683589056387,0.777937904619338,0.5324061345309019,0.1677683589056387,0.777937904619338
storage_rate,precipitation,"[0,15)",752.3076923076924,136,36,0.5324061345309019,0.1677683589056387,0.777937904619338,0.5324061345309019,0.1677683589056387,0.777937904619338
storage_rate,precipitation,"[0,15)",853.0769230769231,136,36,0.5324061345309019,0.17962807804441966,0.777937904619338,0.5324061345309019,0.17962807804441966,0.777937904619338
storage_rate,precipitation,"[0,15)",953.8461538461538,136,36,0.5502679880489321,0.2101431380960791,0.7920179851353167,0.5502679880489321,0.2101431380960791,0.7920179851353167
storage_rate,precipitation,"[0,15)",1054.6153846153848,136,36,0.5172280951896134,0.24244252783400422,0.7679630276856617,0.5172280951896134,0.24244252783400422,0.7679630276856617
storage_rate,precipitation,"[0,15)",1155.3846153846155,136,36,0.5172280951896134,0.24244252783400422,0.750605745405397,0.5172280951896134,0.24244252783400422,0.750605745405397
storage_rate,precipitation,"[0,15)",1256.1538461538462,136,36,0.4934883540605797,0.23986920334710313,0.6774054556598832,0.4934883540605797,0.23986920334710313,0.6774054556598832
storage_rate,precipitation,"[0,15)",1356.923076923077,136,36,0.4609460080152049,0.24006149045205383,0.6900071801039089,0.4609460080152049,0.24006149045205383,0.6900071801039089
storage_rate,precipitation,"[0,15)",1457.6923076923076,136,36,0.45773915191838405,0.23428161067439582,0.6022454435176984,0.45773915191838405,0.23428161067439582,0.6022454435176984
storage_rate,precipitation,"[0,15)",1558.4615384615386,136,36,0.4325018629897386,0.18856734640927145,0.5802257556173784,0.4325018629897386,0.18856734640927145,0.5802257556173784
storage_rate,precipitation,"[0,15)",1659.2307692307693,136,36,0.4325018629897386,0.184007079561364,0.5168235308120903,0.4325018629897386,0.184007079561364,0.5168235308120903
storage_rate,precipitation,"[0,15)",1760,136,36,0.4325018629897386,0.1838897083627455,0.5113366388000191,0.4325018629897386,0.1838897083627455,0.5113366388000191
storage_rate,precipitation,"[0,15)",1860.769230769231,136,36,0.4198572983800927,0.17917126925124596,0.5113366388000191,0.4198572983800927,0.17917126925124596,0.5113366388000191
storage_rate,precipitation,"[0,15)",1961.5384615384617,136,36,0.41308412022601054,0.1749965186794083,0.5072880263392376,0.41308412022601054,0.1749965186794083,0.5072880263392376
storage_rate,precipitation,"[0,15)",2062.3076923076924,136,36,0.41308412022601054,0.1750684471025392,0.509708236039767,0.41308412022601054,0.1750684471025392,0.509708236039767
storage_rate,precipitation,"[0,15)",2163.076923076923,136,36,0.41308412022601054,0.17512014706170542,0.5188434942909655,0.41308412022601054,0.17512014706170542,0.5188434942909655
storage_rate,precipitation,"[0,15)",2263.846153846154,136,36,0.41872469716541033,0.17274747392443462,0.5458257314622376,0.41872469716541033,0.17274747392443462,0.5458257314622376
storage_rate,precipitation,"[0,15)",2364.6153846153848,136,36,0.403604538714075,0.18074286777392623,0.5298625534520185,0.403604538714075,0.18074286777392623,0.5298625534520185
storage_rate,precipitation,"[0,15)",2465.3846153846152,136,36,0.403604538714075,0.2040485607514927,0.525396245930289,0.403604538714075,0.2040485607514927,0.525396245930289
storage_rate,precipitation,"[0,15)",2566.153846153846,136,36,0.403604538714075,0.2040485607514927,0.525396245930289,0.403604538714075,0.2040485607514927,0.525396245930289
storage_rate,precipitation,"[0,15)",2666.923076923077,136,36,0.4065434041241295,0.20416065758943358,0.5534838277202011,0.4065434041241295,0.20416065758943358,0.5534838277202011
storage_rate,precipitation,"[0,15)",2767.6923076923076,136,36,0.3141127046855057,0.15199297562015562,0.5306286141533159,0.3141127046855057,0.15199297562015562,0.5306286141533159
storage_rate,precipitation,"[0,15)",2868.4615384615386,136,36,0.3141127046855057,0.1452613433569616,0.5306286141533159,0.3141127046855057,0.1452613433569616,0.5306286141533159
storage_rate,precipitation,"[0,15)",2969.2307692307695,136,36,0.3141127046855057,0.13143600819697476,0.5250219040601649,0.3141127046855057,0.13143600819697476,0.5250219040601649
storage_rate,precipitation,"[0,15)",3070,136,36,0.3141127046855057,0.09427422452872107,0.5370134750476985,0.3141127046855057,0.09427422452872107,0.5370134750476985
storage_rate,precipitation,"[0,15)",3170.769230769231,136,36,0.3172037426711004,0.05039507207864725,0.5250219040601649,0.3172037426711004,0.05039507207864725,0.5250219040601649
storage_rate,precipitation,"[0,15)",3271.538461538462,136,36,0.3172037426711004,0.050352507139391704,0.5250219040601649,0.3172037426711004,0.050352507139391704,0.5250219040601649
storage_rate,precipitation,"[0,15)",3372.3076923076924,136,36,0.3172037426711004,0.050352507139391704,0.5250219040601649,0.3172037426711004,0.050352507139391704,0.5250219040601649
storage_rate,precipitation,"[0,15)",3473.0769230769233,136,36,0.3172037426711004,0.05224923190013641,0.5250219040601649,0.3172037426711004,0.05224923190013641,0.5250219040601649
storage_rate,precipitation,"[0,15)",3573.846153846154,136,36,0.3172037426711004,0.034121890036177244,0.5250018643211872,0.3172037426711004,0.034121890036177244,0.5250018643211872
storage_rate,precipitation,"[0,15)",3674.6153846153848,136,36,0.3172037426711004,0.034121890036177244,0.5276598808204974,0.3172037426711004,0.034121890036177244,0.5276598808204974
storage_rate,precipitation,"[0,15)",3775.3846153846157,136,36,0.3172037426711004,0.03973460015292987,0.5276598808204974,0.3172037426711004,0.03973460015292987,0.5276598808204974
storage_rate,precipitation,"[0,15)",3876.153846153846,136,36,0.3172037426711004,0.03973460015292987,0.5403089146978933,0.3172037426711004,0.03973460015292987,0.5403089146978933
storage_rate,precipitation,"[0,15)",3976.923076923077,136,36,0.3172037426711004,0.03973460015292987,0.5403089146978933,0.3172037426711004,0.03973460015292987,0.5403089146978933
storage_rate,precipitation,"[0,15)",4077.6923076923076,136,36,0.36328341595499825,0.07045656474331141,0.5420504268642299,0.36328341595499825,0.07045656474331141,0.5420504268642299
storage_rate,precipitation,"[0,15)",4178.461538461539,136,36,0.36328341595499825,0.07045656474331141,0.5420504268642299,0.36328341595499825,0.07045656474331141,0.5420504268642299
storage_rate,precipitation,"[0,15)",4279.2307692307695,136,36,0.36328341595499825,0.07045656474331141,0.5420504268642299,0.36328341595499825,0.07045656474331141,0.5420504268642299
storage_rate,precipitation,"[0,15)",4380,136,36,0.36328341595499825,0.07045656474331141,0.5420504268642299,0.36328341595499825,0.07045656474331141,0.5420504268642299
storage_rate,precipitation,"[15,30)",95,43,16,0.17423946393090628,-0.0548845035608771,0.5815452763848656,0.17423946393090628,-0.0548845035608771,0.5815452763848656
storage_rate,precipitation,"[15,30)",190.64102564102564,43,16,0.17423946393090628,-0.0548845035608771,0.5815452763848656,0.17423946393090628,-0.0548845035608771,0.5815452763848656
storage_rate,precipitation,"[15,30)",286.28205128205127,43,16,0.17423946393090628,-0.0548845035608771,0.5815452763848656,0.17423946393090628,-0.0548845035608771,0.5815452763848656
storage_rate,precipitation,"[15,30)",381.9230769230769,43,16,0.17423946393090628,-0.0548845035608771,0.5815452763848656,0.17423946393090628,-0.0548845035608771,0.5815452763848656
storage_rate,precipitation,"[15,30)",477.56410256410254,43,16,0.17423946393090628,-0.0548845035608771,0.5815452763848656,0.17423946393090628,-0.0548845035608771,0.5815452763848656
storage_rate,precipitation,"[15,30)",573.2051282051282,43,16,0.17423946393090628,-0.0548845035608771,0.5815452763848656,0.17423946393090628,-0.0548845035608771,0.5815452763848656
storage_rate,precipitation,"[15,30)",668.8461538461538,43,16,0.1795017480157142,-0.0548845035608771,0.6219776266281559,0.1795017480157142,-0.0548845035608771,0.6219776266281559
storage_rate,precipitation,"[15,30)",764.4871794871794,43,16,0.1795017480157142,-0.0548845035608771,0.6219776266281559,0.1795017480157142,-0.0548845035608771,0.6219776266281559
storage_rate,precipitation,"[15,30)",860.1282051282051,43,16,0.1795017480157142,-0.05037095789028724,0.6219776266281559,0.1795017480157142,-0.05037095789028724,0.6219776266281559
storage_rate,precipitation,"[15,30)",955.7692307692307,43,16,0.19656920398390573,-0.019691782295812123,0.6219776266281559,0.19656920398390573,-0.019691782295812123,0.6219776266281559
storage_rate,precipitation,"[15,30)",1051.4102564102564,43,16,0.17534299714620727,0.046154905091104814,0.5721325518763736,0.17534299714620727,0.046154905091104814,0.5721325518763736
storage_rate,precipitation,"[15,30)",1147.051282051282,43,16,0.17534299714620727,0.046234077492425606,0.5687718538941039,0.17534299714620727,0.046234077492425606,0.5687718538941039
storage_rate,precipitation,"[15,30)",1242.6923076923076,43,16,0.15525503144707792,0.025378930687817703,0.5114000920931875,0.15525503144707792,0.025378930687817703,0.5114000920931875
storage_rate,precipitation,"[15,30)",1338.3333333333333,43,16,0.14031436069067135,0.02472155273913643,0.5042580006895911,0.14031436069067135,0.02472155273913643,0.5042580006895911
storage_rate,precipitation,"[15,30)",1433.974358974359,43,16,0.14031436069067135,0.025378930687817703,0.49130211660941675,0.14031436069067135,0.025378930687817703,0.49130211660941675
storage_rate,precipitation,"[15,30)",1529.6153846153845,43,16,0.10872491864964016,-0.016745468245299367,0.40861385974296643,0.10872491864964016,-0.016745468245299367,0.40861385974296643
storage_rate,precipitation,"[15,30)",1625.2564102564102,43,16,0.09351389023453688,-0.05272172872128699,0.3200202576361252,0.09351389023453688,-0.05272172872128699,0.3200202576361252
storage_rate,precipitation,"[15,30)",1720.8974358974358,43,16,0.09351389023453688,-0.052671608193452596,0.31857192332228257,0.09351389023453688,-0.052671608193452596,0.31857192332228257
storage_rate,precipitation,"[15,30)",1816.5384615384614,43,16,0.08945995032094244,-0.05290593021484306,0.2874939527313854,0.08945995032094244,-0.05290593021484306,0.2874939527313854
storage_rate,precipitation,"[15,30)",1912.179487179487,43,16,0.08945995032094244,-0.06530970859850287,0.2874939527313854,0.08945995032094244,-0.06530970859850287,0.2874939527313854
storage_rate,precipitation,"[15,30)",2007.8205128205127,43,16,0.08287041772936668,-0.06993888153499644,0.2886406454716561,0.08287041772936668,-0.06993888153499644,0.2886406454716561
storage_rate,precipitation,"[15,30)",2103.461538461538,43,16,0.08287041772936668,-0.0699229565080862,0.3058268899081795,0.08287041772936668,-0.0699229565080862,0.3058268899081795
storage_rate,precipitation,"[15,30)",2199.102564102564,43,16,0.07120689021986583,-0.06541651884407916,0.31018917846742505,0.07120689021986583,-0.06541651884407916,0.31018917846742505
storage_rate,precipitation,"[15,30)",2294.74358974359,43,16,0.09829135065854978,-0.051952812781687216,0.3669816488432591,0.09829135065854978,-0.051952812781687216,0.3669816488432591
storage_rate,precipitation,"[15,30)",2390.3846153846152,43,16,0.07403986212299314,-0.05499609151941746,0.3669816488432591,0.07403986212299314,-0.05499609151941746,0.3669816488432591
storage_rate,precipitation,"[15,30)",2486.0256410256407,43,16,0.07403986212299314,-0.03944411273439264,0.3708728091412246,0.07403986212299314,-0.03944411273439264,0.3708728091412246
storage_rate,precipitation,"[15,30)",2581.6666666666665,43,16,0.07403986212299314,-0.039074445557022525,0.3708728091412246,0.07403986212299314,-0.039074445557022525,0.3708728091412246
storage_rate,precipitation,"[15,30)",2677.3076923076924,43,16,0.024613015700218264,-0.05021161842105777,0.3537702095196691,0.024613015700218264,-0.05021161842105777,0.3537702095196691
storage_rate,precipitation,"[15,30)",2772.948717948718,43,16,0.024613015700218264,-0.05021161842105777,0.3537702095196691,0.024613015700218264,-0.05021161842105777,0.3537702095196691
storage_rate,precipitation,"[15,30)",2868.589743589743,43,16,0.024613015700218264,-0.05021161842105777,0.3537702095196691,0.024613015700218264,-0.05021161842105777,0.3537702095196691
storage_rate,precipitation,"[15,30)",2964.230769230769,43,16,0.024613015700218264,-0.05262023680789263,0.3537702095196691,0.024613015700218264,-0.05262023680789263,0.3537702095196691
storage_rate,precipitation,"[15,30)",3059.871794871795,43,16,0.024613015700218264,-0.05262023680789263,0.3541213767678846,0.024613015700218264,-0.05262023680789263,0.3541213767678846
storage_rate,precipitation,"[15,30)",3155.5128205128203,43,16,0.034389321020869286,-0.09544861081900978,0.3528388066444719,0.034389321020869286,-0.09544861081900978,0.3528388066444719
storage_rate,precipitation,"[15,30)",3251.1538461538457,43,16,0.034389321020869286,-0.10175355460797982,0.3528388066444719,0.034389321020869286,-0.10175355460797982,0.3528388066444719
storage_rate,precipitation,"[15,30)",3346.7948717948716,43,16,0.034389321020869286,-0.10175355460797982,0.3528388066444719,0.034389321020869286,-0.10175355460797982,0.3528388066444719
storage_rate,precipitation,"[15,30)",3442.4358974358975,43,16,0.034389321020869286,-0.10175355460797982,0.3528388066444719,0.034389321020869286,-0.10175355460797982,0.3528388066444719
storage_rate,precipitation,"[15,30)",3538.076923076923,43,16,0.034389321020869286,-0.10175355460797982,0.3528388066444719,0.034389321020869286,-0.10175355460797982,0.3528388066444719
storage_rate,precipitation,"[15,30)",3633.7179487179483,43,16,0.034389321020869286,-0.10727312667945088,0.3528388066444719,0.034389321020869286,-0.10727312667945088,0.3528388066444719
storage_rate,precipitation,"[15,30)",3729.358974358974,43,16,0.034389321020869286,-0.10727312667945088,0.37088614377886236,0.034389321020869286,-0.10727312667945088,0.37088614377886236
storage_rate,precipitation,"[15,30)",3825,43,16,0.034389321020869286,-0.10727312667945088,0.3714840745347619,0.034389321020869286,-0.10727312667945088,0.3714840745347619
storage_rate,precipitation,"[30,45)",1500,35,9,0.555668334024293,0.23185109780569163,0.7638333501986095,0.555668334024293,0.23185109780569163,0.7638333501986095
storage_rate,precipitation,"[30,45)",1554.076923076923,35,9,0.5263663206781659,0.2205158164378788,0.741017729506961,0.5263663206781659,0.2205158164378788,0.741017729506961
storage_rate,precipitation,"[30,45)",1608.1538461538462,35,9,0.5263663206781659,0.2205158164378788,0.7323114856868052,0.5263663206781659,0.2205158164378788,0.7323114856868052
storage_rate,precipitation,"[30,45)",1662.2307692307693,35,9,0.5263663206781659,0.21916444983067257,0.7175734554231168,0.5263663206781659,0.21916444983067257,0.7175734554231168
storage_rate,precipitation,"[30,45)",1716.3076923076924,35,9,0.5263663206781659,0.21916444983067257,0.7144462568419321,0.5263663206781659,0.21916444983067257,0.7144462568419321
storage_rate,precipitation,"[30,45)",1770.3846153846155,35,9,0.5263663206781659,0.19499949618109635,0.7144462568419321,0.5263663206781659,0.19499949618109635,0.7144462568419321
storage_rate,precipitation,"[30,45)",1824.4615384615386,35,9,0.5256307993616376,0.19146616336756522,0.7064078484049866,0.5256307993616376,0.19146616336756522,0.7064078484049866
storage_rate,precipitation,"[30,45)",1878.5384615384614,35,9,0.5256307993616376,0.1749145524256996,0.7030797338326062,0.5256307993616376,0.1749145524256996,0.7030797338326062
storage_rate,precipitation,"[30,45)",1932.6153846153848,35,9,0.5256307993616376,0.14580660231810594,0.7030665515416435,0.5256307993616376,0.14580660231810594,0.7030665515416435
storage_rate,precipitation,"[30,45)",1986.6923076923076,35,9,0.5262400644166129,0.13790029128148615,0.7030665515416435,0.5262400644166129,0.13790029128148615,0.7030665515416435
storage_rate,precipitation,"[30,45)",2040.769230769231,35,9,0.5262400644166129,0.13806054203704526,0.6912519176916353,0.5262400644166129,0.13806054203704526,0.6912519176916353
storage_rate,precipitation,"[30,45)",2094.846153846154,35,9,0.5262400644166129,0.13806054203704526,0.6904044556245208,0.5262400644166129,0.13806054203704526,0.6904044556245208
storage_rate,precipitation,"[30,45)",2148.923076923077,35,9,0.5262400644166129,0.13688916075442517,0.6904044556245208,0.5262400644166129,0.13688916075442517,0.6904044556245208
storage_rate,precipitation,"[30,45)",2203,35,9,0.5224691527230398,0.13688916075442517,0.6904044556245208,0.5224691527230398,0.13688916075442517,0.6904044556245208
storage_rate,precipitation,"[30,45)",2257.076923076923,35,9,0.5215067948613848,0.14477502069702108,0.6993213853506105,0.5215067948613848,0.14477502069702108,0.6993213853506105
storage_rate,precipitation,"[30,45)",2311.153846153846,35,9,0.5215067948613848,0.14477502069702108,0.6993213853506105,0.5215067948613848,0.14477502069702108,0.6993213853506105
storage_rate,precipitation,"[30,45)",2365.2307692307695,35,9,0.4887738992060934,0.14477502069702108,0.6993213853506105,0.4887738992060934,0.14477502069702108,0.6993213853506105
storage_rate,precipitation,"[30,45)",2419.3076923076924,35,9,0.4887738992060934,0.14391395656125888,0.6982603408263198,0.4887738992060934,0.14391395656125888,0.6982603408263198
storage_rate,precipitation,"[30,45)",2473.3846153846152,35,9,0.4887738992060934,0.14397877180150578,0.69239948272439,0.4887738992060934,0.14397877180150578,0.69239948272439
storage_rate,precipitation,"[30,45)",2527.4615384615386,35,9,0.4887738992060934,0.14397877180150578,0.69224034262555,0.4887738992060934,0.14397877180150578,0.69224034262555
storage_rate,precipitation,"[30,45)",2581.538461538462,35,9,0.4887738992060934,0.1440674849120634,0.69224034262555,0.4887738992060934,0.1440674849120634,0.69224034262555
storage_rate,precipitation,"[30,45)",2635.6153846153848,35,9,0.49194600560835433,0.1440674849120634,0.69224034262555,0.49194600560835433,0.1440674849120634,0.69224034262555
storage_rate,precipitation,"[30,45)",2689.6923076923076,35,9,0.3781827323138714,0.11867283465606826,0.6741714093355197,0.3781827323138714,0.11867283465606826,0.6741714093355197
storage_rate,precipitation,"[30,45)",2743.769230769231,35,9,0.3781827323138714,0.11867283465606826,0.6741714093355197,0.3781827323138714,0.11867283465606826,0.6741714093355197
storage_rate,precipitation,"[30,45)",2797.846153846154,35,9,0.3781827323138714,0.11867283465606826,0.6740606146598501,0.3781827323138714,0.11867283465606826,0.6740606146598501
storage_rate,precipitation,"[30,45)",2851.923076923077,35,9,0.3781827323138714,0.11867283465606826,0.654627010045307,0.3781827323138714,0.11867283465606826,0.654627010045307
storage_rate,precipitation,"[30,45)",2906,35,9,0.3781827323138714,0.11867283465606826,0.654627010045307,0.3781827323138714,0.11867283465606826,0.654627010045307
storage_rate,precipitation,"[30,45)",2960.076923076923,35,9,0.3781827323138714,0.11867283465606826,0.6500014929047654,0.3781827323138714,0.11867283465606826,0.6500014929047654
storage_rate,precipitation,"[30,45)",3014.153846153846,35,9,0.3781827323138714,0.11795741734227964,0.6500014929047654,0.3781827323138714,0.11795741734227964,0.6500014929047654
storage_rate,precipitation,"[30,45)",3068.2307692307695,35,9,0.3781827323138714,0.11795741734227964,0.6500014929047654,0.3781827323138714,0.11795741734227964,0.6500014929047654
storage_rate,precipitation,"[30,45)",3122.3076923076924,35,9,0.3781827323138714,0.0233452128818525,0.6398206861157503,0.3781827323138714,0.0233452128818525,0.6398206861157503
storage_rate,precipitation,"[30,45)",3176.3846153846152,35,9,0.3781827323138714,0.02329069088612287,0.6398206861157503,0.3781827323138714,0.02329069088612287,0.6398206861157503
storage_rate,precipitation,"[30,45)",3230.4615384615386,35,9,0.3781827323138714,0.02329069088612287,0.6266784349083901,0.3781827323138714,0.02329069088612287,0.6266784349083901
storage_rate,precipitation,"[30,45)",3284.538461538462,35,9,0.3781827323138714,0.02329069088612287,0.6372926841410143,0.3781827323138714,0.02329069088612287,0.6372926841410143
storage_rate,precipitation,"[30,45)",3338.6153846153848,35,9,0.3781827323138714,0.02329069088612287,0.6372926841410143,0.3781827323138714,0.02329069088612287,0.6372926841410143
storage_rate,precipitation,"[30,45)",3392.6923076923076,35,9,0.3781827323138714,0.02329069088612287,0.6372926841410143,0.3781827323138714,0.02329069088612287,0.6372926841410143
storage_rate,precipitation,"[30,45)",3446.769230769231,35,9,0.3781827323138714,0.023398027632917703,0.6372926841410143,0.3781827323138714,0.023398027632917703,0.6372926841410143
storage_rate,precipitation,"[30,45)",3500.8461538461543,35,9,0.3781827323138714,0.023398027632917703,0.6372926841410143,0.3781827323138714,0.023398027632917703,0.6372926841410143
storage_rate,precipitation,"[30,45)",3554.923076923077,35,9,0.3781827323138714,-0.002030092628140431,0.6372926841410143,0.3781827323138714,-0.002030092628140431,0.6372926841410143
storage_rate,precipitation,"[30,45)",3609,35,9,0.3781827323138714,-0.002030092628140431,0.6372926841410143,0.3781827323138714,-0.002030092628140431,0.6372926841410143
storage_rate,precipitation,"[45,55)",1400,33,7,0.5461496533543775,0.3117721590862582,0.8068685019247684,0.5461496533543775,0.3117721590862582,0.8068685019247684
storage_rate,precipitation,"[45,55)",1462.1794871794873,33,7,0.5324865159663287,0.236467806667541,0.7209257884910614,0.5324865159663287,0.236467806667541,0.7209257884910614
storage_rate,precipitation,"[45,55)",1524.3589743589744,33,7,0.5237040858377109,0.18303255264111093,0.7213533368582528,0.5237040858377109,0.18303255264111093,0.7213533368582528
storage_rate,precipitation,"[45,55)",1586.5384615384614,33,7,0.4949256348790544,0.12321295112822997,0.6936548320068554,0.4949256348790544,0.12321295112822997,0.6936548320068554
storage_rate,precipitation,"[45,55)",1648.7179487179487,33,7,0.4949256348790544,0.11338112482405976,0.6842785105617211,0.4949256348790544,0.11338112482405976,0.6842785105617211
storage_rate,precipitation,"[45,55)",1710.897435897436,33,7,0.4949256348790544,0.11338112482405976,0.6815219371551366,0.4949256348790544,0.11338112482405976,0.6815219371551366
storage_rate,precipitation,"[45,55)",1773.076923076923,33,7,0.47948589514602324,0.057665834361405106,0.6817334802708391,0.47948589514602324,0.057665834361405106,0.6817334802708391
storage_rate,precipitation,"[45,55)",1835.2564102564102,33,7,0.47948589514602324,0.057665834361405106,0.6817334802708391,0.47948589514602324,0.057665834361405106,0.6817334802708391
storage_rate,precipitation,"[45,55)",1897.4358974358975,33,7,0.47948589514602324,0.018944859685319837,0.6815787875403959,0.47948589514602324,0.018944859685319837,0.6815787875403959
storage_rate,precipitation,"[45,55)",1959.6153846153848,33,7,0.47194603175827954,-0.013212702867123415,0.6893496032183368,0.47194603175827954,-0.013212702867123415,0.6893496032183368
storage_rate,precipitation,"[45,55)",2021.7948717948718,33,7,0.47194603175827954,-0.010261497413033987,0.6927295752659893,0.47194603175827954,-0.010261497413033987,0.6927295752659893
storage_rate,precipitation,"[45,55)",2083.974358974359,33,7,0.47194603175827954,-0.009008827301052682,0.6927295752659893,0.47194603175827954,-0.009008827301052682,0.6927295752659893
storage_rate,precipitation,"[45,55)",2146.153846153846,33,7,0.47194603175827954,-0.006068367751625645,0.6926158774192587,0.47194603175827954,-0.006068367751625645,0.6926158774192587
storage_rate,precipitation,"[45,55)",2208.3333333333335,33,7,0.4695463595968305,-0.002964018028455269,0.6927893167474506,0.4695463595968305,-0.002964018028455269,0.6927893167474506
storage_rate,precipitation,"[45,55)",2270.5128205128203,33,7,0.47946168708078785,-0.0031417089683765886,0.7316446420807167,0.47946168708078785,-0.0031417089683765886,0.7316446420807167
storage_rate,precipitation,"[45,55)",2332.6923076923076,33,7,0.4807829333074164,-0.002914143532909699,0.7316446420807167,0.4807829333074164,-0.002914143532909699,0.7316446420807167
storage_rate,precipitation,"[45,55)",2394.871794871795,33,7,0.4530717387343899,-0.002937219064739186,0.7240918909636975,0.4530717387343899,-0.002937219064739186,0.7240918909636975
storage_rate,precipitation,"[45,55)",2457.051282051282,33,7,0.4530717387343899,0.007428303113997413,0.7240918909636975,0.4530717387343899,0.007428303113997413,0.7240918909636975
storage_rate,precipitation,"[45,55)",2519.2307692307695,33,7,0.4530717387343899,0.007428303113997413,0.7240918909636975,0.4530717387343899,0.007428303113997413,0.7240918909636975
storage_rate,precipitation,"[45,55)",2581.4102564102564,33,7,0.4530717387343899,0.007428303113997413,0.7240918909636975,0.4530717387343899,0.007428303113997413,0.7240918909636975
storage_rate,precipitation,"[45,55)",2643.5897435897436,33,7,0.4550903538862864,0.007428303113997413,0.7240918909636975,0.4550903538862864,0.007428303113997413,0.7240918909636975
storage_rate,precipitation,"[45,55)",2705.769230769231,33,7,0.3634899920134833,0.01417223736784902,0.7242812863558137,0.3634899920134833,0.01417223736784902,0.7242812863558137
storage_rate,precipitation,"[45,55)",2767.948717948718,33,7,0.3634899920134833,0.01417223736784902,0.7242812863558137,0.3634899920134833,0.01417223736784902,0.7242812863558137
storage_rate,precipitation,"[45,55)",2830.128205128205,33,7,0.3634899920134833,0.01417223736784902,0.7198711671464315,0.3634899920134833,0.01417223736784902,0.7198711671464315
storage_rate,precipitation,"[45,55)",2892.3076923076924,33,7,0.3634899920134833,0.01417223736784902,0.7132956729785568,0.3634899920134833,0.01417223736784902,0.7132956729785568
storage_rate,precipitation,"[45,55)",2954.4871794871797,33,7,0.3634899920134833,0.01417223736784902,0.7132956729785568,0.3634899920134833,0.01417223736784902,0.7132956729785568
storage_rate,precipitation,"[45,55)",3016.666666666667,33,7,0.3634899920134833,0.01417223736784902,0.7132956729785568,0.3634899920134833,0.01417223736784902,0.7132956729785568
storage_rate,precipitation,"[45,55)",3078.846153846154,33,7,0.3634899920134833,-0.008223088631745054,0.7132956729785568,0.3634899920134833,-0.008223088631745054,0.7132956729785568
storage_rate,precipitation,"[45,55)",3141.025641025641,33,7,0.36657993314844195,-0.011868304831229835,0.7132956729785568,0.36657993314844195,-0.011868304831229835,0.7132956729785568
storage_rate,precipitation,"[45,55)",3203.2051282051284,33,7,0.36657993314844195,-0.011868304831229835,0.7132956729785568,0.36657993314844195,-0.011868304831229835,0.7132956729785568
storage_rate,precipitation,"[45,55)",3265.3846153846152,33,7,0.36657993314844195,-0.02729156955681505,0.7132956729785568,0.36657993314844195,-0.02729156955681505,0.7132956729785568
storage_rate,precipitation,"[45,55)",3327.5641025641025,33,7,0.36657993314844195,-0.02729156955681505,0.7132956729785568,0.36657993314844195,-0.02729156955681505,0.7132956729785568
storage_rate,precipitation,"[45,55)",3389.74358974359,33,7,0.36657993314844195,-0.02729156955681505,0.7132956729785568,0.36657993314844195,-0.02729156955681505,0.7132956729785568
storage_rate,precipitation,"[45,55)",3451.923076923077,33,7,0.36657993314844195,-0.02729156955681505,0.7132956729785568,0.36657993314844195,-0.02729156955681505,0.7132956729785568
storage_rate,precipitation,"[45,55)",3514.1025641025644,33,7,0.36657993314844195,-0.02729156955681505,0.7132956729785568,0.36657993314844195,-0.02729156955681505,0.7132956729785568
storage_rate,precipitation,"[45,55)",3576.2820512820513,33,7,0.36657993314844195,-0.05212953647626851,0.7132956729785568,0.36657993314844195,-0.05212953647626851,0.7132956729785568
storage_rate,precipitation,"[45,55)",3638.4615384615386,33,7,0.36657993314844195,-0.05212953647626851,0.7132956729785568,0.36657993314844195,-0.05212953647626851,0.7132956729785568
storage_rate,precipitation,"[45,55)",3700.641025641026,33,7,0.36657993314844195,-0.05212953647626851,0.7132956729785568,0.36657993314844195,-0.05212953647626851,0.7132956729785568
storage_rate,precipitation,"[45,55)",3762.8205128205127,33,7,0.36657993314844195,-0.026912252167521907,0.7132956729785568,0.36657993314844195,-0.026912252167521907,0.7132956729785568
storage_rate,precipitation,"[45,55)",3825,33,7,0.36657993314844195,-0.026912252167521907,0.7132956729785568,0.36657993314844195,-0.026912252167521907,0.7132956729785568
storage_rate,precipitation,"[55,75]",1500,2,2,0.6680331975221634,-0.08927710987627506,1.1096017092466355,0.6680331975221634,-0.08927710987627506,1.1096017092466355
storage_rate,precipitation,"[55,75]",1513.923076923077,2,2,0.6680331975221634,-0.08927710987627506,1.1096017092466355,0.6680331975221634,-0.08927710987627506,1.1096017092466355
storage_rate,precipitation,"[55,75]",1527.8461538461538,2,2,0.6680331975221634,-0.08927710987627506,1.1096017092466355,0.6680331975221634,-0.08927710987627506,1.1096017092466355
storage_rate,precipitation,"[55,75]",1541.7692307692307,2,2,0.6680331975221634,-0.08927710987627506,1.1096017092466355,0.6680331975221634,-0.08927710987627506,1.1096017092466355
storage_rate,precipitation,"[55,75]",1555.6923076923076,2,2,0.6448146253824234,-0.08927710987627506,1.0486018240451815,0.6448146253824234,-0.08927710987627506,1.0486018240451815
storage_rate,precipitation,"[55,75]",1569.6153846153845,2,2,0.6448146253824234,-0.08927710987627506,1.0486018240451815,0.6448146253824234,-0.08927710987627506,1.0486018240451815
storage_rate,precipitation,"[55,75]",1583.5384615384614,2,2,0.6448146253824234,-0.08927710987627506,1.0486018240451815,0.6448146253824234,-0.08927710987627506,1.0486018240451815
storage_rate,precipitation,"[55,75]",1597.4615384615386,2,2,0.6448146253824234,-0.08927710987627506,1.0486018240451815,0.6448146253824234,-0.08927710987627506,1.0486018240451815
storage_rate,precipitation,"[55,75]",1611.3846153846155,2,2,0.6448146253824234,-0.08927710987627506,1.0486018240451815,0.6448146253824234,-0.08927710987627506,1.0486018240451815
storage_rate,precipitation,"[55,75]",1625.3076923076924,2,2,0.6448146253824234,-0.08927710987627506,1.0486018240451815,0.6448146253824234,-0.08927710987627506,1.0486018240451815
storage_rate,precipitation,"[55,75]",1639.2307692307693,2,2,0.6448146253824234,-0.08927710987627506,1.0486018240451815,0.6448146253824234,-0.08927710987627506,1.0486018240451815
storage_rate,precipitation,"[55,75]",1653.1538461538462,2,2,0.6448146253824234,-0.08927710987627506,1.0486018240451815,0.6448146253824234,-0.08927710987627506,1.0486018240451815
storage_rate,precipitation,"[55,75]",1667.076923076923,2,2,0.6448146253824234,-0.08927710987627506,1.0486018240451815,0.6448146253824234,-0.08927710987627506,1.0486018240451815
storage_rate,precipitation,"[55,75]",1681,2,2,0.6448146253824234,-0.08927710987627506,1.0486018240451815,0.6448146253824234,-0.08927710987627506,1.0486018240451815
storage_rate,precipitation,"[55,75]",1694.923076923077,2,2,0.6448146253824234,-0.08927710987627506,1.0486018240451815,0.6448146253824234,-0.08927710987627506,1.0486018240451815
storage_rate,precipitation,"[55,75]",1708.8461538461538,2,2,0.6448146253824234,-0.08927710987627506,1.0486018240451815,0.6448146253824234,-0.08927710987627506,1.0486018240451815
storage_rate,precipitation,"[55,75]",1722.7692307692307,2,2,0.6448146253824234,-0.08927710987627506,1.0486018240451815,0.6448146253824234,-0.08927710987627506,1.0486018240451815
storage_rate,precipitation,"[55,75]",1736.6923076923076,2,2,0.6448146253824234,-0.10424787919037044,1.048377910256386,0.6448146253824234,-0.10424787919037044,1.048377910256386
storage_rate,precipitation,"[55,75]",1750.6153846153845,2,2,0.6448146253824234,-0.10424787919037044,1.048377910256386,0.6448146253824234,-0.10424787919037044,1.048377910256386
storage_rate,precipitation,"[55,75]",1764.5384615384614,2,2,0.6448146253824234,-0.10424787919037044,1.048377910256386,0.6448146253824234,-0.10424787919037044,1.048377910256386
storage_rate,precipitation,"[55,75]",1778.4615384615386,2,2,0.6448146253824234,-0.10424787919037044,1.0231646403670311,0.6448146253824234,-0.10424787919037044,1.0231646403670311
storage_rate,precipitation,"[55,75]",1792.3846153846155,2,2,0.6448146253824234,-0.10424787919037044,1.0231646403670311,0.6448146253824234,-0.10424787919037044,1.0231646403670311
storage_rate,precipitation,"[55,75]",1806.3076923076924,2,2,0.6448146253824234,-0.10424787919037044,1.0231646403670311,0.6448146253824234,-0.10424787919037044,1.0231646403670311
storage_rate,precipitation,"[55,75]",1820.2307692307693,2,2,0.6448146253824234,-0.10424787919037044,1.0231646403670311,0.6448146253824234,-0.10424787919037044,1.0231646403670311
storage_rate,precipitation,"[55,75]",1834.1538461538462,2,2,0.6448146253824234,-0.10424787919037044,1.0231646403670311,0.6448146253824234,-0.10424787919037044,1.0231646403670311
storage_rate,precipitation,"[55,75]",1848.076923076923,2,2,0.6448146253824234,-0.10424787919037044,1.0231646403670311,0.6448146253824234,-0.10424787919037044,1.0231646403670311
storage_rate,precipitation,"[55,75]",1862,2,2,0.6448146253824234,-0.10776744568720457,1.0231646403670311,0.6448146253824234,-0.10776744568720457,1.0231646403670311
storage_rate,precipitation,"[55,75]",1875.923076923077,2,2,0.6448146253824234,-0.14073706678464076,1.0231646403670311,0.6448146253824234,-0.14073706678464076,1.0231646403670311
storage_rate,precipitation,"[55,75]",1889.8461538461538,2,2,0.6448146253824234,-0.14073706678464076,1.0231646403670311,0.6448146253824234,-0.14073706678464076,1.0231646403670311
storage_rate,precipitation,"[55,75]",1903.7692307692307,2,2,0.6448146253824234,-0.14073706678464076,1.0231646403670311,0.6448146253824234,-0.14073706678464076,1.0231646403670311
storage_rate,precipitation,"[55,75]",1917.6923076923076,2,2,0.6448146253824234,-0.14073706678464076,1.0231646403670311,0.6448146253824234,-0.14073706678464076,1.0231646403670311
storage_rate,precipitation,"[55,75]",1931.6153846153848,2,2,0.6448146253824234,-0.14143828377127646,1.0231646403670311,0.6448146253824234,-0.14143828377127646,1.0231646403670311
storage_rate,precipitation,"[55,75]",1945.5384615384614,2,2,0.6448146253824234,-0.14143828377127646,1.0231646403670311,0.6448146253824234,-0.14143828377127646,1.0231646403670311
storage_rate,precipitation,"[55,75]",1959.4615384615386,2,2,0.6448146253824234,-0.14143828377127646,1.0186299927532674,0.6448146253824234,-0.14143828377127646,1.0186299927532674
storage_rate,precipitation,"[55,75]",1973.3846153846155,2,2,0.6448146253824234,-0.14143828377127646,1.0186299927532674,0.6448146253824234,-0.14143828377127646,1.0186299927532674
storage_rate,precipitation,"[55,75]",1987.3076923076924,2,2,0.6448146253824234,-0.14143828377127646,1.0186299927532674,0.6448146253824234,-0.14143828377127646,1.0186299927532674
storage_rate,precipitation,"[55,75]",2001.2307692307693,2,2,0.6448146253824234,-0.14169351942837236,1.0186299927532674,0.6448146253824234,-0.14169351942837236,1.0186299927532674
storage_rate,precipitation,"[55,75]",2015.1538461538462,2,2,0.6448146253824234,-0.14169351942837236,1.0186299927532674,0.6448146253824234,-0.14169351942837236,1.0186299927532674
storage_rate,precipitation,"[55,75]",2029.076923076923,2,2,0.6448146253824234,-0.14169351942837236,1.0186299927532674,0.6448146253824234,-0.14169351942837236,1.0186299927532674
storage_rate,precipitation,"[55,75]",2043,2,2,0.6448146253824234,-0.14169351942837236,1.0186299927532674,0.6448146253824234,-0.14169351942837236,1.0186299927532674
storage_rate,precipitation,0-30 cm,95,179,40,0.41773648411763936,0.12541481286977346,0.7194520128873962,0.41773648411763936,0.12541481286977346,0.7194520128873962
storage_rate,precipitation,0-30 cm,204.87179487179486,179,40,0.41773648411763936,0.12541481286977346,0.7194520128873962,0.41773648411763936,0.12541481286977346,0.7194520128873962
storage_rate,precipitation,0-30 cm,314.7435897435897,179,40,0.41773648411763936,0.10638144618243639,0.7194520128873962,0.41773648411763936,0.10638144618243639,0.7194520128873962
storage_rate,precipitation,0-30 cm,424.61538461538464,179,40,0.41773648411763936,0.10638144618243639,0.730299362340063,0.41773648411763936,0.10638144618243639,0.730299362340063
storage_rate,precipitation,0-30 cm,534.4871794871794,179,40,0.41773648411763936,0.10638144618243639,0.730299362340063,0.41773648411763936,0.10638144618243639,0.730299362340063
storage_rate,precipitation,0-30 cm,644.3589743589744,179,40,0.44763022045183437,0.10638144618243639,0.730299362340063,0.44763022045183437,0.10638144618243639,0.730299362340063
storage_rate,precipitation,0-30 cm,754.2307692307693,179,40,0.44763022045183437,0.10638144618243639,0.730299362340063,0.44763022045183437,0.10638144618243639,0.730299362340063
storage_rate,precipitation,0-30 cm,864.1025641025641,179,40,0.44763022045183437,0.1274421591119186,0.730299362340063,0.44763022045183437,0.1274421591119186,0.730299362340063
storage_rate,precipitation,0-30 cm,973.974358974359,179,40,0.465301241038898,0.17326784938448317,0.730299362340063,0.465301241038898,0.17326784938448317,0.730299362340063
storage_rate,precipitation,0-30 cm,1083.8461538461538,179,40,0.4350992727546051,0.20932773703919968,0.7185752789846326,0.4350992727546051,0.20932773703919968,0.7185752789846326
storage_rate,precipitation,0-30 cm,1193.7179487179487,179,40,0.4122367737679507,0.20124075877813186,0.6353448454715969,0.4122367737679507,0.20124075877813186,0.6353448454715969
storage_rate,precipitation,0-30 cm,1303.5897435897436,179,40,0.38392276312718854,0.19662221672440036,0.6279360073273896,0.38392276312718854,0.19662221672440036,0.6279360073273896
storage_rate,precipitation,0-30 cm,1413.4615384615386,179,40,0.38392276312718854,0.1943149056576983,0.6325205600549931,0.38392276312718854,0.1943149056576983,0.6325205600549931
storage_rate,precipitation,0-30 cm,1523.3333333333335,179,40,0.3658022072332697,0.1752908450168917,0.5435198897909497,0.3658022072332697,0.1752908450168917,0.5435198897909497
storage_rate,precipitation,0-30 cm,1633.2051282051282,179,40,0.3510689980261986,0.1425566323962607,0.45521242353211916,0.3510689980261986,0.1425566323962607,0.45521242353211916
storage_rate,precipitation,0-30 cm,1743.076923076923,179,40,0.3510689980261986,0.13746362430740686,0.45042885790420334,0.3510689980261986,0.13746362430740686,0.45042885790420334
storage_rate,precipitation,0-30 cm,1852.948717948718,179,40,0.34048810303627447,0.1419224441646567,0.44373599403614566,0.34048810303627447,0.1419224441646567,0.44373599403614566
storage_rate,precipitation,0-30 cm,1962.820512820513,179,40,0.33375904085530833,0.12750306778363665,0.44346043596606094,0.33375904085530833,0.12750306778363665,0.44346043596606094
storage_rate,precipitation,0-30 cm,2072.6923076923076,179,40,0.33375904085530833,0.12750306778363665,0.44820629588468786,0.33375904085530833,0.12750306778363665,0.44820629588468786
storage_rate,precipitation,0-30 cm,2182.5641025641025,179,40,0.33375904085530833,0.12754722009321884,0.46255217162090967,0.33375904085530833,0.12754722009321884,0.46255217162090967
storage_rate,precipitation,0-30 cm,2292.4358974358975,179,40,0.3417490887866674,0.13758353355019373,0.4864463686590559,0.3417490887866674,0.13758353355019373,0.4864463686590559
storage_rate,precipitation,0-30 cm,2402.3076923076924,179,40,0.3244353705944297,0.14207420901684126,0.4753301474516796,0.3244353705944297,0.14207420901684126,0.4753301474516796
storage_rate,precipitation,0-30 cm,2512.1794871794873,179,40,0.3244353705944297,0.15774207164340923,0.4834181058070982,0.3244353705944297,0.15774207164340923,0.4834181058070982
storage_rate,precipitation,0-30 cm,2622.051282051282,179,40,0.3244353705944297,0.16047174028965114,0.4835900759282809,0.3244353705944297,0.16047174028965114,0.4835900759282809
storage_rate,precipitation,0-30 cm,2731.923076923077,179,40,0.24456808666110716,0.09385471094761283,0.4769811913007533,0.24456808666110716,0.09385471094761283,0.4769811913007533
storage_rate,precipitation,0-30 cm,2841.794871794872,179,40,0.24456808666110716,0.09385471094761283,0.47309722323100717,0.24456808666110716,0.09385471094761283,0.47309722323100717
storage_rate,precipitation,0-30 cm,2951.666666666667,179,40,0.24456808666110716,0.09220329721200705,0.47309722323100717,0.24456808666110716,0.09220329721200705,0.47309722323100717
storage_rate,precipitation,0-30 cm,3061.5384615384614,179,40,0.24456808666110716,0.09220329721200705,0.47309722323100717,0.24456808666110716,0.09220329721200705,0.47309722323100717
storage_rate,precipitation,0-30 cm,3171.4102564102564,179,40,0.24926508272160378,0.039073204475373116,0.47692597282337623,0.24926508272160378,0.039073204475373116,0.47692597282337623
storage_rate,precipitation,0-30 cm,3281.2820512820513,179,40,0.24926508272160378,0.039073204475373116,0.47692597282337623,0.24926508272160378,0.039073204475373116,0.47692597282337623
storage_rate,precipitation,0-30 cm,3391.153846153846,179,40,0.24926508272160378,0.039073204475373116,0.47692597282337623,0.24926508272160378,0.039073204475373116,0.47692597282337623
storage_rate,precipitation,0-30 cm,3501.025641025641,179,40,0.24926508272160378,0.039073204475373116,0.47692597282337623,0.24926508272160378,0.039073204475373116,0.47692597282337623
storage_rate,precipitation,0-30 cm,3610.897435897436,179,40,0.24926508272160378,0.006973239159544508,0.47627818770420505,0.24926508272160378,0.006973239159544508,0.47627818770420505
storage_rate,precipitation,0-30 cm,3720.769230769231,179,40,0.24926508272160378,0.032845860534196705,0.47778019648046627,0.24926508272160378,0.032845860534196705,0.47778019648046627
storage_rate,precipitation,0-30 cm,3830.641025641026,179,40,0.24926508272160378,0.03291374369102985,0.48158980595915685,0.24926508272160378,0.03291374369102985,0.48158980595915685
storage_rate,precipitation,0-30 cm,3940.512820512821,179,40,0.24926508272160378,0.03291374369102985,0.48480218403072584,0.24926508272160378,0.03291374369102985,0.48480218403072584
storage_rate,precipitation,0-30 cm,4050.3846153846157,179,40,0.3084490230338201,0.033639084536831974,0.48480218403072584,0.3084490230338201,0.033639084536831974,0.48480218403072584
storage_rate,precipitation,0-30 cm,4160.25641025641,179,40,0.3084490230338201,0.033639084536831974,0.48480218403072584,0.3084490230338201,0.033639084536831974,0.48480218403072584
storage_rate,precipitation,0-30 cm,4270.128205128205,179,40,0.3084490230338201,0.033639084536831974,0.48480218403072584,0.3084490230338201,0.033639084536831974,0.48480218403072584
storage_rate,precipitation,0-30 cm,4380,179,40,0.3084490230338201,0.033639084536831974,0.48480218403072584,0.3084490230338201,0.033639084536831974,0.48480218403072584
storage_rate,precipitation,45-75 cm,1400,35,8,0.5544945234698908,0.33254857291600537,0.8130210405934071,0.5544945234698908,0.33254857291600537,0.8130210405934071
storage_rate,precipitation,45-75 cm,1462.1794871794873,35,8,0.5416121367897307,0.25396689100989267,0.7277762545432364,0.5416121367897307,0.25396689100989267,0.7277762545432364
storage_rate,precipitation,45-75 cm,1524.3589743589744,35,8,0.5319514636482511,0.20076186888186,0.7275965958141855,0.5319514636482511,0.20076186888186,0.7275965958141855
storage_rate,precipitation,45-75 cm,1586.5384615384614,35,8,0.5034907200506756,0.14965799510478975,0.7015874120433416,0.5034907200506756,0.14965799510478975,0.7015874120433416
storage_rate,precipitation,45-75 cm,1648.7179487179487,35,8,0.5034907200506756,0.13954701874405145,0.6910950450333102,0.5034907200506756,0.13954701874405145,0.6910950450333102
storage_rate,precipitation,45-75 cm,1710.897435897436,35,8,0.5034907200506756,0.13954701874405145,0.6889060631447604,0.5034907200506756,0.13954701874405145,0.6889060631447604
storage_rate,precipitation,45-75 cm,1773.076923076923,35,8,0.4889332511595318,0.11121394882244726,0.6907459926339131,0.4889332511595318,0.11121394882244726,0.6907459926339131
storage_rate,precipitation,45-75 cm,1835.2564102564102,35,8,0.4889332511595318,0.11121394882244726,0.6907459926339131,0.4889332511595318,0.11121394882244726,0.6907459926339131
storage_rate,precipitation,45-75 cm,1897.4358974358975,35,8,0.4889332511595318,0.04769697995623575,0.689203664383718,0.4889332511595318,0.04769697995623575,0.689203664383718
storage_rate,precipitation,45-75 cm,1959.6153846153848,35,8,0.48182423710823064,0.015808829375143572,0.6966099832579494,0.48182423710823064,0.015808829375143572,0.6966099832579494
storage_rate,precipitation,45-75 cm,2021.7948717948718,35,8,0.48182423710823064,0.024156533104500597,0.6968544880407199,0.48182423710823064,0.024156533104500597,0.6968544880407199
storage_rate,precipitation,45-75 cm,2083.974358974359,35,8,0.48182423710823064,0.02538569346868567,0.6968544880407199,0.48182423710823064,0.02538569346868567,0.6968544880407199
storage_rate,precipitation,45-75 cm,2146.153846153846,35,8,0.48182423710823064,0.019265789245920525,0.6926736557909421,0.48182423710823064,0.019265789245920525,0.6926736557909421
storage_rate,precipitation,45-75 cm,2208.3333333333335,35,8,0.47880750639098024,0.029130009170621668,0.7067671322450041,0.47880750639098024,0.029130009170621668,0.7067671322450041
storage_rate,precipitation,45-75 cm,2270.5128205128203,35,8,0.4881562437329974,0.019672299141529945,0.7334223547058981,0.4881562437329974,0.019672299141529945,0.7334223547058981
storage_rate,precipitation,45-75 cm,2332.6923076923076,35,8,0.48940199017524727,0.02795011959836954,0.7334223547058981,0.48940199017524727,0.02795011959836954,0.7334223547058981
storage_rate,precipitation,45-75 cm,2394.871794871795,35,8,0.46024422134671883,0.02710159932795379,0.7323138256124887,0.46024422134671883,0.02710159932795379,0.7323138256124887
storage_rate,precipitation,45-75 cm,2457.051282051282,35,8,0.46024422134671883,0.03013065878967092,0.7323138256124887,0.46024422134671883,0.03013065878967092,0.7323138256124887
storage_rate,precipitation,45-75 cm,2519.2307692307695,35,8,0.46024422134671883,0.03013065878967092,0.7323138256124887,0.46024422134671883,0.03013065878967092,0.7323138256124887
storage_rate,precipitation,45-75 cm,2581.4102564102564,35,8,0.46024422134671883,0.030897318935021782,0.7323138256124887,0.46024422134671883,0.030897318935021782,0.7323138256124887
storage_rate,precipitation,45-75 cm,2643.5897435897436,35,8,0.4621474870613642,0.030897318935021782,0.7323138256124887,0.4621474870613642,0.030897318935021782,0.7323138256124887
storage_rate,precipitation,45-75 cm,2705.769230769231,35,8,0.36600590284381584,0.037258203243836746,0.7300934213167056,0.36600590284381584,0.037258203243836746,0.7300934213167056
storage_rate,precipitation,45-75 cm,2767.948717948718,35,8,0.36600590284381584,0.037258203243836746,0.7300934213167056,0.36600590284381584,0.037258203243836746,0.7300934213167056
storage_rate,precipitation,45-75 cm,2830.128205128205,35,8,0.36600590284381584,0.037258203243836746,0.7144368941563051,0.36600590284381584,0.037258203243836746,0.7144368941563051
storage_rate,precipitation,45-75 cm,2892.3076923076924,35,8,0.36600590284381584,0.037258203243836746,0.7143358700722459,0.36600590284381584,0.037258203243836746,0.7143358700722459
storage_rate,precipitation,45-75 cm,2954.4871794871797,35,8,0.36600590284381584,0.037258203243836746,0.7143358700722459,0.36600590284381584,0.037258203243836746,0.7143358700722459
storage_rate,precipitation,45-75 cm,3016.666666666667,35,8,0.36600590284381584,0.037258203243836746,0.7143358700722459,0.36600590284381584,0.037258203243836746,0.7143358700722459
storage_rate,precipitation,45-75 cm,3078.846153846154,35,8,0.36600590284381584,0.022981556373249227,0.7143358700722459,0.36600590284381584,0.022981556373249227,0.7143358700722459
storage_rate,precipitation,45-75 cm,3141.025641025641,35,8,0.3689192759139197,0.016960640481806236,0.7143358700722459,0.3689192759139197,0.016960640481806236,0.7143358700722459
storage_rate,precipitation,45-75 cm,3203.2051282051284,35,8,0.3689192759139197,0.016960640481806236,0.7143358700722459,0.3689192759139197,0.016960640481806236,0.7143358700722459
storage_rate,precipitation,45-75 cm,3265.3846153846152,35,8,0.3689192759139197,-0.030092960452394856,0.7143358700722459,0.3689192759139197,-0.030092960452394856,0.7143358700722459
storage_rate,precipitation,45-75 cm,3327.5641025641025,35,8,0.3689192759139197,-0.030092960452394856,0.7143358700722459,0.3689192759139197,-0.030092960452394856,0.7143358700722459
storage_rate,precipitation,45-75 cm,3389.74358974359,35,8,0.3689192759139197,-0.030092960452394856,0.7143358700722459,0.3689192759139197,-0.030092960452394856,0.7143358700722459
storage_rate,precipitation,45-75 cm,3451.923076923077,35,8,0.3689192759139197,-0.030092960452394856,0.7143358700722459,0.3689192759139197,-0.030092960452394856,0.7143358700722459
storage_rate,precipitation,45-75 cm,3514.1025641025644,35,8,0.3689192759139197,-0.030092960452394856,0.7143358700722459,0.3689192759139197,-0.030092960452394856,0.7143358700722459
storage_rate,precipitation,45-75 cm,3576.2820512820513,35,8,0.3689192759139197,-0.05274192242217913,0.7131908212495703,0.3689192759139197,-0.05274192242217913,0.7131908212495703
storage_rate,precipitation,45-75 cm,3638.4615384615386,35,8,0.3689192759139197,-0.05274192242217913,0.7131908212495703,0.3689192759139197,-0.05274192242217913,0.7131908212495703
storage_rate,precipitation,45-75 cm,3700.641025641026,35,8,0.3689192759139197,-0.05274192242217913,0.7131908212495703,0.3689192759139197,-0.05274192242217913,0.7131908212495703
storage_rate,precipitation,45-75 cm,3762.8205128205127,35,8,0.3689192759139197,-0.029552169752174232,0.7131908212495703,0.3689192759139197,-0.029552169752174232,0.7131908212495703
storage_rate,precipitation,45-75 cm,3825,35,8,0.3689192759139197,-0.029552169752174232,0.7131908212495703,0.3689192759139197,-0.029552169752174232,0.7131908212495703
