ID,id_article,id_experiment,publication_year,Authors,language,document_type,doi,Book_DOI,Commentaires,experiment_type,control_Land_Use,control_type,control_Comment,control_species,control_NB_species,control_N_Woody,control_N_herb,control_N2_fixing,treatment_Land_Use,NEW_treatment_type,main_culture,Notes,treatment_species,treatment_NB_species,treatment_N_Woody,treatment_N_herb,treatment_N2_fixing,density,Organic_management,info,Confunding_factors,country,latitude,longitude,Y_(WGS84),X_(WGS84),altitude,precipitation,temperature,climate,soil_type,soil_depth_start,soil_depth_end,Thickness,Bulk_density_C,Coarse_fragment_C,Bulk_density_T,Coarse_fragment_T,Design,time_since_conversion,history,history_C,history_T,control_replicate_nb,treatment_replicate_nb,Table/Fig,Transformation,soc_unit_control,...60,control_soc_mean,control_soc_sd,control_soc_sd_F,control_soc_mean_T_ha,control_soc_sd_T_ha,treatment_soc_mean,treatment_soc_sd,treatment_soc_sd_F,treatment_soc_mean_T_ha,treatment_soc_sd_T_ha,delta_stock_C.yr,delta_stock_T.yr,Keep_ratio,Ratio,Ratio_vi,Keep_rate,Crate,Crate_vi,...79,delta_stock_T,Temperature_Wordclim,Precipitation_Wordclim,ETP_Wordclim,FAO_Climate,MEAN_depth,depth_diff,Depthfrom_zero,MEAN_depthD,lon,lat,main_culture2,NEW_treatment_type2,diff_species,diff_species_class,Grouped_Design,History_reclass,depth_group,treatment_soc_sd_T_ha_imputed,control_soc_sd_T_ha_imputed,seq_rate,seq_rate_sd,seq_rate_vi
1,5,1,2019,"Aryal, Deb R.; Gomez-Gonzalez, Rogelio R.; Hernandez-Nuriasmu, Rodrigo; Morales-Ruiz, Danilo E.",English,Article,10.1007/s10457-018-0310-y,http://dx.doi.org/10.1007/s10457-018-0310-y,"We have the Pastureland age but not the SAF age. We don't have the SD but the SE for the SOC. AGB doesn't take in count the litter biomass, just the grass and trees biomass. The biomass DATA is already converted in carbon. No need to make any calcul here.",LMP,Grassland,Full sun,NA,"Cynodon dactylon,Cynodon plectostachyus,Hiparrhenia rufa",3,0,3,0,grassland,SilvoPasture,Pasture,NA,"Cynodon dactylon,Cynodon plectostachyus,Hiparrhenia rufa,Acacia farnesiana,Alvaradoa amorphoides,Astronium graveolens,Bumelia Celastrina,Bursera copallifera,Bursera excelsa,Byrsonima crassifolia,Ceiba aesculifolia,Clethra mexicana,Cochlospermum vitifolium,Comacladia guatemalensis,Haematoxilum brasiletto,Leucaena leucocephala,Lysiloma acapulcense,Payena lucida,Pimenta dioica,Pithecellobium dulce,Swietenia macrophylla,Thevetia thevetioides,Tabebuia dominguensis",23,20,3,4,282,NO,NA,NA,Mexico,16°37'N,93°06'W,16.6166666666667,-93.1,494.5,1150,23,NA,Leptosols,0,15,15,110,40,130,39,CI,12.4,Maize cutivation for 10–15 years,cropland,cropland,10,10,Table 2,SE,t C ha-1,Done,"61,52","6,94 SE","21,95",61.52,21.95,"89,72","5,54 SE","17,52",89.72,17.52,NA,NA,YES,"0,3773313845","0,01653860842",YES,"2,274193548",NA,NA,NA,237,140,1861,Tropical Moist,7.5,15,TRUE,"(5,10]",-93.1,16.6166666666667,Pasture,SilvoPasture,20,C+2+,Control-Impact Designs,Cropland,"[0,15)",FALSE,FALSE,2.2741935483870965,2.264898787860239,5.129766519250779
2,5,2,2019,"Aryal, Deb R.; Gomez-Gonzalez, Rogelio R.; Hernandez-Nuriasmu, Rodrigo; Morales-Ruiz, Danilo E.",English,Article,10.1007/s10457-018-0310-y,http://dx.doi.org/10.1007/s10457-018-0310-y,"We have the Pastureland age but not the SAF age. We don't have the SD but the SE for the SOC. AGB doesn't take in count the litter biomass, just the grass and trees biomass. The biomass DATA is already converted in carbon. No need to make any calcul here.",LMP,Grassland,Full sun,NA,"Cynodon plectostachyus,Brachiaria dictyoneura,Hiparrhenia rufa",3,0,3,0,grassland,SilvoPasture,Pasture,NA,"Cynodon plectostachyus,Brachiaria dictyoneura,Hiparrhenia rufa,Acacia farnesiana,Bucida buceras,Bursera graveolens,Byrsonima crassifolia,Cordia alliodora,Cordia dentata,Gliricidia sepium,Guazuma ulmifolia,Heliocarpus donell,Inga edulis,Leucaena leucocephala,Licania arborea,Pithecellobium dulce,Swietenia macrophylla",17,14,3,4,118,NO,NA,NA,Mexico,16°37'N,93°06'W,16.6166666666667,-93.1,591,1750,21,NA,Leptosols,0,15,15,110,40,80,110,CI,36.9,Maize for 10–15 years and 1–3 years of cotton cultivation,cropland,cropland,10,10,Table 2,SE,t C ha-1,Done,"50,95","5,91 SE","18,69",50.95,18.69,"48,46","3,90 SE","12,33",48.46,12.33,NA,NA,YES,"-0,05010604428","0,01993191777",YES,"-0,0674796748",NA,NA,NA,237,140,1861,Tropical Moist,7.5,15,TRUE,"(5,10]",-93.1,16.6166666666667,Pasture,SilvoPasture,14,C+2+,Control-Impact Designs,Cropland,"[0,15)",FALSE,FALSE,-0.06747967479674802,0.6067949780742161,0.3682001454160884
35,7,35,2020,"Chatterjee, Nilovna; Nair, P. K. Ramachandran; Nair, Vimala D.; Bhattacharjee, Abhishek; Virginio Filho, Elias de Melo; Muschler, Rheinhold G.; Noponen, Martin R. A.",English,Article,10.3390/f11010049,http://dx.doi.org/10.3390/f11010049,The error is the random normal error.,LMP,Cropland,Full sun,NA,Coffea arabica,1,1,0,0,Cropland,Shaded perennial,Coffee,NA,"Coffea arabica,Erythrina poeppigiana",2,2,0,1,417,NA,NA,NA,Costa Rica,9°53'44''N,83°40'7''W,9.89555555555556,-83.6686111111111,685,2600,22,NA,Cambisols,0,10,10,81,43,73,43,BACI,16,Sugar cane,cropland,cropland,3,3,Table 8,estSD,t C ha-1,Done,"27,70",NA,NA,27.7,5.978655698030508,"25,30",NA,NA,25.3,4.39276790959671,0.596875,"0,34375",YES,"-0,09062801746",0,NO,NA,NA,NA,-0.25312500000000004,187,94,1592,Tropical Wet,5,10,TRUE,"(0,5]",-83.6686111111111,9.89555555555556,Cocoa/Coffee,Shaded perennial,1,A:<0/+1,Before-After Designs,Cropland,"[0,15)",TRUE,TRUE,-0.25312500000000004,0.46368401595594017,0.21500286665302856
36,7,36,2020,"Chatterjee, Nilovna; Nair, P. K. Ramachandran; Nair, Vimala D.; Bhattacharjee, Abhishek; Virginio Filho, Elias de Melo; Muschler, Rheinhold G.; Noponen, Martin R. A.",English,Article,10.3390/f11010049,http://dx.doi.org/10.3390/f11010049,The error is the random normal error.,LMP,Cropland,Full sun,NA,Coffea arabica,1,1,0,0,Cropland,Shaded perennial,Coffee,NA,"Coffea arabica,Erythrina poeppigiana",2,2,0,1,417,NA,NA,NA,Costa Rica,9°53'44''N,83°40'7''W,9.89555555555556,-83.6686111111111,685,2600,22,NA,Cambisols,1,10,9,95,43,62,43,BACI,16,Sugar cane,cropland,cropland,3,3,Table 8,estSD,t C ha-1,Done,"25,10",NA,NA,25.1,5.417482239009594,"28,50",NA,NA,28.5,4.948374917925148,0.0546875,"0,3515625",YES,"0,1270362411",0,NO,NA,NA,NA,0.296875,187,94,1592,Tropical Wet,5.5,9,FALSE,"(5,10]",-83.6686111111111,9.89555555555556,Cocoa/Coffee,Shaded perennial,1,A:<0/+1,Before-After Designs,Cropland,"[0,15)",TRUE,TRUE,0.296875,0.4585793625866428,0.2102950317903716
37,7,37,2020,"Chatterjee, Nilovna; Nair, P. K. Ramachandran; Nair, Vimala D.; Bhattacharjee, Abhishek; Virginio Filho, Elias de Melo; Muschler, Rheinhold G.; Noponen, Martin R. A.",English,Article,10.3390/f11010049,http://dx.doi.org/10.3390/f11010049,The error is the random normal error.,LMP,Cropland,Full sun,NA,Coffea arabica,1,1,0,0,Cropland,Shaded perennial,Coffee,NA,"Coffea arabica,Erythrina poeppigiana",2,2,0,1,417,NA,NA,NA,Costa Rica,9°53'44''N,83°40'7''W,9.89555555555556,-83.6686111111111,685,2600,22,NA,Cambisols,0,40,40,88,43,675,43,BACI,16,Sugar cane,cropland,cropland,3,3,Table 8,NA,t C ha-1,Done,"52,80","45 543,00","45 543,00",52.8,11.396137937040102,"53,90","8,90","8,90",53.9,8.9,0.6515625,"0,65",YES,"0,0206192872","248001,4306",NO,NA,NA,NA,-0.0015625000000000222,187,94,1592,Tropical Wet,20,40,TRUE,"(15,25]",-83.6686111111111,9.89555555555556,Cocoa/Coffee,Shaded perennial,1,A:<0/+1,Before-After Designs,Cropland,"[15,30)",FALSE,TRUE,-0.0015625000000000222,0.9037291661672895,0.8167264057814243
38,7,38,2020,"Chatterjee, Nilovna; Nair, P. K. Ramachandran; Nair, Vimala D.; Bhattacharjee, Abhishek; Virginio Filho, Elias de Melo; Muschler, Rheinhold G.; Noponen, Martin R. A.",English,Article,10.3390/f11010049,http://dx.doi.org/10.3390/f11010049,The error is the random normal error.,LMP,Cropland,Full sun,NA,Coffea arabica,1,1,0,0,Cropland,Shaded perennial,Coffee,NA,"Coffea arabica,Terminalia amazonia",2,2,0,0,417,NA,NA,NA,Costa Rica,9°53'44''N,83°40'7''W,9.89555555555556,-83.6686111111111,685,2600,22,NA,Cambisols,0,10,10,81,43,113,43,BACI,16,Sugar cane,cropland,cropland,3,3,Table 8,estSD,t C ha-1,Done,"27,70",NA,NA,27.7,5.978655698030508,"32,90",NA,NA,32.9,5.712334554376748,0.596875,"0,725",YES,"0,1720402446",0,NO,NA,NA,NA,0.12812499999999993,187,94,1592,Tropical Wet,5,10,TRUE,"(0,5]",-83.6686111111111,9.89555555555556,Cocoa/Coffee,Shaded perennial,1,A:<0/+1,Before-After Designs,Cropland,"[0,15)",TRUE,TRUE,0.12812499999999993,0.5168076967091431,0.2670901953778096
39,7,39,2020,"Chatterjee, Nilovna; Nair, P. K. Ramachandran; Nair, Vimala D.; Bhattacharjee, Abhishek; Virginio Filho, Elias de Melo; Muschler, Rheinhold G.; Noponen, Martin R. A.",English,Article,10.3390/f11010049,http://dx.doi.org/10.3390/f11010049,The error is the random normal error.,LMP,Cropland,Full sun,NA,Coffea arabica,1,1,0,0,Cropland,Shaded perennial,Coffee,NA,"Coffea arabica,Terminalia amazonia",2,2,0,0,417,NA,NA,NA,Costa Rica,9°53'44''N,83°40'7''W,9.89555555555556,-83.6686111111111,685,2600,22,NA,Cambisols,1,10,9,95,43,90,43,BACI,16,Sugar cane,cropland,cropland,3,3,Table 8,estSD,t C ha-1,Done,"25,10",NA,NA,25.1,5.417482239009594,"41,00",NA,NA,41,7.118714794208107,0.0546875,"0,715625",YES,"0,4907042206",0,NO,NA,NA,NA,0.6609375,187,94,1592,Tropical Wet,5.5,9,FALSE,"(5,10]",-83.6686111111111,9.89555555555556,Cocoa/Coffee,Shaded perennial,1,A:<0/+1,Before-After Designs,Cropland,"[0,15)",TRUE,TRUE,0.6609375,0.5591050819839158,0.31259849270024126
40,7,40,2020,"Chatterjee, Nilovna; Nair, P. K. Ramachandran; Nair, Vimala D.; Bhattacharjee, Abhishek; Virginio Filho, Elias de Melo; Muschler, Rheinhold G.; Noponen, Martin R. A.",English,Article,10.3390/f11010049,http://dx.doi.org/10.3390/f11010049,The error is the random normal error.,LMP,Cropland,Full sun,NA,Coffea arabica,1,1,0,0,Cropland,Shaded perennial,Coffee,NA,"Coffea arabica,Terminalia amazonia",2,2,0,0,417,NA,NA,NA,Costa Rica,9°53'44''N,83°40'7''W,9.89555555555556,-83.6686111111111,685,2600,22,NA,Cambisols,0,40,40,88,43,1015,43,BACI,16,Sugar cane,cropland,cropland,3,3,Table 8,NA,t C ha-1,Done,"52,80","45 543,00","45 543,00",52.8,11.396137937040102,"73,90","8,60","8,60",73.9,8.6,0.6515625,"1,440625",YES,"0,3362016372","248001,426",NO,NA,NA,NA,0.7890625,187,94,1592,Tropical Wet,20,40,TRUE,"(15,25]",-83.6686111111111,9.89555555555556,Cocoa/Coffee,Shaded perennial,1,A:<0/+1,Before-After Designs,Cropland,"[15,30)",FALSE,TRUE,0.7890625,0.8923108165215887,0.7962185932814244
41,7,41,2020,"Chatterjee, Nilovna; Nair, P. K. Ramachandran; Nair, Vimala D.; Bhattacharjee, Abhishek; Virginio Filho, Elias de Melo; Muschler, Rheinhold G.; Noponen, Martin R. A.",English,Article,10.3390/f11010049,http://dx.doi.org/10.3390/f11010049,The error is the random normal error.,LMP,Cropland,Full sun,NA,Coffea arabica,1,1,0,0,Cropland,Shaded perennial,Coffee,NA,"Coffea arabica,Erythrina poeppigiana",2,2,0,1,417,NA,NA,Organic_T vs. Conv_C,Costa Rica,9°53'44''N,83°40'7''W,9.89555555555556,-83.6686111111111,685,2600,22,NA,Cambisols,0,10,10,81,43,86,43,BACI,16,Sugar cane,cropland,cropland,3,3,Table 8,estSD,t C ha-1,Done,"27,70",NA,NA,27.7,5.978655698030508,"29,50",NA,NA,29.5,5.122002108027784,0.596875,"0,7046875",YES,"0,06295785015",0,NO,NA,NA,NA,0.10781249999999998,187,94,1592,Tropical Wet,5,10,TRUE,"(0,5]",-83.6686111111111,9.89555555555556,Cocoa/Coffee,Shaded perennial,1,A:<0/+1,Before-After Designs,Cropland,"[0,15)",TRUE,TRUE,0.10781249999999998,0.49204305241574187,0.2421063654306005
42,7,42,2020,"Chatterjee, Nilovna; Nair, P. K. Ramachandran; Nair, Vimala D.; Bhattacharjee, Abhishek; Virginio Filho, Elias de Melo; Muschler, Rheinhold G.; Noponen, Martin R. A.",English,Article,10.3390/f11010049,http://dx.doi.org/10.3390/f11010049,The error is the random normal error.,LMP,Cropland,Full sun,NA,Coffea arabica,1,1,0,0,Cropland,Shaded perennial,Coffee,NA,"Coffea arabica,Erythrina poeppigiana",2,2,0,1,417,NA,NA,Organic_T vs. Conv_C,Costa Rica,9°53'44''N,83°40'7''W,9.89555555555556,-83.6686111111111,685,2600,22,NA,Cambisols,1,10,9,95,43,92,43,BACI,16,Sugar cane,cropland,cropland,3,3,Table 8,estSD,t C ha-1,Done,"25,10",NA,NA,25.1,5.417482239009594,"33,10",NA,NA,33.1,5.7470599923972765,0.0546875,"0,578125",YES,"0,2766654362",0,NO,NA,NA,NA,0.5234375,187,94,1592,Tropical Wet,5.5,9,FALSE,"(5,10]",-83.6686111111111,9.89555555555556,Cocoa/Coffee,Shaded perennial,1,A:<0/+1,Before-After Designs,Cropland,"[0,15)",TRUE,TRUE,0.5234375,0.4936226590782276,0.24366332955546013
43,7,43,2020,"Chatterjee, Nilovna; Nair, P. K. Ramachandran; Nair, Vimala D.; Bhattacharjee, Abhishek; Virginio Filho, Elias de Melo; Muschler, Rheinhold G.; Noponen, Martin R. A.",English,Article,10.3390/f11010049,http://dx.doi.org/10.3390/f11010049,The error is the random normal error.,LMP,Cropland,Full sun,NA,Coffea arabica,1,1,0,0,Cropland,Shaded perennial,Coffee,NA,"Coffea arabica,Erythrina poeppigiana",2,2,0,1,417,NA,NA,Organic_T vs. Conv_C,Costa Rica,9°53'44''N,83°40'7''W,9.89555555555556,-83.6686111111111,685,2600,22,NA,Cambisols,0,40,40,88,43,89,43,BACI,16,Sugar cane,cropland,cropland,3,3,Table 8,NA,t C ha-1,Done,"52,80","45 543,00","45 543,00",52.8,11.396137937040102,"62,60","8,11","8,11",62.6,8.11,0.6515625,"1,2875",YES,"0,1702540874","248001,4271",NO,NA,NA,NA,0.6359375,187,94,1592,Tropical Wet,20,40,TRUE,"(15,25]",-83.6686111111111,9.89555555555556,Cocoa/Coffee,Shaded perennial,1,A:<0/+1,Before-After Designs,Cropland,"[15,30)",FALSE,TRUE,0.6359375,0.8742051297644188,0.7642346089064243
44,7,44,2020,"Chatterjee, Nilovna; Nair, P. K. Ramachandran; Nair, Vimala D.; Bhattacharjee, Abhishek; Virginio Filho, Elias de Melo; Muschler, Rheinhold G.; Noponen, Martin R. A.",English,Article,10.3390/f11010049,http://dx.doi.org/10.3390/f11010049,The error is the random normal error.,LMP,Cropland,Full sun,NA,Coffea arabica,1,1,0,0,Cropland,Shaded perennial,Coffee,NA,"Coffea arabica,Terminalia amazonia",2,2,0,0,417,NA,NA,Organic_T vs. Conv_C,Costa Rica,9°53'44''N,83°40'7''W,9.89555555555556,-83.6686111111111,685,2600,22,NA,Cambisols,0,10,10,81,43,89,43,BACI,16,Sugar cane,cropland,cropland,3,3,Table 8,estSD,t C ha-1,Done,"27,70",NA,NA,27.7,5.978655698030508,"35,50",NA,NA,35.5,6.163765248643604,0.596875,"0,98125",YES,"0,2481002833",0,NO,NA,NA,NA,0.3843749999999999,187,94,1592,Tropical Wet,5,10,TRUE,"(0,5]",-83.6686111111111,9.89555555555556,Cocoa/Coffee,Shaded perennial,1,A:<0/+1,Before-After Designs,Cropland,"[0,15)",TRUE,TRUE,0.3843749999999999,0.5366866156536735,0.28803252342179386
45,7,45,2020,"Chatterjee, Nilovna; Nair, P. K. Ramachandran; Nair, Vimala D.; Bhattacharjee, Abhishek; Virginio Filho, Elias de Melo; Muschler, Rheinhold G.; Noponen, Martin R. A.",English,Article,10.3390/f11010049,http://dx.doi.org/10.3390/f11010049,The error is the random normal error.,LMP,Cropland,Full sun,NA,Coffea arabica,1,1,0,0,Cropland,Shaded perennial,Coffee,NA,"Coffea arabica,Terminalia amazonia",2,2,0,0,417,NA,NA,Organic_T vs. Conv_C,Costa Rica,9°53'44''N,83°40'7''W,9.89555555555556,-83.6686111111111,685,2600,22,NA,Cambisols,1,10,9,95,43,77,43,BACI,16,Sugar cane,cropland,cropland,3,3,Table 8,estSD,t C ha-1,Done,"25,10",NA,NA,25.1,5.417482239009594,"39,00",NA,NA,39,6.771460414002833,0.0546875,"1,134375",YES,"0,4406938",0,NO,NA,NA,NA,1.0796875,187,94,1592,Tropical Wet,5.5,9,FALSE,"(5,10]",-83.6686111111111,9.89555555555556,Cocoa/Coffee,Shaded perennial,1,A:<0/+1,Before-After Designs,Cropland,"[0,15)",TRUE,TRUE,1.0796875,0.5419935350037909,0.2937569919859055
46,7,46,2020,"Chatterjee, Nilovna; Nair, P. K. Ramachandran; Nair, Vimala D.; Bhattacharjee, Abhishek; Virginio Filho, Elias de Melo; Muschler, Rheinhold G.; Noponen, Martin R. A.",English,Article,10.3390/f11010049,http://dx.doi.org/10.3390/f11010049,The error is the random normal error.,LMP,Cropland,Full sun,NA,Coffea arabica,1,1,0,0,Cropland,Shaded perennial,Coffee,NA,"Coffea arabica,Terminalia amazonia",2,2,0,0,417,NA,NA,Organic_T vs. Conv_C,Costa Rica,9°53'44''N,83°40'7''W,9.89555555555556,-83.6686111111111,685,2600,22,NA,Cambisols,0,40,40,88,43,83,43,BACI,16,Sugar cane,cropland,cropland,3,3,Table 8,NA,t C ha-1,Done,"52,80","45 543,00","45 543,00",52.8,11.396137937040102,"74,50","8,11","8,11",74.5,8.11,0.6515625,"2,115625",YES,"0,3442879347","248001,4255",NO,NA,NA,NA,1.4640625,187,94,1592,Tropical Wet,20,40,TRUE,"(15,25]",-83.6686111111111,9.89555555555556,Cocoa/Coffee,Shaded perennial,1,A:<0/+1,Before-After Designs,Cropland,"[15,30)",FALSE,TRUE,1.4640625,0.8742051297644188,0.7642346089064243
119,9,119,2021,"Morales Ruiz, Danilo E.; Aryal, Deb R.; Pinto Ruiz, Rene; Guevara Hernandez, Francisco; Casanova Lugo, Fernando; Villanueva Lopez, Gilberto",English,Article,10.1002/ldr.3761,http://dx.doi.org/10.1002/ldr.3761,"DISPERSED TREES.We don't have standard deviation, but we have standard error. The biomass data has been measured for the trees only, and the above ground biomass is in kg of dry weight, so I just made *0,5 to have it in carbon unit. SOC data is in carbon content.",LMP,Grassland,Full sun,NA,"Hyparrhenia rufa,Brachiaria dictyoneura,Cenchrus ciliaris",3,0,3,0,Grassland,SilvoPasture,Pasture,NA,"Hyparrhenia rufa,Brachiaria dictyoneura,Cenchrus ciliaris,Haematoxylum campechianum,Byrsonima crassifolia,Schizolobium parahyba,Bursera bipinnata,Cordia dodecandra,Sassafras albidum,Coccoloba uvifera,Anona squamosal,Leucaena leucocephala,Bauhinia ungulate,Tremelloscyphya gelatinosa,Gliricidia sepium,Guazuma ulmifolia",16,12,4,5,NA,NA,grazing_both,NA,Mexico,16°42'N,93°00'W,16.7,-93,550,1200,24,NA,Luvisols,0,10,10,78,0,52,0,CI,12.6820185614849,Tropical dry forest until 35 years ago and then maize cultivation until 10-15 years ago,cropland,cropland,10,10,Table 4,SE,%,Done,"1,60","0,2 SE","0,63",12.48,4.93,"3,60","0,2 SE","0,63",18.72,3.29,NA,NA,YES,"0,4054651081","0,01871141975",YES,"0,3565714286",NA,NA,NA,232,136,1893,Tropical Moist,5,10,TRUE,"(0,5]",-93,16.7,Pasture,SilvoPasture,13,C+2+,Control-Impact Designs,Cropland,"[0,15)",FALSE,FALSE,0.49203523632671414,0.4673524342245183,0.2184182977755827
120,9,120,2021,"Morales Ruiz, Danilo E.; Aryal, Deb R.; Pinto Ruiz, Rene; Guevara Hernandez, Francisco; Casanova Lugo, Fernando; Villanueva Lopez, Gilberto",English,Article,10.1002/ldr.3761,http://dx.doi.org/10.1002/ldr.3761,"DISPERSED TREES.We don't have standard deviation, but we have standard error. The biomass data has been measured for the trees only, and the above ground biomass is in kg of dry weight, so I just made *0,5 to have it in carbon unit. SOC data is in carbon content.",LMP,Grassland,Full sun,NA,"Hyparrhenia rufa,Brachiaria dictyoneura,Cenchrus ciliaris",3,0,3,0,Grassland,SilvoPasture,Pasture,NA,"Hyparrhenia rufa,Brachiaria dictyoneura,Cenchrus ciliaris,Haematoxylum campechianum,Byrsonima crassifolia,Schizolobium parahyba,Bursera bipinnata,Cordia dodecandra,Sassafras albidum,Coccoloba uvifera,Anona squamosal,Leucaena leucocephala,Bauhinia ungulate,Tremelloscyphya gelatinosa,Gliricidia sepium,Guazuma ulmifolia",16,12,4,5,NA,NA,grazing_both,NA,Mexico,16°42'N,93°00'W,16.7,-93,550,1200,24,NA,Luvisols,10,20,10,79,0,56,0,CI,12.6820185614849,Tropical dry forest until 35 years ago and then maize cultivation until 10-15 years ago,cropland,cropland,10,10,Table 4,SE,%,Done,"1,70","0,2 SE","0,63",13.43,5,"2,90","0,3 SE","0,95",16.24,5.31,NA,NA,YES,"0,1899863242","0,02454237623",YES,"0,1605714286",NA,NA,NA,232,136,1893,Tropical Moist,15,10,FALSE,"(10,15]",-93,16.7,Pasture,SilvoPasture,13,C+2+,Control-Impact Designs,Cropland,"[15,30)",FALSE,FALSE,0.22157355994840808,0.5751107855678741,0.33075241567649727
121,9,121,2021,"Morales Ruiz, Danilo E.; Aryal, Deb R.; Pinto Ruiz, Rene; Guevara Hernandez, Francisco; Casanova Lugo, Fernando; Villanueva Lopez, Gilberto",English,Article,10.1002/ldr.3761,http://dx.doi.org/10.1002/ldr.3761,"DISPERSED TREES.We don't have standard deviation, but we have standard error. The biomass data has been measured for the trees only, and the above ground biomass is in kg of dry weight, so I just made *0,5 to have it in carbon unit. SOC data is in carbon content.",LMP,Grassland,Full sun,NA,"Hyparrhenia rufa,Brachiaria dictyoneura,Cenchrus ciliaris",3,0,3,0,Grassland,SilvoPasture,Pasture,NA,"Hyparrhenia rufa,Brachiaria dictyoneura,Cenchrus ciliaris,Haematoxylum campechianum,Byrsonima crassifolia,Schizolobium parahyba,Bursera bipinnata,Cordia dodecandra,Sassafras albidum,Coccoloba uvifera,Anona squamosal,Leucaena leucocephala,Bauhinia ungulate,Tremelloscyphya gelatinosa,Gliricidia sepium,Guazuma ulmifolia",16,12,4,5,NA,NA,grazing_both,NA,Mexico,16°42'N,93°00'W,16.7,-93,550,1200,24,NA,Luvisols,20,30,10,80,0,65,0,CI,12.6820185614849,Tropical dry forest until 35 years ago and then maize cultivation until 10-15 years ago,cropland,cropland,10,10,Table 4,SE,%,Done,"1,50","0,1 SE","0,32",12,2.53,"2,70","0,2 SE","0,63",17.55,4.11,NA,NA,YES,"0,3801473001","0,009931412894",YES,"0,3171428571",NA,NA,NA,232,136,1893,Tropical Moist,25,10,FALSE,"(15,25]",-93,16.7,Pasture,SilvoPasture,13,C+2+,Control-Impact Designs,Cropland,"[15,30)",FALSE,FALSE,0.4376274938482796,0.3805610431534185,0.14482670756601804
122,9,122,2021,"Morales Ruiz, Danilo E.; Aryal, Deb R.; Pinto Ruiz, Rene; Guevara Hernandez, Francisco; Casanova Lugo, Fernando; Villanueva Lopez, Gilberto",English,Article,10.1002/ldr.3761,http://dx.doi.org/10.1002/ldr.3761,"LIVE FENCE. We don't have standard deviation, but we have standard error. The biomass data has been measured for the trees only, and the above ground biomass is in kg of dry weight, so I just made *0,5 to have it in carbon unit. SOC data is in carbon content.",LMP,Grassland,Full sun,NA,"Hyparrhenia rufa,Brachiaria dictyoneura,Cenchrus ciliaris",3,0,3,0,Grassland,Hedgerow,Pasture,NA,"Hyparrhenia rufa,Brachiaria dictyoneura,Cenchrus ciliaris,Haematoxylum campechianum,Byrsonima crassifolia,Schizolobium parahyba,Bursera bipinnata,Cordia dodecandra,Sassafras albidum,Coccoloba uvifera,Anona squamosal,Leucaena leucocephala,Bauhinia ungulate,Tremelloscyphya gelatinosa,Gliricidia sepium,Guazuma ulmifolia",16,12,4,5,NA,NA,grazing_both,NA,Mexico,16°42'N,93°00'W,16.7,-93,550,1200,24,NA,Luvisols,0,10,10,78,0,68,0,CI,12.6820185614849,Tropical dry forest until 35 years ago and then maize cultivation until 10-15 years ago,cropland,cropland,10,10,Table 4,SE,%,Done,"1,60","0,2 SE","0,63",12.48,4.93,"2,70","0,2 SE","0,63",18.36,4.3,NA,NA,YES,"0,3860470223","0,02111196845",YES,"0,336",NA,NA,NA,232,136,1893,Tropical Moist,5,10,TRUE,"(0,5]",-93,16.7,Pasture,Alley/Hedgerow,13,C+2+,Control-Impact Designs,Cropland,"[0,15)",FALSE,FALSE,0.4636485880770961,0.5158312197161039,0.26608184723380346
123,9,123,2021,"Morales Ruiz, Danilo E.; Aryal, Deb R.; Pinto Ruiz, Rene; Guevara Hernandez, Francisco; Casanova Lugo, Fernando; Villanueva Lopez, Gilberto",English,Article,10.1002/ldr.3761,http://dx.doi.org/10.1002/ldr.3761,"LIVE FENCE. We don't have standard deviation, but we have standard error. The biomass data has been measured for the trees only, and the above ground biomass is in kg of dry weight, so I just made *0,5 to have it in carbon unit. SOC data is in carbon content.",LMP,Grassland,Full sun,NA,"Hyparrhenia rufa,Brachiaria dictyoneura,Cenchrus ciliaris",3,0,3,0,Grassland,Hedgerow,Pasture,NA,"Hyparrhenia rufa,Brachiaria dictyoneura,Cenchrus ciliaris,Haematoxylum campechianum,Byrsonima crassifolia,Schizolobium parahyba,Bursera bipinnata,Cordia dodecandra,Sassafras albidum,Coccoloba uvifera,Anona squamosal,Leucaena leucocephala,Bauhinia ungulate,Tremelloscyphya gelatinosa,Gliricidia sepium,Guazuma ulmifolia",16,12,4,5,NA,NA,grazing_both,NA,Mexico,16°42'N,93°00'W,16.7,-93,550,1200,24,NA,Luvisols,10,20,10,79,0,70,0,CI,12.6820185614849,Tropical dry forest until 35 years ago and then maize cultivation until 10-15 years ago,cropland,cropland,10,10,Table 4,SE,%,Done,"1,70","0,2 SE","0,63",13.43,5,"2,30","0,2 SE","0,63",16.1,4.43,NA,NA,YES,"0,1813282615","0,02140226712",YES,"0,1525714286",NA,NA,NA,232,136,1893,Tropical Moist,15,10,FALSE,"(10,15]",-93,16.7,Pasture,Alley/Hedgerow,13,C+2+,Control-Impact Designs,Cropland,"[15,30)",FALSE,FALSE,0.21053430785133462,0.5267447836273669,0.27746006707864157
124,9,124,2021,"Morales Ruiz, Danilo E.; Aryal, Deb R.; Pinto Ruiz, Rene; Guevara Hernandez, Francisco; Casanova Lugo, Fernando; Villanueva Lopez, Gilberto",English,Article,10.1002/ldr.3761,http://dx.doi.org/10.1002/ldr.3761,"LIVE FENCE. We don't have standard deviation, but we have standard error. The biomass data has been measured for the trees only, and the above ground biomass is in kg of dry weight, so I just made *0,5 to have it in carbon unit. SOC data is in carbon content.",LMP,Grassland,Full sun,NA,"Hyparrhenia rufa,Brachiaria dictyoneura,Cenchrus ciliaris",3,0,3,0,Grassland,Hedgerow,Pasture,NA,"Hyparrhenia rufa,Brachiaria dictyoneura,Cenchrus ciliaris,Haematoxylum campechianum,Byrsonima crassifolia,Schizolobium parahyba,Bursera bipinnata,Cordia dodecandra,Sassafras albidum,Coccoloba uvifera,Anona squamosal,Leucaena leucocephala,Bauhinia ungulate,Tremelloscyphya gelatinosa,Gliricidia sepium,Guazuma ulmifolia",16,12,4,5,NA,NA,grazing_both,NA,Mexico,16°42'N,93°00'W,16.7,-93,550,1200,24,NA,Luvisols,20,30,10,80,0,71,0,CI,12.6820185614849,Tropical dry forest until 35 years ago and then maize cultivation until 10-15 years ago,cropland,cropland,10,10,Table 4,SE,%,Done,"1,50","0,1 SE","0,32",12,2.53,"2,20","0,3 SE","0,95",15.62,6.74,NA,NA,YES,"0,2636454946","0,02303948577",YES,"0,2068571429",NA,NA,NA,232,136,1893,Tropical Moist,25,10,FALSE,"(15,25]",-93,16.7,Pasture,Alley/Hedgerow,13,C+2+,Control-Impact Designs,Cropland,"[15,30)",FALSE,FALSE,0.2854435185100489,0.5676699895754438,0.3222492170645845
131,10,131,2010,"Vallejo, Victoria E.; Roldan, Fabio; Dick, Richard P.",English,Article,10.1007/s00374-010-0466-8,http://dx.doi.org/10.1007/s00374-010-0466-8,SOC data is for total  C in soil,LMP,Grassland,Full sun,NA,Cynodon plectostachyus,1,0,1,0,Grassland,SilvoPasture,Pasture,NA,"Cynodon plectostachyus,Panicum maximum,Leucaena leucocephala,Prosopis juliflora,Albizia saman,Pithecellobium dulce,Guazuma ulmifolia,Enterolobium cyclocarpum,Arecaceae,Syagrus sancona,Attalea butyracea,Roystonea regia,Chlorophora tinctoria",13,10,2,5,15-20,NA,grazing_both,NA,Colombia,3°47'N,76°16'W,3.78333333333333,-76.2666666666667,1000,750,24,NA,Cambisols,0,10,10,152,80,139,80,CI,12.6820185614849,"Native forest until 80 years ago, and then to livestock production",grassland,grassland,3,3,Table 1,ExtractTOOL,%,Done,"3,68","0,088 poolSDm","0,09",51.46,1.23,"3,14","0,088 poolSDm","0,09",40.15,1.13,NA,NA,YES,"-0,24809654","0,0004524203497",YES,"-1,884466667",NA,NA,NA,215,107,1490,Tropical Montane,5,10,TRUE,"(0,5]",-76.2666666666667,3.78333333333333,Pasture,SilvoPasture,12,C+2+,Control-Impact Designs,Grassland,"[0,15)",FALSE,FALSE,-0.8918138658421698,0.1317037529352489,0.017345878537229086
132,10,132,2010,"Vallejo, Victoria E.; Roldan, Fabio; Dick, Richard P.",English,Article,10.1007/s00374-010-0466-8,http://dx.doi.org/10.1007/s00374-010-0466-8,SOC data is for total  C in soil,LMP,Grassland,Full sun,NA,Cynodon plectostachyus,1,0,1,0,Grassland,SilvoPasture,Pasture,NA,"Cynodon plectostachyus,Panicum maximum,Leucaena leucocephala,Prosopis juliflora,Albizia saman,Pithecellobium dulce,Guazuma ulmifolia,Enterolobium cyclocarpum,Arecaceae,Syagrus sancona,Attalea butyracea,Roystonea regia,Chlorophora tinctoria",13,10,2,5,15-20,NA,grazing_both,NA,Colombia,3°47'N,76°16'W,3.78333333333333,-76.2666666666667,1000,750,24,NA,Cambisols,0,10,10,152,80,140,80,CI,12.6820185614849,"Native forest until 80 years ago, and then to livestock production",grassland,grassland,3,3,Table 1,ExtractTOOL,%,Done,"3,18","0,088 poolSDm","0,09",44.47,1.23,"2,38","0,088 poolSDm","0,09",30.65,1.13,NA,NA,YES,"-0,3720188073","0,0007109758606",YES,"-1,534968889",NA,NA,NA,215,107,1490,Tropical Montane,5,10,TRUE,"(0,5]",-76.2666666666667,3.78333333333333,Pasture,SilvoPasture,12,C+2+,Control-Impact Designs,Grassland,"[0,15)",FALSE,FALSE,-1.0897318855825626,0.1317037529352489,0.017345878537229086
133,10,133,2010,"Vallejo, Victoria E.; Roldan, Fabio; Dick, Richard P.",English,Article,10.1007/s00374-010-0466-8,http://dx.doi.org/10.1007/s00374-010-0466-8,SOC data is for total  C in soil,LMP,Grassland,Full sun,NA,Cynodon plectostachyus,1,0,1,0,Grassland,SilvoPasture,Pasture,NA,"Cynodon plectostachyus,Leucaena leucocephala,Prosopis juliflora,Albizia saman,Pithecellobium dulce,Guazuma ulmifolia,Enterolobium cyclocarpum,Arecaceae,Syagrus sancona,Attalea butyracea,Roystonea regia,Chlorophora tinctoria",12,10,1,5,15-20,NA,grazing_both,NA,Colombia,3°47'N,76°16'W,3.78333333333333,-76.2666666666667,1000,750,24,NA,Cambisols,0,10,10,152,80,144,80,CI,12.6820185614849,"Native forest until 80 years ago, and then to livestock production",grassland,grassland,3,3,Table 1,ExtractTOOL,%,Done,"3,18","0,088 poolSDm","0,09",44.47,1.23,"2,51","0,088 poolSDm","0,09",33.25,1.17,NA,NA,YES,"-0,2906656649","0,0006649931102",YES,"-0,8308622222",NA,NA,NA,215,107,1490,Tropical Montane,5,10,TRUE,"(0,5]",-76.2666666666667,3.78333333333333,Pasture,SilvoPasture,11,C+2+,Control-Impact Designs,Grassland,"[0,15)",FALSE,FALSE,-0.884717203779765,0.13385775410004191,0.017917898332707287
149,14,149,2010,"Soto-Pinto, Lorena; Anzueto, Manuel; Mendoza, Jorge; Jimenez Ferrer, Guillermo; de Jong, Ben",English,Article,10.1007/s10457-009-9247-5,http://dx.doi.org/10.1007/s10457-009-9247-5,"Here the biomass data is given directly as carbon in Mg C ha-1, for the trees, litter and plants",LMP,Grassland,Full sun,NA,"Cynodon nlemfuensis,Andropogon gayanus,Brachiaria decumbens,Brachiaria brizantha",4,0,4,0,Grassland,SilvoPasture,Pasture,NA,"Cynodon nlemfuensis,Andropogon gayanus,Brachiaria decumbens,Brachiaria brizantha,Brachypodium mexicanum,Sabal mexicana,Vatairea lundellii,Guarea glabra,Albizia adinocephala,Bursera simaruba,Spondias mombin,Swietenia macrophylla",12,7,5,2,NA,NA,NA,NA,Mexico,17°07'N,92°25'W,17.1166666666667,-92.4166666666667,580,1947,20.2,NA,Luvisols,0,30,30,113,137,113,137,CI,16,NA,unknown,unknown,23,23,Table 4,ExtractTOOL,t C ha-1,Done,"75,10",26.27 SDpoolmax,"26,27",75.1,26.27,"68,50",26.27SDpoolmax,"26,27",68.5,26.27,NA,NA,YES,"-0,0919868135","0,0117145772",YES,"-0,44",NA,NA,NA,214,123,1583,Tropical Moist,15,30,TRUE,"(10,15]",-92.4166666666667,17.1166666666667,Pasture,SilvoPasture,8,C+2+,Control-Impact Designs,Unknown/mixed,"[15,30)",FALSE,FALSE,-0.41249999999999964,2.3219618927213252,5.391507031249999
150,14,150,2010,"Soto-Pinto, Lorena; Anzueto, Manuel; Mendoza, Jorge; Jimenez Ferrer, Guillermo; de Jong, Ben",English,Article,10.1007/s10457-009-9247-5,http://dx.doi.org/10.1007/s10457-009-9247-5,"Here the biomass data is given directly as carbon in Mg C ha-1, for the trees, litter and plants",LMP,Grassland,Full sun,NA,"Cynodon nlemfuensis,Andropogon gayanus,Brachiaria decumbens,Brachiaria brizantha",4,0,4,0,Grassland,SilvoPasture,Pasture,NA,"Cynodon nlemfuensis,Andropogon gayanus,Brachiaria decumbens,Brachiaria brizantha,Gliricidia sepium",5,1,4,1,NA,NA,NA,NA,Mexico,17°33'N,92°20'W,17.55,-92.3333333333333,580,3223,26.3,NA,Luvisols,0,30,30,129,81,129,81,CI,16,NA,unknown,unknown,23,23,Table 4,ExtractTOOL,t C ha-1,Done,"75,10",26.27 SDpoolmax,"26,27",75.1,26.27,"60,60",26.27SDpoolmax,"26,27",60.6,26.27,NA,NA,YES,"-0,2145256657","0,01349048024",YES,"-0,9666666667",NA,NA,NA,258,108,1833,Tropical Wet,15,30,TRUE,"(10,15]",-92.3333333333333,17.55,Pasture,SilvoPasture,1,A:<0/+1,Control-Impact Designs,Unknown/mixed,"[15,30)",FALSE,FALSE,-0.9062499999999996,2.3219618927213252,5.391507031249999
258,16,258,2015,"Villanueva-Lopez, Gilberto; Martinez-Zurimendi, Pablo; Casanova-Lugo, Fernando; Ramirez-Aviles, Luis; Irene Montanez-Escalante, Patricia",English,Article,10.1007/s10457-015-9836-4,http://dx.doi.org/10.1007/s10457-015-9836-4,"Gliricidia sepium are live fences. We just have standard error and not standard deviation in this publication. For the general density, the live fences are planted with 111 trees for 100 meters of fence. The biomass data is given as carbon",LMP,Grassland,Full sun,NA,Brachiaria decumbens,1,0,1,0,Grassland,SilvoPasture,Pasture,NA,"Brachiaria decumbens,Gliricidia sepium",2,1,1,1,NA,NA,NA,NA,Mexico,17°35'N,92°49'W,17.5833333333333,-92.8166666666667,50,3500,25,NA,Gleysols,0,10,10,150,105,130,105,CI,15,The system is 31 years old (the trees are 15 years old),grassland,grassland,9,9,Table 3,SE,t C ha-1,Done,"44,00","4,6 SE","13,80",44,13.8,"42,00",3.9 SE,"11,70",42,11.7,NA,NA,YES,"-0,04652001563","0,01955220105",YES,"-0,1333333333",NA,NA,NA,260,112,1839,Tropical Wet,5,10,TRUE,"(0,5]",-92.8166666666667,17.5833333333333,Pasture,SilvoPasture,1,A:<0/+1,Control-Impact Designs,Grassland,"[0,15)",FALSE,FALSE,-0.13333333333333333,1.2061509026651682,1.4548
259,16,259,2015,"Villanueva-Lopez, Gilberto; Martinez-Zurimendi, Pablo; Casanova-Lugo, Fernando; Ramirez-Aviles, Luis; Irene Montanez-Escalante, Patricia",English,Article,10.1007/s10457-015-9836-4,http://dx.doi.org/10.1007/s10457-015-9836-4,"Gliricidia sepium are live fences. We just have standard error and not standard deviation in this publication. For the general density, the live fences are planted with 111 trees for 100 meters of fence. The biomass data is given as carbon",LMP,Grassland,Full sun,NA,Brachiaria decumbens,1,0,1,0,Grassland,SilvoPasture,Pasture,NA,"Brachiaria decumbens,Gliricidia sepium",2,1,1,1,NA,NA,NA,NA,Mexico,17°35'N,92°49'W,17.5833333333333,-92.8166666666667,50,3500,25,NA,Gleysols,10,20,10,150,105,130,105,CI,15,The system is 31 years old (the trees are 15 years old),grassland,grassland,9,9,Table 3,SE,t C ha-1,Done,"40,00","3,4 SE","10,20",40,10.2,"30,00","3,3 SE","9,90",30,9.9,NA,NA,YES,"-0,2876820725","0,019325",YES,"-0,6666666667",NA,NA,NA,260,112,1839,Tropical Wet,15,10,FALSE,"(10,15]",-92.8166666666667,17.5833333333333,Pasture,SilvoPasture,1,A:<0/+1,Control-Impact Designs,Grassland,"[15,30)",FALSE,FALSE,-0.6666666666666666,0.9476286192385708,0.8980000000000001
260,16,260,2015,"Villanueva-Lopez, Gilberto; Martinez-Zurimendi, Pablo; Casanova-Lugo, Fernando; Ramirez-Aviles, Luis; Irene Montanez-Escalante, Patricia",English,Article,10.1007/s10457-015-9836-4,http://dx.doi.org/10.1007/s10457-015-9836-4,"Gliricidia sepium are live fences. We just have standard error and not standard deviation in this publication. For the general density, the live fences are planted with 111 trees for 100 meters of fence. The biomass data is given as carbon",LMP,Grassland,Full sun,NA,Brachiaria decumbens,1,0,1,0,Grassland,SilvoPasture,Pasture,NA,"Brachiaria decumbens,Gliricidia sepium",2,1,1,1,NA,NA,NA,NA,Mexico,17°35'N,92°49'W,17.5833333333333,-92.8166666666667,50,3500,25,NA,Gleysols,20,30,10,150,105,130,105,CI,15,The system is 31 years old (the trees are 15 years old),grassland,grassland,9,9,Table 3,SE,t C ha-1,Done,"35,00","3,8 SE","11,40",35,11.4,"35,00","3,7 SE","11,10",35,11.1,NA,NA,YES,0,"0,02296326531",YES,0,NA,NA,NA,260,112,1839,Tropical Wet,25,10,FALSE,"(15,25]",-92.8166666666667,17.5833333333333,Pasture,SilvoPasture,1,A:<0/+1,Control-Impact Designs,Grassland,"[15,30)",FALSE,FALSE,0,1.0607544484940896,1.1252000000000002
261,17,261,2016,"Ehrenbergerova, Lenka; Cienciala, Emil; Kucera, Ales; Guy, Ludivine; Habrova, Hana",English,Article,10.1007/s10457-015-9865-z,http://dx.doi.org/10.1007/s10457-015-9865-z,Here the SOC data is the cumulative soil carbon. The biomass data is already given as carbon content.,LMP,Cropland,Full sun,NA,Coffea arabica,1,1,0,0,Cropland,Shaded perennial,Coffee,NA,"Coffea arabica,Eucalyptus sp",2,2,0,0,472,NO,Organic-both,NA,Peru,10°38'N,75°00'W,10.633333333333301,-75,1660,1590,17.8,NA,Acrisols,0,3.5,35,139,101,139,101,CI,7,Pasture land,grassland,grassland,1,1,Table 5,NA,t C ha-1,Done,"19,20","5,30","5,30",19.2,5.3,"18,00","6,40","6,40",18,6.4,NA,NA,YES,"-0,06453852114","0,2026187548",YES,"-0,1714285714",NA,NA,NA,278,97,1912,Warm Temperate Dry,1.75,3.5,TRUE,"(0,5]",-75,10.633333333333301,Cocoa/Coffee,Shaded perennial,1,A:<0/+1,Control-Impact Designs,Grassland,"[0,15)",FALSE,FALSE,-0.17142857142857132,1.187090423459556,1.409183673469388
262,17,262,2016,"Ehrenbergerova, Lenka; Cienciala, Emil; Kucera, Ales; Guy, Ludivine; Habrova, Hana",English,Article,10.1007/s10457-015-9865-z,http://dx.doi.org/10.1007/s10457-015-9865-z,Here the SOC data is the cumulative soil carbon. The biomass data is already given as carbon content.,LMP,Cropland,Full sun,NA,Coffea arabica,1,1,0,0,Cropland,Shaded perennial,Coffee,NA,"Coffea arabica,Eucalyptus sp",2,2,0,0,472,NO,Organic-both,NA,Peru,10°38'N,75°00'W,10.633333333333301,-75,1660,1590,17.8,NA,Acrisols,0,12.5,125,139,101,139,101,CI,7,Pasture land,grassland,grassland,1,1,Table 5,NA,t C ha-1,Done,"51,50","15,30","15,30",51.5,15.3,"55,60","18,30","18,30",55.6,18.3,NA,NA,YES,"0,07660139359","0,1965918717",YES,"0,5857142857",NA,NA,NA,278,97,1912,Warm Temperate Dry,6.25,12.5,TRUE,"(5,10]",-75,10.633333333333301,Cocoa/Coffee,Shaded perennial,1,A:<0/+1,Control-Impact Designs,Grassland,"[0,15)",FALSE,FALSE,0.585714285714286,3.4076145226087236,11.61183673469388
263,17,263,2016,"Ehrenbergerova, Lenka; Cienciala, Emil; Kucera, Ales; Guy, Ludivine; Habrova, Hana",English,Article,10.1007/s10457-015-9865-z,http://dx.doi.org/10.1007/s10457-015-9865-z,Here the SOC data is the cumulative soil carbon. The biomass data is already given as carbon content.,LMP,Cropland,Full sun,NA,Coffea arabica,1,1,0,0,Cropland,Shaded perennial,Coffee,NA,"Coffea arabica,Eucalyptus sp",2,2,0,0,472,NO,Organic-both,NA,Peru,10°38'N,75°00'W,10.633333333333301,-75,1660,1590,17.8,NA,Acrisols,0,21.5,215,139,101,139,101,CI,7,Pasture land,grassland,grassland,1,1,Table 5,NA,t C ha-1,Done,"81,20","25,30","25,30",81.2,25.3,"81,90","30,50","30,50",81.9,30.5,NA,NA,YES,"0,008583743691","0,2357655862",YES,"0,1",NA,NA,NA,278,97,1912,Warm Temperate Dry,10.75,21.5,TRUE,"(10,15]",-75,10.633333333333301,Cocoa/Coffee,Shaded perennial,1,A:<0/+1,Control-Impact Designs,Grassland,"[0,15)",FALSE,FALSE,0.10000000000000041,5.6610736704304445,32.047755102040824
264,17,264,2016,"Ehrenbergerova, Lenka; Cienciala, Emil; Kucera, Ales; Guy, Ludivine; Habrova, Hana",English,Article,10.1007/s10457-015-9865-z,http://dx.doi.org/10.1007/s10457-015-9865-z,Here the SOC data is the cumulative soil carbon. The biomass data is already given as carbon content.,LMP,Cropland,Full sun,NA,Coffea arabica,1,1,0,0,Cropland,Shaded perennial,Coffee,NA,"Coffea arabica,Eucalyptus sp",2,2,0,0,472,NO,Organic-both,NA,Peru,10°38'N,75°00'W,10.633333333333301,-75,1660,1590,17.8,NA,Acrisols,0,30,30,139,101,139,101,CI,7,Pasture land,grassland,grassland,1,1,Table 5,NA,t C ha-1,Done,"98,70","34,30","34,30",98.7,34.3,"96,60","35,80","35,80",96.6,35.8,NA,NA,YES,"-0,02150620522","0,2581132399",YES,"-0,3",NA,NA,NA,278,97,1912,Warm Temperate Dry,15,30,TRUE,"(10,15]",-75,10.633333333333301,Cocoa/Coffee,Shaded perennial,1,A:<0/+1,Control-Impact Designs,Grassland,"[15,30)",FALSE,FALSE,-0.3000000000000012,7.082790295310665,50.16591836734694
277,17,277,2016,"Ehrenbergerova, Lenka; Cienciala, Emil; Kucera, Ales; Guy, Ludivine; Habrova, Hana",English,Article,10.1007/s10457-015-9865-z,http://dx.doi.org/10.1007/s10457-015-9865-z,Here the SOC data is the cumulative soil carbon. The biomass data is already given as carbon content.,LMP,Cropland,Full sun,NA,Coffea arabica,1,1,0,0,Cropland,Shaded perennial,Coffee,NA,"Coffea arabica,Inga sp",2,2,0,1,176,NO,Organic-both,NA,Peru,10°38'N,75°00'W,10.633333333333301,-75,1550,1590,17.8,NA,Acrisols,0,3.5,35,139,101,139,101,CI,15,Pasture land,grassland,grassland,1,1,Table 5,NA,t C ha-1,Done,"19,20","5,30","5,30",19.2,5.3,"19,00","7,30","7,30",19,7.3,NA,NA,YES,"-0,01047129987","0,2238167303",YES,"-0,01333333333",NA,NA,NA,278,97,1912,Warm Temperate Dry,1.75,3.5,TRUE,"(0,5]",-75,10.633333333333301,Cocoa/Coffee,Shaded perennial,1,A:<0/+1,Control-Impact Designs,Grassland,"[0,15)",FALSE,FALSE,-0.013333333333333286,0.6014057606050085,0.3616888888888888
278,17,278,2016,"Ehrenbergerova, Lenka; Cienciala, Emil; Kucera, Ales; Guy, Ludivine; Habrova, Hana",English,Article,10.1007/s10457-015-9865-z,http://dx.doi.org/10.1007/s10457-015-9865-z,Here the SOC data is the cumulative soil carbon. The biomass data is already given as carbon content.,LMP,Cropland,Full sun,NA,Coffea arabica,1,1,0,0,Cropland,Shaded perennial,Coffee,NA,"Coffea arabica,Inga sp",2,2,0,1,176,NO,Organic-both,NA,Peru,10°38'N,75°00'W,10.633333333333301,-75,1550,1590,17.8,NA,Acrisols,0,12.5,125,139,101,139,101,CI,15,Pasture land,grassland,grassland,1,1,Table 5,NA,t C ha-1,Done,"51,50","15,30","15,30",51.5,15.3,"50,00","23,20","23,20",50,23.2,NA,NA,YES,"-0,02955880224","0,3035569105",YES,"-0,1",NA,NA,NA,278,97,1912,Warm Temperate Dry,6.25,12.5,TRUE,"(5,10]",-75,10.633333333333301,Cocoa/Coffee,Shaded perennial,1,A:<0/+1,Control-Impact Designs,Grassland,"[0,15)",FALSE,FALSE,-0.1,1.8527217216241025,3.4325777777777784
279,17,279,2016,"Ehrenbergerova, Lenka; Cienciala, Emil; Kucera, Ales; Guy, Ludivine; Habrova, Hana",English,Article,10.1007/s10457-015-9865-z,http://dx.doi.org/10.1007/s10457-015-9865-z,Here the SOC data is the cumulative soil carbon. The biomass data is already given as carbon content.,LMP,Cropland,Full sun,NA,Coffea arabica,1,1,0,0,Cropland,Shaded perennial,Coffee,NA,"Coffea arabica,Inga sp",2,2,0,1,176,NO,Organic-both,NA,Peru,10°38'N,75°00'W,10.633333333333301,-75,1550,1590,17.8,NA,Acrisols,0,21.5,215,139,101,139,101,CI,15,Pasture land,grassland,grassland,1,1,Table 5,NA,t C ha-1,Done,"81,20","25,30","25,30",81.2,25.3,"71,50","35,40","35,40",71.5,35.4,NA,NA,YES,"-0,1272177975","0,342208682",YES,"-0,6466666667",NA,NA,NA,278,97,1912,Warm Temperate Dry,10.75,21.5,TRUE,"(10,15]",-75,10.633333333333301,Cocoa/Coffee,Shaded perennial,1,A:<0/+1,Control-Impact Designs,Grassland,"[0,15)",FALSE,FALSE,-0.6466666666666668,2.9007661823119153,8.414444444444444
280,17,280,2016,"Ehrenbergerova, Lenka; Cienciala, Emil; Kucera, Ales; Guy, Ludivine; Habrova, Hana",English,Article,10.1007/s10457-015-9865-z,http://dx.doi.org/10.1007/s10457-015-9865-z,Here the SOC data is the cumulative soil carbon. The biomass data is already given as carbon content.,LMP,Cropland,Full sun,NA,Coffea arabica,1,1,0,0,Cropland,Shaded perennial,Coffee,NA,"Coffea arabica,Inga sp",2,2,0,1,176,NO,Organic-both,NA,Peru,10°38'N,75°00'W,10.633333333333301,-75,1550,1590,17.8,NA,Acrisols,0,30,30,139,101,139,101,CI,15,Pasture land,grassland,grassland,1,1,Table 5,NA,t C ha-1,Done,"98,70","34,30","34,30",98.7,34.3,"82,60","38,40","38,40",82.6,38.4,NA,NA,YES,"-0,1780752659","0,3368922532",YES,"-1,073333333",NA,NA,NA,278,97,1912,Warm Temperate Dry,15,30,TRUE,"(10,15]",-75,10.633333333333301,Cocoa/Coffee,Shaded perennial,1,A:<0/+1,Control-Impact Designs,Grassland,"[15,30)",FALSE,FALSE,-1.073333333333334,3.4325565464307273,11.782444444444442
289,17,289,2016,"Ehrenbergerova, Lenka; Cienciala, Emil; Kucera, Ales; Guy, Ludivine; Habrova, Hana",English,Article,10.1007/s10457-015-9865-z,http://dx.doi.org/10.1007/s10457-015-9865-z,Here the SOC data is the cumulative soil carbon. The biomass data is already given as carbon content.,LMP,Cropland,Full sun,NA,Coffea arabica,1,1,0,0,Cropland,Shaded perennial,Coffee,NA,"Coffea arabica,Pinus sp",2,2,0,0,124,NO,Organic-both,NA,Peru,10°38'N,75°00'W,10.633333333333301,-75,1540,1590,17.8,NA,Acrisols,0,3.5,35,139,101,139,101,CI,15,Pasture land,grassland,grassland,1,1,Table 5,NA,t C ha-1,Done,"19,20","5,30","5,30",19.2,5.3,"19,80","6,90","6,90",19.8,6.9,NA,NA,YES,"0,03077165867","0,1976406914",YES,"0,04",NA,NA,NA,278,97,1912,Warm Temperate Dry,1.75,3.5,TRUE,"(0,5]",-75,10.633333333333301,Cocoa/Coffee,Shaded perennial,1,A:<0/+1,Control-Impact Designs,Grassland,"[0,15)",FALSE,FALSE,0.0400000000000001,0.5800383129108321,0.3364444444444443
290,17,290,2016,"Ehrenbergerova, Lenka; Cienciala, Emil; Kucera, Ales; Guy, Ludivine; Habrova, Hana",English,Article,10.1007/s10457-015-9865-z,http://dx.doi.org/10.1007/s10457-015-9865-z,Here the SOC data is the cumulative soil carbon. The biomass data is already given as carbon content.,LMP,Cropland,Full sun,NA,Coffea arabica,1,1,0,0,Cropland,Shaded perennial,Coffee,NA,"Coffea arabica,Pinus sp",2,2,0,0,124,NO,Organic-both,NA,Peru,10°38'N,75°00'W,10.633333333333301,-75,1540,1590,17.8,NA,Acrisols,0,12.5,125,139,101,139,101,CI,15,Pasture land,grassland,grassland,1,1,Table 5,NA,t C ha-1,Done,"51,50","15,30","15,30",51.5,15.3,"62,70","17,70","17,70",62.7,17.7,NA,NA,YES,"0,19677964","0,1679523096",YES,"0,7466666667",NA,NA,NA,278,97,1912,Warm Temperate Dry,6.25,12.5,TRUE,"(5,10]",-75,10.633333333333301,Cocoa/Coffee,Shaded perennial,1,A:<0/+1,Control-Impact Designs,Grassland,"[0,15)",FALSE,FALSE,0.7466666666666668,1.5597435686676193,2.4328000000000003
291,17,291,2016,"Ehrenbergerova, Lenka; Cienciala, Emil; Kucera, Ales; Guy, Ludivine; Habrova, Hana",English,Article,10.1007/s10457-015-9865-z,http://dx.doi.org/10.1007/s10457-015-9865-z,Here the SOC data is the cumulative soil carbon. The biomass data is already given as carbon content.,LMP,Cropland,Full sun,NA,Coffea arabica,1,1,0,0,Cropland,Shaded perennial,Coffee,NA,"Coffea arabica,Pinus sp",2,2,0,0,124,NO,Organic-both,NA,Peru,10°38'N,75°00'W,10.633333333333301,-75,1540,1590,17.8,NA,Acrisols,0,21.5,215,139,101,139,101,CI,15,Pasture land,grassland,grassland,1,1,Table 5,NA,t C ha-1,Done,"81,20","25,30","25,30",81.2,25.3,"89,80","24,20","24,20",89.8,24.2,NA,NA,YES,"0,1006697281","0,1697034725",YES,"0,5733333333",NA,NA,NA,278,97,1912,Warm Temperate Dry,10.75,21.5,TRUE,"(10,15]",-75,10.633333333333301,Cocoa/Coffee,Shaded perennial,1,A:<0/+1,Control-Impact Designs,Grassland,"[0,15)",FALSE,FALSE,0.5733333333333329,2.334028467883134,5.44768888888889
292,17,292,2016,"Ehrenbergerova, Lenka; Cienciala, Emil; Kucera, Ales; Guy, Ludivine; Habrova, Hana",English,Article,10.1007/s10457-015-9865-z,http://dx.doi.org/10.1007/s10457-015-9865-z,Here the SOC data is the cumulative soil carbon. The biomass data is already given as carbon content.,LMP,Cropland,Full sun,NA,Coffea arabica,1,1,0,0,Cropland,Shaded perennial,Coffee,NA,"Coffea arabica,Pinus sp",2,2,0,0,124,NO,Organic-both,NA,Peru,10°38'N,75°00'W,10.633333333333301,-75,1540,1590,17.8,NA,Acrisols,0,30,30,139,101,139,101,CI,15,Pasture land,grassland,grassland,1,1,Table 5,NA,t C ha-1,Done,"98,70","34,30","34,30",98.7,34.3,"101,80","26,70","26,70",101.8,26.7,NA,NA,YES,"0,03092515768","0,1895588355",YES,"0,2066666667",NA,NA,NA,278,97,1912,Warm Temperate Dry,15,30,TRUE,"(10,15]",-75,10.633333333333301,Cocoa/Coffee,Shaded perennial,1,A:<0/+1,Control-Impact Designs,Grassland,"[15,30)",FALSE,FALSE,0.20666666666666628,2.8977999317489886,8.397244444444443
303,19,303,2008,"Andrade, Hernan J.; Brook, Robert; Ibrahim, Muhammad",English,Article,10.1007/s11104-008-9600-x,http://dx.doi.org/10.1007/s11104-008-9600-x,"Error bars correspond to standard error of mean in the graphs. The samplings are made in 2005, so the SAF was 4 years old. The biomass data is given as carbon stock, for the trees and the grass.The error bar for the biomass is for the total carbon produced in the biomass, so the error bar just for the aboveground biomass isnt available",LMP,Grassland,Full sun,NA,Brachiaria brizantha,1,0,1,0,Grassland,SilvoPasture,Pasture,NA,"Brachiaria brizantha,Pithecellobium saman",2,1,1,1,"1111,111111",NA,NA,NA,Costa Rica,10°28′36.8′′N,85°9′14.5′′W,10.4768888888889,-85.1540277777778,50,1500,28,NA,Cambisols,0,20,20,117,44,117,44,RCBD,4.5,Pastures which had been grazed over the previous 20 years,grassland,grassland,3,3,Figure 3,SE,t C ha-1,Done,"50,92","1,96 SE","3,39",50.92,3.39,"69,02","2,90 SE","5,02",69.02,5.02,NA,NA,YES,"0,3042269279","0,0032473199",YES,"4,526073903",NA,NA,NA,261,103,1962,Tropical Moist,10,20,TRUE,"(5,10]",-85.1540277777778,10.4768888888889,Pasture,SilvoPasture,1,A:<0/+1,Randomized Designs,Grassland,"[0,15)",FALSE,FALSE,4.022222222222221,1.3460963222005975,1.8119753086419748
304,19,304,2008,"Andrade, Hernan J.; Brook, Robert; Ibrahim, Muhammad",English,Article,10.1007/s11104-008-9600-x,http://dx.doi.org/10.1007/s11104-008-9600-x,"Error bars correspond to standard error of mean in the graphs. The samplings are made in 2005, so the SAF was 4 years old. The biomass data is given as carbon stock, for the trees and the grass.The error bar for the biomass is for the total carbon produced in the biomass, so the error bar just for the aboveground biomass isnt available",LMP,Grassland,Full sun,NA,Brachiaria brizantha,1,0,1,0,Grassland,SilvoPasture,Pasture,NA,"Brachiaria brizantha,Dalbergia retusa",2,1,1,1,"1111,111111",NA,NA,NA,Costa Rica,10°28′36.8′′N,85°9′14.5′′W,10.4768888888889,-85.1540277777778,50,1500,28,NA,Cambisols,0,20,20,117,44,117,44,RCBD,4.5,Pastures which had been grazed over the previous 20 years,grassland,grassland,3,3,Figure 3,SE,t C ha-1,Done,"50,92","1,96 SE","3,39",50.92,3.39,"60,39","3,52 SE","6,10",60.39,6.1,NA,NA,YES,"0,1706955353","0,004879112281",YES,"0,2961513948",NA,NA,NA,261,103,1962,Tropical Moist,10,20,TRUE,"(5,10]",-85.1540277777778,10.4768888888889,Pasture,SilvoPasture,1,A:<0/+1,Randomized Designs,Grassland,"[0,15)",FALSE,FALSE,2.1044444444444443,1.5508197752507031,2.405041975308641
305,19,305,2008,"Andrade, Hernan J.; Brook, Robert; Ibrahim, Muhammad",English,Article,10.1007/s11104-008-9600-x,http://dx.doi.org/10.1007/s11104-008-9600-x,"Error bars correspond to standard error of mean in the graphs. The samplings are made in 2005, so the SAF was 4 years old. The biomass data is given as carbon stock, for the trees and the grass.The error bar for the biomass is for the total carbon produced in the biomass, so the error bar just for the aboveground biomass isnt available",LMP,Grassland,Full sun,NA,Brachiaria brizantha,1,0,1,0,Grassland,SilvoPasture,Pasture,NA,"Brachiaria brizantha,Diphysa robinioides",2,1,1,1,"1111,111111",NA,NA,NA,Costa Rica,10°28′36.8′′N,85°9′14.5′′W,10.4768888888889,-85.1540277777778,50,1500,28,NA,Cambisols,0,20,20,117,44,117,44,RCBD,4.5,Pastures which had been grazed over the previous 20 years,grassland,grassland,3,3,Figure 3,SE,t C ha-1,Done,"50,92","1,96 SE","3,39",50.92,3.39,"63,01","5,96 SE","10,32",63.01,10.32,NA,NA,YES,"0,2130747582","0,01042979174",YES,"0,3778507412",NA,NA,NA,261,103,1962,Tropical Moist,10,20,TRUE,"(5,10]",-85.1540277777778,10.4768888888889,Pasture,SilvoPasture,1,A:<0/+1,Randomized Designs,Grassland,"[0,15)",FALSE,FALSE,2.6866666666666656,2.413894962273398,5.826888888888889
306,19,306,2008,"Andrade, Hernan J.; Brook, Robert; Ibrahim, Muhammad",English,Article,10.1007/s11104-008-9600-x,http://dx.doi.org/10.1007/s11104-008-9600-x,"Error bars correspond to standard error of mean in the graphs. The samplings are made in 2005, so the SAF was 4 years old. The biomass data is given as carbon stock, for the trees and the grass.The error bar for the biomass is for the total carbon produced in the biomass, so the error bar just for the aboveground biomass isnt available",LMP,Grassland,Full sun,NA,Brachiaria brizantha,1,0,1,0,Grassland,SilvoPasture,Pasture,NA,"Hyparrhenia rufa,Pithecellobium saman",2,1,1,1,"1111,111111",NA,NA,NA,Costa Rica,10°28′36.8′′N,85°9′14.5′′W,10.4768888888889,-85.1540277777778,50,1500,28,NA,Cambisols,0,20,20,117,44,117,44,RCBD,4.5,Pastures which had been grazed over the previous 20 years,grassland,grassland,3,3,Figure 3,SE,t C ha-1,Done,"50,92","1,96 SE","3,39",50.92,3.39,"60,78","13,59 SE","23,54",60.78,23.54,NA,NA,YES,"0,1771680498","0,05146875024",YES,"0,3084062967",NA,NA,NA,261,103,1962,Tropical Moist,10,20,TRUE,"(5,10]",-85.1540277777778,10.4768888888889,Pasture,SilvoPasture,1,A:<0/+1,Randomized Designs,Grassland,"[0,15)",FALSE,FALSE,2.191111111111111,5.285076590542585,27.932034567901233
307,19,307,2008,"Andrade, Hernan J.; Brook, Robert; Ibrahim, Muhammad",English,Article,10.1007/s11104-008-9600-x,http://dx.doi.org/10.1007/s11104-008-9600-x,"Error bars correspond to standard error of mean in the graphs. The samplings are made in 2005, so the SAF was 4 years old. The biomass data is given as carbon stock, for the trees and the grass.The error bar for the biomass is for the total carbon produced in the biomass, so the error bar just for the aboveground biomass isnt available",LMP,Grassland,Full sun,NA,Brachiaria brizantha,1,0,1,0,Grassland,SilvoPasture,Pasture,NA,"Hyparrhenia rufa,Dalbergia retusa",2,1,1,1,"1111,111111",NA,NA,NA,Costa Rica,10°28′36.8′′N,85°9′14.5′′W,10.4768888888889,-85.1540277777778,50,1500,28,NA,Cambisols,0,20,20,117,44,117,44,RCBD,4.5,Pastures which had been grazed over the previous 20 years,grassland,grassland,3,3,Figure 3,SE,t C ha-1,Done,"50,92","1,96 SE","3,39",50.92,3.39,"62,22","9,15 SE","15,85",62.22,15.85,NA,NA,YES,"0,2005484984","0,02310664066",YES,"0,3533409373",NA,NA,NA,261,103,1962,Tropical Moist,10,20,TRUE,"(5,10]",-85.1540277777778,10.4768888888889,Pasture,SilvoPasture,1,A:<0/+1,Randomized Designs,Grassland,"[0,15)",FALSE,FALSE,2.5111111111111106,3.6018829095109632,12.973560493827161
308,19,308,2008,"Andrade, Hernan J.; Brook, Robert; Ibrahim, Muhammad",English,Article,10.1007/s11104-008-9600-x,http://dx.doi.org/10.1007/s11104-008-9600-x,"Error bars correspond to standard error of mean in the graphs. The samplings are made in 2005, so the SAF was 4 years old. The biomass data is given as carbon stock, for the trees and the grass.The error bar for the biomass is for the total carbon produced in the biomass, so the error bar just for the aboveground biomass isnt available",LMP,Grassland,Full sun,NA,Brachiaria brizantha,1,0,1,0,Grassland,SilvoPasture,Pasture,NA,"Hyparrhenia rufa,Diphysa robinioides",2,1,1,1,"1111,111111",NA,NA,NA,Costa Rica,10°28′36.8′′N,85°9′14.5′′W,10.4768888888889,-85.1540277777778,50,1500,28,NA,Cambisols,0,20,20,117,44,117,44,RCBD,4.5,Pastures which had been grazed over the previous 20 years,grassland,grassland,3,3,Figure 3,SE,t C ha-1,Done,"50,92","1,96 SE","3,39",50.92,3.39,"53,59","0,91 SE","1,58",53.59,1.58,NA,NA,YES,"0,05128780388","0,001770183343",YES,"0,08373309412",NA,NA,NA,261,103,1962,Tropical Moist,10,20,TRUE,"(5,10]",-85.1540277777778,10.4768888888889,Pasture,SilvoPasture,1,A:<0/+1,Randomized Designs,Grassland,"[0,15)",FALSE,FALSE,0.5933333333333337,0.8311378486489411,0.6907901234567901
309,19,309,2008,"Andrade, Hernan J.; Brook, Robert; Ibrahim, Muhammad",English,Article,10.1007/s11104-008-9600-x,http://dx.doi.org/10.1007/s11104-008-9600-x,"Error bars correspond to standard error of mean in the graphs. The samplings are made in 2005, so the SAF was 4 years old. The biomass data is given as carbon stock, for the trees and the grass.The error bar for the biomass is for the total carbon produced in the biomass, so the error bar just for the aboveground biomass isnt available",LMP,Grassland,Full sun,NA,Brachiaria brizantha,1,0,1,0,Grassland,SilvoPasture,Pasture,NA,"Brachiaria brizantha,Pithecellobium saman",2,1,1,1,"1111,111111",NA,NA,NA,Costa Rica,10°28′36.8′′N,85°9′14.5′′W,10.4768888888889,-85.1540277777778,50,1500,28,NA,Cambisols,20,40,20,117,44,117,44,RCBD,4.5,Pastures which had been grazed over the previous 20 years,grassland,grassland,3,3,Figure 3,SE,t C ha-1,Done,"19,09","1,77798201 SE","3,08",19.09,3.08,"30,32","11,14202059 SE","19,30",30.32,19.3,NA,NA,YES,"0,4623579882","0,1437448224",YES,"0,3507271172",NA,NA,NA,261,103,1962,Tropical Moist,30,20,FALSE,"(25,50]",-85.1540277777778,10.4768888888889,Pasture,SilvoPasture,1,A:<0/+1,Randomized Designs,Grassland,"[30,45)",FALSE,FALSE,2.4955555555555557,4.343159230187794,18.863032098765434
310,19,310,2008,"Andrade, Hernan J.; Brook, Robert; Ibrahim, Muhammad",English,Article,10.1007/s11104-008-9600-x,http://dx.doi.org/10.1007/s11104-008-9600-x,"Error bars correspond to standard error of mean in the graphs. The samplings are made in 2005, so the SAF was 4 years old. The biomass data is given as carbon stock, for the trees and the grass.The error bar for the biomass is for the total carbon produced in the biomass, so the error bar just for the aboveground biomass isnt available",LMP,Grassland,Full sun,NA,Brachiaria brizantha,1,0,1,0,Grassland,SilvoPasture,Pasture,NA,"Brachiaria brizantha,Dalbergia retusa",2,1,1,1,"1111,111111",NA,NA,NA,Costa Rica,10°28′36.8′′N,85°9′14.5′′W,10.4768888888889,-85.1540277777778,50,1500,28,NA,Cambisols,20,40,20,117,44,117,44,RCBD,4.5,Pastures which had been grazed over the previous 20 years,grassland,grassland,3,3,Figure 3,SE,t C ha-1,Done,"19,09","1,77798201 SE","3,08",19.09,3.08,"26,14","7,704588707 SE","13,34",26.14,13.34,NA,NA,YES,"0,3142088266","0,09553180615",YES,"0,2202737381",NA,NA,NA,261,103,1962,Tropical Moist,30,20,FALSE,"(25,50]",-85.1540277777778,10.4768888888889,Pasture,SilvoPasture,1,A:<0/+1,Randomized Designs,Grassland,"[30,45)",FALSE,FALSE,1.5666666666666669,3.0424324251704253,9.256395061728396
311,19,311,2008,"Andrade, Hernan J.; Brook, Robert; Ibrahim, Muhammad",English,Article,10.1007/s11104-008-9600-x,http://dx.doi.org/10.1007/s11104-008-9600-x,"Error bars correspond to standard error of mean in the graphs. The samplings are made in 2005, so the SAF was 4 years old. The biomass data is given as carbon stock, for the trees and the grass.The error bar for the biomass is for the total carbon produced in the biomass, so the error bar just for the aboveground biomass isnt available",LMP,Grassland,Full sun,NA,Brachiaria brizantha,1,0,1,0,Grassland,SilvoPasture,Pasture,NA,"Brachiaria brizantha,Diphysa robinioides",2,1,1,1,"1111,111111",NA,NA,NA,Costa Rica,10°28′36.8′′N,85°9′14.5′′W,10.4768888888889,-85.1540277777778,50,1500,28,NA,Cambisols,20,40,20,117,44,117,44,RCBD,4.5,Pastures which had been grazed over the previous 20 years,grassland,grassland,3,3,Figure 3,SE,t C ha-1,Done,"19,09","1,77798201 SE","3,08",19.09,3.08,"33,40","5,689542431 SE","9,85",33.4,9.85,NA,NA,YES,"0,5591036238","0,03769597853",YES,"0,4469632163",NA,NA,NA,261,103,1962,Tropical Moist,30,20,FALSE,"(25,50]",-85.1540277777778,10.4768888888889,Pasture,SilvoPasture,1,A:<0/+1,Randomized Designs,Grassland,"[30,45)",FALSE,FALSE,3.1799999999999997,2.2934033150390487,5.259698765432098
312,19,312,2008,"Andrade, Hernan J.; Brook, Robert; Ibrahim, Muhammad",English,Article,10.1007/s11104-008-9600-x,http://dx.doi.org/10.1007/s11104-008-9600-x,"Error bars correspond to standard error of mean in the graphs. The samplings are made in 2005, so the SAF was 4 years old. The biomass data is given as carbon stock, for the trees and the grass.The error bar for the biomass is for the total carbon produced in the biomass, so the error bar just for the aboveground biomass isnt available",LMP,Grassland,Full sun,NA,Brachiaria brizantha,1,0,1,0,Grassland,SilvoPasture,Pasture,NA,"Hyparrhenia rufa,Pithecellobium saman",2,1,1,1,"1111,111111",NA,NA,NA,Costa Rica,10°28′36.8′′N,85°9′14.5′′W,10.4768888888889,-85.1540277777778,50,1500,28,NA,Cambisols,20,40,20,117,44,117,44,RCBD,4.5,Pastures which had been grazed over the previous 20 years,grassland,grassland,3,3,Figure 3,SE,t C ha-1,Done,"19,09","1,77798201 SE","3,08",19.09,3.08,"24,36","4,50422109 SE","7,80",24.36,7.8,NA,NA,YES,"0,2437189491","0,04285281294",YES,"0,1646706588",NA,NA,NA,261,103,1962,Tropical Moist,30,20,FALSE,"(25,50]",-85.1540277777778,10.4768888888889,Pasture,SilvoPasture,1,A:<0/+1,Randomized Designs,Grassland,"[30,45)",FALSE,FALSE,1.171111111111111,1.8635741578953353,3.4729086419753084
313,19,313,2008,"Andrade, Hernan J.; Brook, Robert; Ibrahim, Muhammad",English,Article,10.1007/s11104-008-9600-x,http://dx.doi.org/10.1007/s11104-008-9600-x,"Error bars correspond to standard error of mean in the graphs. The samplings are made in 2005, so the SAF was 4 years old. The biomass data is given as carbon stock, for the trees and the grass.The error bar for the biomass is for the total carbon produced in the biomass, so the error bar just for the aboveground biomass isnt available",LMP,Grassland,Full sun,NA,Brachiaria brizantha,1,0,1,0,Grassland,SilvoPasture,Pasture,NA,"Hyparrhenia rufa,Dalbergia retusa",2,1,1,1,"1111,111111",NA,NA,NA,Costa Rica,10°28′36.8′′N,85°9′14.5′′W,10.4768888888889,-85.1540277777778,50,1500,28,NA,Cambisols,20,40,20,117,44,117,44,RCBD,4.5,Pastures which had been grazed over the previous 20 years,grassland,grassland,3,3,Figure 3,SE,t C ha-1,Done,"19,09","1,77798201 SE","3,08",19.09,3.08,"28,06","6,87486377 SE","11,91",28.06,11.91,NA,NA,YES,"0,3849453779","0,06870721574",YES,"0,2801539778",NA,NA,NA,261,103,1962,Tropical Moist,30,20,FALSE,"(25,50]",-85.1540277777778,10.4768888888889,Pasture,SilvoPasture,1,A:<0/+1,Randomized Designs,Grassland,"[30,45)",FALSE,FALSE,1.9933333333333332,2.7337352911310395,7.47330864197531
314,19,314,2008,"Andrade, Hernan J.; Brook, Robert; Ibrahim, Muhammad",English,Article,10.1007/s11104-008-9600-x,http://dx.doi.org/10.1007/s11104-008-9600-x,"Error bars correspond to standard error of mean in the graphs. The samplings are made in 2005, so the SAF was 4 years old. The biomass data is given as carbon stock, for the trees and the grass.The error bar for the biomass is for the total carbon produced in the biomass, so the error bar just for the aboveground biomass isnt available",LMP,Grassland,Full sun,NA,Brachiaria brizantha,1,0,1,0,Grassland,SilvoPasture,Pasture,NA,"Hyparrhenia rufa,Diphysa robinioides",2,1,1,1,"1111,111111",NA,NA,NA,Costa Rica,10°28′36.8′′N,85°9′14.5′′W,10.4768888888889,-85.1540277777778,50,1500,28,NA,Cambisols,20,40,20,117,44,117,44,RCBD,4.5,Pastures which had been grazed over the previous 20 years,grassland,grassland,3,3,Figure 3,SE,t C ha-1,Done,"19,09","1,77798201 SE","3,08",19.09,3.08,"24,70","5,689542431 SE","9,85",24.7,9.85,NA,NA,YES,"0,2576661763","0,06170978979",YES,"0,1753635584",NA,NA,NA,261,103,1962,Tropical Moist,30,20,FALSE,"(25,50]",-85.1540277777778,10.4768888888889,Pasture,SilvoPasture,1,A:<0/+1,Randomized Designs,Grassland,"[30,45)",FALSE,FALSE,1.2466666666666666,2.2934033150390487,5.259698765432098
315,19,315,2008,"Andrade, Hernan J.; Brook, Robert; Ibrahim, Muhammad",English,Article,10.1007/s11104-008-9600-x,http://dx.doi.org/10.1007/s11104-008-9600-x,"Error bars correspond to standard error of mean in the graphs. The samplings are made in 2005, so the SAF was 4 years old. The biomass data is given as carbon stock, for the trees and the grass.The error bar for the biomass is for the total carbon produced in the biomass, so the error bar just for the aboveground biomass isnt available",LMP,Grassland,Full sun,NA,Brachiaria brizantha,1,0,1,0,Grassland,SilvoPasture,Pasture,NA,"Brachiaria brizantha,Pithecellobium saman",2,1,1,1,"1111,111111",NA,NA,NA,Costa Rica,10°28′36.8′′N,85°9′14.5′′W,10.4768888888889,-85.1540277777778,50,1500,28,NA,Cambisols,40,60,20,117,44,117,44,RCBD,4.5,Pastures which had been grazed over the previous 20 years,grassland,grassland,3,3,Figure 3,SE,t C ha-1,Done,"16,83","7,467524441 SE","12,93",16.83,12.93,"25,05","3,437431885 SE","5,95",25.05,5.95,NA,NA,YES,"0,3973017972","0,2155924249",YES,"0,2566295978",NA,NA,NA,261,103,1962,Tropical Moist,50,20,FALSE,"(25,50]",-85.1540277777778,10.4768888888889,Pasture,SilvoPasture,1,A:<0/+1,Randomized Designs,Grassland,"[45,55)",FALSE,FALSE,1.826666666666667,3.162960013876672,10.004316049382716
316,19,316,2008,"Andrade, Hernan J.; Brook, Robert; Ibrahim, Muhammad",English,Article,10.1007/s11104-008-9600-x,http://dx.doi.org/10.1007/s11104-008-9600-x,"Error bars correspond to standard error of mean in the graphs. The samplings are made in 2005, so the SAF was 4 years old. The biomass data is given as carbon stock, for the trees and the grass.The error bar for the biomass is for the total carbon produced in the biomass, so the error bar just for the aboveground biomass isnt available",LMP,Grassland,Full sun,NA,Brachiaria brizantha,1,0,1,0,Grassland,SilvoPasture,Pasture,NA,"Brachiaria brizantha,Dalbergia retusa",2,1,1,1,"1111,111111",NA,NA,NA,Costa Rica,10°28′36.8′′N,85°9′14.5′′W,10.4768888888889,-85.1540277777778,50,1500,28,NA,Cambisols,40,60,20,117,44,117,44,RCBD,4.5,Pastures which had been grazed over the previous 20 years,grassland,grassland,3,3,Figure 3,SE,t C ha-1,Done,"16,83","7,467524441 SE","12,93",16.83,12.93,"23,54","3,674496153 SE","6,36",23.54,6.36,NA,NA,YES,"0,3353101211","0,2211207134",YES,"0,2095808381",NA,NA,NA,261,103,1962,Tropical Moist,50,20,FALSE,"(25,50]",-85.1540277777778,10.4768888888889,Pasture,SilvoPasture,1,A:<0/+1,Randomized Designs,Grassland,"[45,55)",FALSE,FALSE,1.4911111111111113,3.2021173550567372,10.253555555555554
317,19,317,2008,"Andrade, Hernan J.; Brook, Robert; Ibrahim, Muhammad",English,Article,10.1007/s11104-008-9600-x,http://dx.doi.org/10.1007/s11104-008-9600-x,"Error bars correspond to standard error of mean in the graphs. The samplings are made in 2005, so the SAF was 4 years old. The biomass data is given as carbon stock, for the trees and the grass.The error bar for the biomass is for the total carbon produced in the biomass, so the error bar just for the aboveground biomass isnt available",LMP,Grassland,Full sun,NA,Brachiaria brizantha,1,0,1,0,Grassland,SilvoPasture,Pasture,NA,"Brachiaria brizantha,Diphysa robinioides",2,1,1,1,"1111,111111",NA,NA,NA,Costa Rica,10°28′36.8′′N,85°9′14.5′′W,10.4768888888889,-85.1540277777778,50,1500,28,NA,Cambisols,40,60,20,117,44,117,44,RCBD,4.5,Pastures which had been grazed over the previous 20 years,grassland,grassland,3,3,Figure 3,SE,t C ha-1,Done,"16,83","7,467524441 SE","12,93",16.83,12.93,"23,88","3,437431885 SE","5,95",23.88,5.95,NA,NA,YES,"0,349740386","0,2174719978",YES,"0,2202737381",NA,NA,NA,261,103,1962,Tropical Moist,50,20,FALSE,"(25,50]",-85.1540277777778,10.4768888888889,Pasture,SilvoPasture,1,A:<0/+1,Randomized Designs,Grassland,"[45,55)",FALSE,FALSE,1.5666666666666669,3.162960013876672,10.004316049382716
318,19,318,2008,"Andrade, Hernan J.; Brook, Robert; Ibrahim, Muhammad",English,Article,10.1007/s11104-008-9600-x,http://dx.doi.org/10.1007/s11104-008-9600-x,"Error bars correspond to standard error of mean in the graphs. The samplings are made in 2005, so the SAF was 4 years old. The biomass data is given as carbon stock, for the trees and the grass.The error bar for the biomass is for the total carbon produced in the biomass, so the error bar just for the aboveground biomass isnt available",LMP,Grassland,Full sun,NA,Brachiaria brizantha,1,0,1,0,Grassland,SilvoPasture,Pasture,NA,"Hyparrhenia rufa,Pithecellobium saman",2,1,1,1,"1111,111111",NA,NA,NA,Costa Rica,10°28′36.8′′N,85°9′14.5′′W,10.4768888888889,-85.1540277777778,50,1500,28,NA,Cambisols,40,60,20,117,44,117,44,RCBD,4.5,Pastures which had been grazed over the previous 20 years,grassland,grassland,3,3,Figure 3,SE,t C ha-1,Done,"16,83","7,467524441 SE","12,93",16.83,12.93,"17,25","3,793028286 SE","6,57",17.25,6.57,NA,NA,YES,"0,02409755118","0,2451327877",YES,"0,01283147969",NA,NA,NA,261,103,1962,Tropical Moist,50,20,FALSE,"(25,50]",-85.1540277777778,10.4768888888889,Pasture,SilvoPasture,1,A:<0/+1,Randomized Designs,Grassland,"[45,55)",FALSE,FALSE,0.09333333333333371,3.2229868824499497,10.387644444444446
319,19,319,2008,"Andrade, Hernan J.; Brook, Robert; Ibrahim, Muhammad",English,Article,10.1007/s11104-008-9600-x,http://dx.doi.org/10.1007/s11104-008-9600-x,"Error bars correspond to standard error of mean in the graphs. The samplings are made in 2005, so the SAF was 4 years old. The biomass data is given as carbon stock, for the trees and the grass.The error bar for the biomass is for the total carbon produced in the biomass, so the error bar just for the aboveground biomass isnt available",LMP,Grassland,Full sun,NA,Brachiaria brizantha,1,0,1,0,Grassland,SilvoPasture,Pasture,NA,"Hyparrhenia rufa,Dalbergia retusa",2,1,1,1,"1111,111111",NA,NA,NA,Costa Rica,10°28′36.8′′N,85°9′14.5′′W,10.4768888888889,-85.1540277777778,50,1500,28,NA,Cambisols,40,60,20,117,44,117,44,RCBD,4.5,Pastures which had been grazed over the previous 20 years,grassland,grassland,3,3,Figure 3,SE,t C ha-1,Done,"16,83","7,467524441 SE","12,93",16.83,12.93,"23,75","4,385688957 SE","7,60",23.75,7.6,NA,NA,YES,"0,3439932437","0,2308666282",YES,"0,2159965781",NA,NA,NA,261,103,1962,Tropical Moist,50,20,FALSE,"(25,50]",-85.1540277777778,10.4768888888889,Pasture,SilvoPasture,1,A:<0/+1,Randomized Designs,Grassland,"[45,55)",FALSE,FALSE,1.5377777777777781,3.3329251601943883,11.10839012345679
320,19,320,2008,"Andrade, Hernan J.; Brook, Robert; Ibrahim, Muhammad",English,Article,10.1007/s11104-008-9600-x,http://dx.doi.org/10.1007/s11104-008-9600-x,"Error bars correspond to standard error of mean in the graphs. The samplings are made in 2005, so the SAF was 4 years old. The biomass data is given as carbon stock, for the trees and the grass.The error bar for the biomass is for the total carbon produced in the biomass, so the error bar just for the aboveground biomass isnt available",LMP,Grassland,Full sun,NA,Brachiaria brizantha,1,0,1,0,Grassland,SilvoPasture,Pasture,NA,"Hyparrhenia rufa,Diphysa robinioides",2,1,1,1,"1111,111111",NA,NA,NA,Costa Rica,10°28′36.8′′N,85°9′14.5′′W,10.4768888888889,-85.1540277777778,50,1500,28,NA,Cambisols,40,60,20,117,44,117,44,RCBD,4.5,Pastures which had been grazed over the previous 20 years,grassland,grassland,3,3,Figure 3,SE,t C ha-1,Done,"16,83","7,467524441 SE","12,93",16.83,12.93,"19,37","1,303853474 SE","2,26",19.37,2.26,NA,NA,YES,"0,1401153617","0,2012903398",YES,"0,07912745938",NA,NA,NA,261,103,1962,Tropical Moist,50,20,FALSE,"(25,50]",-85.1540277777778,10.4768888888889,Pasture,SilvoPasture,1,A:<0/+1,Randomized Designs,Grassland,"[45,55)",FALSE,FALSE,0.5644444444444451,2.9168941710213403,8.508271604938273
321,19,321,2008,"Andrade, Hernan J.; Brook, Robert; Ibrahim, Muhammad",English,Article,10.1007/s11104-008-9600-x,http://dx.doi.org/10.1007/s11104-008-9600-x,"Error bars correspond to standard error of mean in the graphs. The samplings are made in 2005, so the SAF was 4 years old. The biomass data is given as carbon stock, for the trees and the grass.The error bar for the biomass is for the total carbon produced in the biomass, so the error bar just for the aboveground biomass isnt available",LMP,Grassland,Full sun,NA,Hyparrhenia rufa,1,0,1,0,Grassland,SilvoPasture,Pasture,NA,"Brachiaria brizantha,Pithecellobium saman",2,1,1,1,"1111,111111",NA,NA,NA,Costa Rica,10°28′36.8′′N,85°9′14.5′′W,10.4768888888889,-85.1540277777778,50,1500,28,NA,Cambisols,0,20,20,117,44,117,44,RCBD,4.5,Pastures which had been grazed over the previous 20 years,grassland,grassland,3,3,Figure 3,SE,t C ha-1,Done,"64,05","11,50 SE","19,92",64.05,19.92,"69,02","2,90 SE","5,02",69.02,5.02,NA,NA,YES,"0,0746908926","0,03400033684",YES,"0,1552287582",NA,NA,NA,261,103,1962,Tropical Moist,10,20,TRUE,"(5,10]",-85.1540277777778,10.4768888888889,Pasture,SilvoPasture,1,A:<0/+1,Randomized Designs,Grassland,"[0,15)",FALSE,FALSE,1.1044444444444441,4.565067576203955,20.83984197530865
322,19,322,2008,"Andrade, Hernan J.; Brook, Robert; Ibrahim, Muhammad",English,Article,10.1007/s11104-008-9600-x,http://dx.doi.org/10.1007/s11104-008-9600-x,"Error bars correspond to standard error of mean in the graphs. The samplings are made in 2005, so the SAF was 4 years old. The biomass data is given as carbon stock, for the trees and the grass.The error bar for the biomass is for the total carbon produced in the biomass, so the error bar just for the aboveground biomass isnt available",LMP,Grassland,Full sun,NA,Hyparrhenia rufa,1,0,1,0,Grassland,SilvoPasture,Pasture,NA,"Brachiaria brizantha,Dalbergia retusa",2,1,1,1,"1111,111111",NA,NA,NA,Costa Rica,10°28′36.8′′N,85°9′14.5′′W,10.4768888888889,-85.1540277777778,50,1500,28,NA,Cambisols,0,20,20,117,44,117,44,RCBD,4.5,Pastures which had been grazed over the previous 20 years,grassland,grassland,3,3,Figure 3,SE,t C ha-1,Done,"64,05","11,50 SE","19,92",64.05,19.92,"60,39","3,52 SE","6,10",60.39,6.1,NA,NA,YES,"-0,05884050002","0,03563212922",YES,"-0,114379085",NA,NA,NA,261,103,1962,Tropical Moist,10,20,TRUE,"(5,10]",-85.1540277777778,10.4768888888889,Pasture,SilvoPasture,1,A:<0/+1,Randomized Designs,Grassland,"[0,15)",FALSE,FALSE,-0.8133333333333326,4.62956894775046,21.432908641975303
323,19,323,2008,"Andrade, Hernan J.; Brook, Robert; Ibrahim, Muhammad",English,Article,10.1007/s11104-008-9600-x,http://dx.doi.org/10.1007/s11104-008-9600-x,"Error bars correspond to standard error of mean in the graphs. The samplings are made in 2005, so the SAF was 4 years old. The biomass data is given as carbon stock, for the trees and the grass.The error bar for the biomass is for the total carbon produced in the biomass, so the error bar just for the aboveground biomass isnt available",LMP,Grassland,Full sun,NA,Hyparrhenia rufa,1,0,1,0,Grassland,SilvoPasture,Pasture,NA,"Brachiaria brizantha,Diphysa robinioides",2,1,1,1,"1111,111111",NA,NA,NA,Costa Rica,10°28′36.8′′N,85°9′14.5′′W,10.4768888888889,-85.1540277777778,50,1500,28,NA,Cambisols,0,20,20,117,44,117,44,RCBD,4.5,Pastures which had been grazed over the previous 20 years,grassland,grassland,3,3,Figure 3,SE,t C ha-1,Done,"64,05","11,50 SE","19,92",64.05,19.92,"63,01","5,96 SE","10,32",63.01,10.32,NA,NA,YES,"-0,01646127705","0,04118280867",YES,"-0,03267973856",NA,NA,NA,261,103,1962,Tropical Moist,10,20,TRUE,"(5,10]",-85.1540277777778,10.4768888888889,Pasture,SilvoPasture,1,A:<0/+1,Randomized Designs,Grassland,"[0,15)",FALSE,FALSE,-0.23111111111111093,4.985454398102099,24.85475555555556
324,19,324,2008,"Andrade, Hernan J.; Brook, Robert; Ibrahim, Muhammad",English,Article,10.1007/s11104-008-9600-x,http://dx.doi.org/10.1007/s11104-008-9600-x,"Error bars correspond to standard error of mean in the graphs. The samplings are made in 2005, so the SAF was 4 years old. The biomass data is given as carbon stock, for the trees and the grass.The error bar for the biomass is for the total carbon produced in the biomass, so the error bar just for the aboveground biomass isnt available",LMP,Grassland,Full sun,NA,Hyparrhenia rufa,1,0,1,0,Grassland,SilvoPasture,Pasture,NA,"Hyparrhenia rufa,Pithecellobium saman",2,1,1,1,"1111,111111",NA,NA,NA,Costa Rica,10°28′36.8′′N,85°9′14.5′′W,10.4768888888889,-85.1540277777778,50,1500,28,NA,Cambisols,0,20,20,117,44,117,44,RCBD,4.5,Pastures which had been grazed over the previous 20 years,grassland,grassland,3,3,Figure 3,SE,t C ha-1,Done,"64,05","11,50 SE","19,92",64.05,19.92,"60,78","13,59 SE","23,54",60.78,23.54,NA,NA,YES,"-0,05236798552","0,08222176717",YES,"-0,102124183",NA,NA,NA,261,103,1962,Tropical Moist,10,20,TRUE,"(5,10]",-85.1540277777778,10.4768888888889,Pasture,SilvoPasture,1,A:<0/+1,Randomized Designs,Grassland,"[0,15)",FALSE,FALSE,-0.7266666666666658,6.8527294733243265,46.9599012345679
325,19,325,2008,"Andrade, Hernan J.; Brook, Robert; Ibrahim, Muhammad",English,Article,10.1007/s11104-008-9600-x,http://dx.doi.org/10.1007/s11104-008-9600-x,"Error bars correspond to standard error of mean in the graphs. The samplings are made in 2005, so the SAF was 4 years old. The biomass data is given as carbon stock, for the trees and the grass.The error bar for the biomass is for the total carbon produced in the biomass, so the error bar just for the aboveground biomass isnt available",LMP,Grassland,Full sun,NA,Hyparrhenia rufa,1,0,1,0,Grassland,SilvoPasture,Pasture,NA,"Hyparrhenia rufa,Dalbergia retusa",2,1,1,1,"1111,111111",NA,NA,NA,Costa Rica,10°28′36.8′′N,85°9′14.5′′W,10.4768888888889,-85.1540277777778,50,1500,28,NA,Cambisols,0,20,20,117,44,117,44,RCBD,4.5,Pastures which had been grazed over the previous 20 years,grassland,grassland,3,3,Figure 3,SE,t C ha-1,Done,"64,05","11,50 SE","19,92",64.05,19.92,"62,22","9,15 SE","15,85",62.22,15.85,NA,NA,YES,"-0,02898753687","0,0538596576",YES,"-0,05718954248",NA,NA,NA,261,103,1962,Tropical Moist,10,20,TRUE,"(5,10]",-85.1540277777778,10.4768888888889,Pasture,SilvoPasture,1,A:<0/+1,Randomized Designs,Grassland,"[0,15)",FALSE,FALSE,-0.4066666666666663,5.65698039244382,32.00142716049383
326,19,326,2008,"Andrade, Hernan J.; Brook, Robert; Ibrahim, Muhammad",English,Article,10.1007/s11104-008-9600-x,http://dx.doi.org/10.1007/s11104-008-9600-x,"Error bars correspond to standard error of mean in the graphs. The samplings are made in 2005, so the SAF was 4 years old. The biomass data is given as carbon stock, for the trees and the grass.The error bar for the biomass is for the total carbon produced in the biomass, so the error bar just for the aboveground biomass isnt available",LMP,Grassland,Full sun,NA,Hyparrhenia rufa,1,0,1,0,Grassland,SilvoPasture,Pasture,NA,"Hyparrhenia rufa,Diphysa robinioides",2,1,1,1,"1111,111111",NA,NA,NA,Costa Rica,10°28′36.8′′N,85°9′14.5′′W,10.4768888888889,-85.1540277777778,50,1500,28,NA,Cambisols,0,20,20,117,44,117,44,RCBD,4.5,Pastures which had been grazed over the previous 20 years,grassland,grassland,3,3,Figure 3,SE,t C ha-1,Done,"64,05","11,50 SE","19,92",64.05,19.92,"63,59","0,91 SE","1,58",63.59,1.58,NA,NA,YES,"-0,007168489479","0,0324396623",YES,"-0,01429738562",NA,NA,NA,261,103,1962,Tropical Moist,10,20,TRUE,"(5,10]",-85.1540277777778,10.4768888888889,Pasture,SilvoPasture,1,A:<0/+1,Randomized Designs,Grassland,"[0,15)",FALSE,FALSE,-0.10222222222222083,4.440569421833585,19.718656790123458
327,19,327,2008,"Andrade, Hernan J.; Brook, Robert; Ibrahim, Muhammad",English,Article,10.1007/s11104-008-9600-x,http://dx.doi.org/10.1007/s11104-008-9600-x,"Error bars correspond to standard error of mean in the graphs. The samplings are made in 2005, so the SAF was 4 years old. The biomass data is given as carbon stock, for the trees and the grass.The error bar for the biomass is for the total carbon produced in the biomass, so the error bar just for the aboveground biomass isnt available",LMP,Grassland,Full sun,NA,Hyparrhenia rufa,1,0,1,0,Grassland,SilvoPasture,Pasture,NA,"Brachiaria brizantha,Pithecellobium saman",2,1,1,1,"1111,111111",NA,NA,NA,Costa Rica,10°28′36.8′′N,85°9′14.5′′W,10.4768888888889,-85.1540277777778,50,1500,28,NA,Cambisols,20,40,20,117,44,117,44,RCBD,4.5,Pastures which had been grazed over the previous 20 years,grassland,grassland,3,3,Figure 3,SE,t C ha-1,Done,"28,81","6,9 SE","11,95",28.81,11.95,"30,32","11,14202059 SE","19,30",30.32,19.3,NA,NA,YES,"0,05113522148","0,1924526024",YES,"0,04722726638",NA,NA,NA,261,103,1962,Tropical Moist,30,20,FALSE,"(25,50]",-85.1540277777778,10.4768888888889,Pasture,SilvoPasture,1,A:<0/+1,Randomized Designs,Grassland,"[30,45)",FALSE,FALSE,0.3355555555555559,5.044456681336112,25.446543209876545
328,19,328,2008,"Andrade, Hernan J.; Brook, Robert; Ibrahim, Muhammad",English,Article,10.1007/s11104-008-9600-x,http://dx.doi.org/10.1007/s11104-008-9600-x,"Error bars correspond to standard error of mean in the graphs. The samplings are made in 2005, so the SAF was 4 years old. The biomass data is given as carbon stock, for the trees and the grass.The error bar for the biomass is for the total carbon produced in the biomass, so the error bar just for the aboveground biomass isnt available",LMP,Grassland,Full sun,NA,Hyparrhenia rufa,1,0,1,0,Grassland,SilvoPasture,Pasture,NA,"Brachiaria brizantha,Dalbergia retusa",2,1,1,1,"1111,111111",NA,NA,NA,Costa Rica,10°28′36.8′′N,85°9′14.5′′W,10.4768888888889,-85.1540277777778,50,1500,28,NA,Cambisols,20,40,20,117,44,117,44,RCBD,4.5,Pastures which had been grazed over the previous 20 years,grassland,grassland,3,3,Figure 3,SE,t C ha-1,Done,"28,81","6,9 SE","11,95",28.81,11.95,"26,14","7,704588707 SE","13,34",26.14,13.34,NA,NA,YES,"-0,09701394008","0,1442395861",YES,"-0,08322611268",NA,NA,NA,261,103,1962,Tropical Moist,30,20,FALSE,"(25,50]",-85.1540277777778,10.4768888888889,Pasture,SilvoPasture,1,A:<0/+1,Randomized Designs,Grassland,"[30,45)",FALSE,FALSE,-0.5933333333333329,3.979937960928475,15.839906172839507
329,19,329,2008,"Andrade, Hernan J.; Brook, Robert; Ibrahim, Muhammad",English,Article,10.1007/s11104-008-9600-x,http://dx.doi.org/10.1007/s11104-008-9600-x,"Error bars correspond to standard error of mean in the graphs. The samplings are made in 2005, so the SAF was 4 years old. The biomass data is given as carbon stock, for the trees and the grass.The error bar for the biomass is for the total carbon produced in the biomass, so the error bar just for the aboveground biomass isnt available",LMP,Grassland,Full sun,NA,Hyparrhenia rufa,1,0,1,0,Grassland,SilvoPasture,Pasture,NA,"Brachiaria brizantha,Diphysa robinioides",2,1,1,1,"1111,111111",NA,NA,NA,Costa Rica,10°28′36.8′′N,85°9′14.5′′W,10.4768888888889,-85.1540277777778,50,1500,28,NA,Cambisols,20,40,20,117,44,117,44,RCBD,4.5,Pastures which had been grazed over the previous 20 years,grassland,grassland,3,3,Figure 3,SE,t C ha-1,Done,"28,81","6,9 SE","11,95",28.81,11.95,"33,40","5,689542431 SE","9,85",33.4,9.85,NA,NA,YES,"0,1478808571","0,08640375852",YES,"0,1434633654",NA,NA,NA,261,103,1962,Tropical Moist,30,20,FALSE,"(25,50]",-85.1540277777778,10.4768888888889,Pasture,SilvoPasture,1,A:<0/+1,Randomized Designs,Grassland,"[30,45)",FALSE,FALSE,1.02,3.441396500919824,11.843209876543208
330,19,330,2008,"Andrade, Hernan J.; Brook, Robert; Ibrahim, Muhammad",English,Article,10.1007/s11104-008-9600-x,http://dx.doi.org/10.1007/s11104-008-9600-x,"Error bars correspond to standard error of mean in the graphs. The samplings are made in 2005, so the SAF was 4 years old. The biomass data is given as carbon stock, for the trees and the grass.The error bar for the biomass is for the total carbon produced in the biomass, so the error bar just for the aboveground biomass isnt available",LMP,Grassland,Full sun,NA,Hyparrhenia rufa,1,0,1,0,Grassland,SilvoPasture,Pasture,NA,"Hyparrhenia rufa,Pithecellobium saman",2,1,1,1,"1111,111111",NA,NA,NA,Costa Rica,10°28′36.8′′N,85°9′14.5′′W,10.4768888888889,-85.1540277777778,50,1500,28,NA,Cambisols,20,40,20,117,44,117,44,RCBD,4.5,Pastures which had been grazed over the previous 20 years,grassland,grassland,3,3,Figure 3,SE,t C ha-1,Done,"28,81","6,9 SE","11,95",28.81,11.95,"24,36","4,50422109 SE","7,80",24.36,7.8,NA,NA,YES,"-0,1675038176","0,09156059294",YES,"-0,1388291921",NA,NA,NA,261,103,1962,Tropical Moist,30,20,FALSE,"(25,50]",-85.1540277777778,10.4768888888889,Pasture,SilvoPasture,1,A:<0/+1,Randomized Designs,Grassland,"[30,45)",FALSE,FALSE,-0.9888888888888887,3.1711858591205937,10.056419753086418
331,19,331,2008,"Andrade, Hernan J.; Brook, Robert; Ibrahim, Muhammad",English,Article,10.1007/s11104-008-9600-x,http://dx.doi.org/10.1007/s11104-008-9600-x,"Error bars correspond to standard error of mean in the graphs. The samplings are made in 2005, so the SAF was 4 years old. The biomass data is given as carbon stock, for the trees and the grass.The error bar for the biomass is for the total carbon produced in the biomass, so the error bar just for the aboveground biomass isnt available",LMP,Grassland,Full sun,NA,Hyparrhenia rufa,1,0,1,0,Grassland,SilvoPasture,Pasture,NA,"Hyparrhenia rufa,Dalbergia retusa",2,1,1,1,"1111,111111",NA,NA,NA,Costa Rica,10°28′36.8′′N,85°9′14.5′′W,10.4768888888889,-85.1540277777778,50,1500,28,NA,Cambisols,20,40,20,117,44,117,44,RCBD,4.5,Pastures which had been grazed over the previous 20 years,grassland,grassland,3,3,Figure 3,SE,t C ha-1,Done,"28,81","6,9 SE","11,95",28.81,11.95,"28,06","6,87486377 SE","11,91",28.06,11.91,NA,NA,YES,"-0,0262773888","0,1174149957",YES,"-0,023345873",NA,NA,NA,261,103,1962,Tropical Moist,30,20,FALSE,"(25,50]",-85.1540277777778,10.4768888888889,Pasture,SilvoPasture,1,A:<0/+1,Randomized Designs,Grassland,"[30,45)",FALSE,FALSE,-0.16666666666666666,3.7492425572489196,14.056819753086419
332,19,332,2008,"Andrade, Hernan J.; Brook, Robert; Ibrahim, Muhammad",English,Article,10.1007/s11104-008-9600-x,http://dx.doi.org/10.1007/s11104-008-9600-x,"Error bars correspond to standard error of mean in the graphs. The samplings are made in 2005, so the SAF was 4 years old. The biomass data is given as carbon stock, for the trees and the grass.The error bar for the biomass is for the total carbon produced in the biomass, so the error bar just for the aboveground biomass isnt available",LMP,Grassland,Full sun,NA,Hyparrhenia rufa,1,0,1,0,Grassland,SilvoPasture,Pasture,NA,"Hyparrhenia rufa,Diphysa robinioides",2,1,1,1,"1111,111111",NA,NA,NA,Costa Rica,10°28′36.8′′N,85°9′14.5′′W,10.4768888888889,-85.1540277777778,50,1500,28,NA,Cambisols,20,40,20,117,44,117,44,RCBD,4.5,Pastures which had been grazed over the previous 20 years,grassland,grassland,3,3,Figure 3,SE,t C ha-1,Done,"28,81","6,9 SE","11,95",28.81,11.95,"24,70","5,689542431 SE","9,85",24.7,9.85,NA,NA,YES,"-0,1535565904","0,1104175698",YES,"-0,1281362924",NA,NA,NA,261,103,1962,Tropical Moist,30,20,FALSE,"(25,50]",-85.1540277777778,10.4768888888889,Pasture,SilvoPasture,1,A:<0/+1,Randomized Designs,Grassland,"[30,45)",FALSE,FALSE,-0.9133333333333332,3.441396500919824,11.843209876543208
333,19,333,2008,"Andrade, Hernan J.; Brook, Robert; Ibrahim, Muhammad",English,Article,10.1007/s11104-008-9600-x,http://dx.doi.org/10.1007/s11104-008-9600-x,"Error bars correspond to standard error of mean in the graphs. The samplings are made in 2005, so the SAF was 4 years old. The biomass data is given as carbon stock, for the trees and the grass.The error bar for the biomass is for the total carbon produced in the biomass, so the error bar just for the aboveground biomass isnt available",LMP,Grassland,Full sun,NA,Hyparrhenia rufa,1,0,1,0,Grassland,SilvoPasture,Pasture,NA,"Brachiaria brizantha,Pithecellobium saman",2,1,1,1,"1111,111111",NA,NA,NA,Costa Rica,10°28′36.8′′N,85°9′14.5′′W,10.4768888888889,-85.1540277777778,50,1500,28,NA,Cambisols,40,60,20,117,44,117,44,RCBD,4.5,Pastures which had been grazed over the previous 20 years,grassland,grassland,3,3,Figure 3,SE,t C ha-1,Done,"19,51","7,46 SE","12,92",19.51,12.92,"25,05","3,437431885 SE","5,95",25.05,5.95,NA,NA,YES,"0,2498800252","0,165054807",YES,"0,1730639726",NA,NA,NA,261,103,1962,Tropical Moist,50,20,FALSE,"(25,50]",-85.1540277777778,10.4768888888889,Pasture,SilvoPasture,1,A:<0/+1,Randomized Designs,Grassland,"[45,55)",FALSE,FALSE,1.2311111111111108,3.1609414131369076,9.99155061728395
334,19,334,2008,"Andrade, Hernan J.; Brook, Robert; Ibrahim, Muhammad",English,Article,10.1007/s11104-008-9600-x,http://dx.doi.org/10.1007/s11104-008-9600-x,"Error bars correspond to standard error of mean in the graphs. The samplings are made in 2005, so the SAF was 4 years old. The biomass data is given as carbon stock, for the trees and the grass.The error bar for the biomass is for the total carbon produced in the biomass, so the error bar just for the aboveground biomass isnt available",LMP,Grassland,Full sun,NA,Hyparrhenia rufa,1,0,1,0,Grassland,SilvoPasture,Pasture,NA,"Brachiaria brizantha,Dalbergia retusa",2,1,1,1,"1111,111111",NA,NA,NA,Costa Rica,10°28′36.8′′N,85°9′14.5′′W,10.4768888888889,-85.1540277777778,50,1500,28,NA,Cambisols,40,60,20,117,44,117,44,RCBD,4.5,Pastures which had been grazed over the previous 20 years,grassland,grassland,3,3,Figure 3,SE,t C ha-1,Done,"19,51","7,46 SE","12,92",19.51,12.92,"23,54","3,674496153 SE","6,36",23.54,6.36,NA,NA,YES,"0,1878883491","0,1705830956",YES,"0,1260152129",NA,NA,NA,261,103,1962,Tropical Moist,50,20,FALSE,"(25,50]",-85.1540277777778,10.4768888888889,Pasture,SilvoPasture,1,A:<0/+1,Randomized Designs,Grassland,"[45,55)",FALSE,FALSE,0.895555555555555,3.2001234544087187,10.24079012345679
335,19,335,2008,"Andrade, Hernan J.; Brook, Robert; Ibrahim, Muhammad",English,Article,10.1007/s11104-008-9600-x,http://dx.doi.org/10.1007/s11104-008-9600-x,"Error bars correspond to standard error of mean in the graphs. The samplings are made in 2005, so the SAF was 4 years old. The biomass data is given as carbon stock, for the trees and the grass.The error bar for the biomass is for the total carbon produced in the biomass, so the error bar just for the aboveground biomass isnt available",LMP,Grassland,Full sun,NA,Hyparrhenia rufa,1,0,1,0,Grassland,SilvoPasture,Pasture,NA,"Brachiaria brizantha,Diphysa robinioides",2,1,1,1,"1111,111111",NA,NA,NA,Costa Rica,10°28′36.8′′N,85°9′14.5′′W,10.4768888888889,-85.1540277777778,50,1500,28,NA,Cambisols,40,60,20,117,44,117,44,RCBD,4.5,Pastures which had been grazed over the previous 20 years,grassland,grassland,3,3,Figure 3,SE,t C ha-1,Done,"19,51","7,46 SE","12,92",19.51,12.92,"23,88","3,437431885 SE","5,95",23.88,5.95,NA,NA,YES,"0,202318614","0,16693438",YES,"0,1367081129",NA,NA,NA,261,103,1962,Tropical Moist,50,20,FALSE,"(25,50]",-85.1540277777778,10.4768888888889,Pasture,SilvoPasture,1,A:<0/+1,Randomized Designs,Grassland,"[45,55)",FALSE,FALSE,0.9711111111111106,3.1609414131369076,9.99155061728395
336,19,336,2008,"Andrade, Hernan J.; Brook, Robert; Ibrahim, Muhammad",English,Article,10.1007/s11104-008-9600-x,http://dx.doi.org/10.1007/s11104-008-9600-x,"Error bars correspond to standard error of mean in the graphs. The samplings are made in 2005, so the SAF was 4 years old. The biomass data is given as carbon stock, for the trees and the grass.The error bar for the biomass is for the total carbon produced in the biomass, so the error bar just for the aboveground biomass isnt available",LMP,Grassland,Full sun,NA,Hyparrhenia rufa,1,0,1,0,Grassland,SilvoPasture,Pasture,NA,"Hyparrhenia rufa,Pithecellobium saman",2,1,1,1,"1111,111111",NA,NA,NA,Costa Rica,10°28′36.8′′N,85°9′14.5′′W,10.4768888888889,-85.1540277777778,50,1500,28,NA,Cambisols,40,60,20,117,44,117,44,RCBD,4.5,Pastures which had been grazed over the previous 20 years,grassland,grassland,3,3,Figure 3,SE,t C ha-1,Done,"19,51","7,46 SE","12,92",19.51,12.92,"17,25","3,793028286 SE","6,57",17.25,6.57,NA,NA,YES,"-0,1233242209","0,1945951698",YES,"-0,07073414552",NA,NA,NA,261,103,1962,Tropical Moist,50,20,FALSE,"(25,50]",-85.1540277777778,10.4768888888889,Pasture,SilvoPasture,1,A:<0/+1,Randomized Designs,Grassland,"[45,55)",FALSE,FALSE,-0.5022222222222226,3.2210059007002267,10.374879012345678
337,19,337,2008,"Andrade, Hernan J.; Brook, Robert; Ibrahim, Muhammad",English,Article,10.1007/s11104-008-9600-x,http://dx.doi.org/10.1007/s11104-008-9600-x,"Error bars correspond to standard error of mean in the graphs. The samplings are made in 2005, so the SAF was 4 years old. The biomass data is given as carbon stock, for the trees and the grass.The error bar for the biomass is for the total carbon produced in the biomass, so the error bar just for the aboveground biomass isnt available",LMP,Grassland,Full sun,NA,Hyparrhenia rufa,1,0,1,0,Grassland,SilvoPasture,Pasture,NA,"Hyparrhenia rufa,Dalbergia retusa",2,1,1,1,"1111,111111",NA,NA,NA,Costa Rica,10°28′36.8′′N,85°9′14.5′′W,10.4768888888889,-85.1540277777778,50,1500,28,NA,Cambisols,40,60,20,117,44,117,44,RCBD,4.5,Pastures which had been grazed over the previous 20 years,grassland,grassland,3,3,Figure 3,SE,t C ha-1,Done,"19,51","7,46 SE","12,92",19.51,12.92,"23,75","4,385688957 SE","7,60",23.75,7.6,NA,NA,YES,"0,1965714717","0,1803290103",YES,"0,1324309529",NA,NA,NA,261,103,1962,Tropical Moist,50,20,FALSE,"(25,50]",-85.1540277777778,10.4768888888889,Pasture,SilvoPasture,1,A:<0/+1,Randomized Designs,Grassland,"[45,55)",FALSE,FALSE,0.9422222222222219,3.3310095603822614,11.095624691358026
338,19,338,2008,"Andrade, Hernan J.; Brook, Robert; Ibrahim, Muhammad",English,Article,10.1007/s11104-008-9600-x,http://dx.doi.org/10.1007/s11104-008-9600-x,"Error bars correspond to standard error of mean in the graphs. The samplings are made in 2005, so the SAF was 4 years old. The biomass data is given as carbon stock, for the trees and the grass.The error bar for the biomass is for the total carbon produced in the biomass, so the error bar just for the aboveground biomass isnt available",LMP,Grassland,Full sun,NA,Hyparrhenia rufa,1,0,1,0,Grassland,SilvoPasture,Pasture,NA,"Hyparrhenia rufa,Diphysa robinioides",2,1,1,1,"1111,111111",NA,NA,NA,Costa Rica,10°28′36.8′′N,85°9′14.5′′W,10.4768888888889,-85.1540277777778,50,1500,28,NA,Cambisols,40,60,20,117,44,117,44,RCBD,4.5,Pastures which had been grazed over the previous 20 years,grassland,grassland,3,3,Figure 3,SE,t C ha-1,Done,"19,51","7,46 SE","12,92",19.51,12.92,"19,37","1,303853474 SE","2,26",19.37,2.26,NA,NA,YES,"-0,007306410348","0,150752722",YES,"-0,004438165833",NA,NA,NA,261,103,1962,Tropical Moist,50,20,FALSE,"(25,50]",-85.1540277777778,10.4768888888889,Pasture,SilvoPasture,1,A:<0/+1,Randomized Designs,Grassland,"[45,55)",FALSE,FALSE,-0.03111111111111124,2.9147051605333094,8.495506172839505
437,20,437,2012,"Hergoualc'h, Kristell; Blanchart, Eric; Skiba, Ute; Henault, Catherine; Harmand, Jean-Michel",English,Article,10.1016/j.agee.2011.11.018,http://dx.doi.org/10.1016/j.agee.2011.11.018,"The error bars in the graphs correspond to SE not to SD. For the biomass, we compare the biomass in I.densiflora and biomass in C.arabica. SOC data is Soil carbon content in %",LMP,Cropland,Full sun,NA,Coffea arabica,1,1,0,0,Cropland,Shaded perennial,Coffee,NA,"Coffea arabica,Inga densiflora",2,2,0,1,278,NO,NA,NA,Costa Rica,10°02'N,84°08'W,10.0333333333333,-84.1333333333333,1180,2300,21,NA,Cambisols,0,10,10,106,62,106,62,BACI,9,Land use for at least the previous 10 years was a coffee monoculture in the case of SAF and coffee associated with a small number of Eucalyptus trees inthe case of Control.,cropland,cropland,1,1,Fig 1,NA,%,Done,"3,44","0,054 SE","0,05",34.2,0.54,"3,71","0,115 SE","0,12",36.89,1.14,-0.5337622125,"0,02621388729",NO,not use redondant,not use redondant,NO,NO,NA,NA,0.55997609979,172,90,1663,Tropical Montane,5,10,TRUE,"(0,5]",-84.1333333333333,10.0333333333333,Cocoa/Coffee,Shaded perennial,1,A:<0/+1,Before-After Designs,Cropland,"[0,15)",FALSE,FALSE,0.55997609979,0.14015864027752425,0.019644444444444444
438,20,438,2012,"Hergoualc'h, Kristell; Blanchart, Eric; Skiba, Ute; Henault, Catherine; Harmand, Jean-Michel",English,Article,10.1016/j.agee.2011.11.018,http://dx.doi.org/10.1016/j.agee.2011.11.018,"The error bars in the graphs correspond to SE not to SD. For the biomass, we compare the biomass in I.densiflora and biomass in C.arabica. SOC data is Soil carbon content in %",LMP,Cropland,Full sun,NA,Coffea arabica,1,1,0,0,Cropland,Shaded perennial,Coffee,NA,"Coffea arabica,Inga densiflora",2,2,0,1,278,NO,NA,NA,Costa Rica,10°02'N,84°08'W,10.0333333333333,-84.1333333333333,1180,2300,21,NA,Cambisols,10,20,10,106,62,106,62,BACI,9,Land use for at least the previous 10 years was a coffee monoculture in the case of SAF and coffee associated with a small number of Eucalyptus trees inthe case of Control.,cropland,cropland,1,1,Fig 1,NA,%,Done,"3,14","0,054 SE","0,05",31.22,0.54,"3,15","0,146 SE","0,15",31.32,1.45,-0.1304249475,"0,924414798",NO,not use redondant,not use redondant,NO,NO,NA,NA,1.0548397455,172,90,1663,Tropical Montane,15,10,FALSE,"(10,15]",-84.1333333333333,10.0333333333333,Cocoa/Coffee,Shaded perennial,1,A:<0/+1,Before-After Designs,Cropland,"[15,30)",FALSE,FALSE,1.0548397455,0.17192088332560646,0.029556790123456786
439,20,439,2012,"Hergoualc'h, Kristell; Blanchart, Eric; Skiba, Ute; Henault, Catherine; Harmand, Jean-Michel",English,Article,10.1016/j.agee.2011.11.018,http://dx.doi.org/10.1016/j.agee.2011.11.018,"The error bars in the graphs correspond to SE not to SD. For the biomass, we compare the biomass in I.densiflora and biomass in C.arabica. SOC data is Soil carbon content in %",LMP,Cropland,Full sun,NA,Coffea arabica,1,1,0,0,Cropland,Shaded perennial,Coffee,NA,"Coffea arabica,Inga densiflora",2,2,0,1,278,NO,NA,NA,Costa Rica,10°02'N,84°08'W,10.0333333333333,-84.1333333333333,1180,2300,21,NA,Cambisols,20,30,10,106,62,106,62,BACI,9,Land use for at least the previous 10 years was a coffee monoculture in the case of SAF and coffee associated with a small number of Eucalyptus trees inthe case of Control.,cropland,cropland,1,1,Fig 1,NA,%,Done,"2,89","0,062 SE","0,06",28.73,0.62,"2,75","0,09 SE","0,09",27.34,0.89,0.03267872568,"0,8343406495",NO,not use redondant,not use redondant,NO,NO,NA,NA,0.80166192382,172,90,1663,Tropical Montane,25,10,FALSE,"(15,25]",-84.1333333333333,10.0333333333333,Cocoa/Coffee,Shaded perennial,1,A:<0/+1,Before-After Designs,Cropland,"[15,30)",FALSE,FALSE,0.80166192382,0.1205184274624619,0.01452469135802469
440,20,440,2012,"Hergoualc'h, Kristell; Blanchart, Eric; Skiba, Ute; Henault, Catherine; Harmand, Jean-Michel",English,Article,10.1016/j.agee.2011.11.018,http://dx.doi.org/10.1016/j.agee.2011.11.018,"The error bars in the graphs correspond to SE not to SD. For the biomass, we compare the biomass in I.densiflora and biomass in C.arabica. SOC data is Soil carbon content in %",LMP,Cropland,Full sun,NA,Coffea arabica,1,1,0,0,Cropland,Shaded perennial,Coffee,NA,"Coffea arabica,Inga densiflora",2,2,0,1,278,NO,NA,NA,Costa Rica,10°02'N,84°08'W,10.0333333333333,-84.1333333333333,1180,2300,21,NA,Cambisols,30,40,10,106,62,106,62,BACI,9,Land use for at least the previous 10 years was a coffee monoculture in the case of SAF and coffee associated with a small number of Eucalyptus trees inthe case of Control.,cropland,cropland,1,1,Fig 1,NA,%,Done,"2,61","0,077 SE","0,08",25.95,0.77,"2,73","0,09 SE","0,09",27.14,0.89,0.3573202798,"1,322357756",NO,not use redondant,not use redondant,NO,NO,NA,NA,0.9650374762,172,90,1663,Tropical Montane,35,10,FALSE,"(25,50]",-84.1333333333333,10.0333333333333,Cocoa/Coffee,Shaded perennial,1,A:<0/+1,Before-After Designs,Cropland,"[30,45)",FALSE,FALSE,0.9650374762,0.13076224773266468,0.01709876543209877
442,27,442,2010,"Fonte, Steven J.; Barrios, Edmundo; Six, Johan",English,Article,10.1016/j.geoderma.2009.12.016,http://dx.doi.org/10.1016/j.geoderma.2009.12.016,"Quesungual slash-and mulch agroforestry system (QSMAS). No information about the trees planted in this SAF. Error bars are standard error bars and not standard deviation. Here we compare the loss rate for the QSMAS and the SB systems with fertilizers. The QSMAS is 4 years old aged, whereas the SB is 2 years old aged.",LMP,Cropland,Full sun,NA,Slash and burn,3,3,0,0,Cropland,Other,"Beans, Maize",NA,"zea mays,Phaseolus vulgaris,Trees",3,1,2,1,NA,NO,NA,Ferti_T+ vs. Ferti_C+,Honduras,14°4′N,88°34′W,14.0666666666667,-88.5666666666667,400,1400,24.5,NA,Cambisols,0,15,15,122,112,122,112,BA,11,Forest,forest,forest,3,3,Fig 4,NA,‰ year-1 loss,Done,"-2,20","0,69","0,69",40.5,11.28,"-1,06","0,36","0,36",-17.29,5.89,-3.582962643,"-1,728842115",NO,NA,Not possible,NO,Not possible,NA,NA,1.8541205280000002,234,126,1842,Tropical Moist,7.5,15,TRUE,"(5,10]",-88.5666666666667,14.0666666666667,Beans/Maize,Other,0,A:<0/+1,Before-After Designs,Forest,"[0,15)",FALSE,FALSE,1.8541205280000002,1.156835595511014,1.3382685950413222
449,29,449,2009,"Geissen, Violette; Pena-Pena, Karina; Huerta, Esperanza",English,Article,"10,1016/j,pedobi,2009,03,004",http://dx.doi.org/10.1016/j.pedobi.2009.03.004,NA,LMP,Cropland,Full sun,NA,Musa acuminata,1,0,1,0,Cropland,Shaded perennial,Banana,NA,"Musa acuminata,Cedrela odorata",2,1,1,0,1200,NO,NA,NA,Mexico,17°34'N,92°53'W,17.5666666666667,-92.8833333333333,46,3862,25.4,NA,Luvisols,0,10,10,104,61,94,61,CI,12.6820185614849,Riparian primary forest,forest,forest,5,5,Table 1,NA,g 100 g-1,Done,"1,27","0,30","0,30",12.4,2.93,"2,19","0,77","0,77",19.33,6.8,NA,NA,YES,"0,4437885265","0,03588427744",YES,"0,2348454915","0,3297004068",NA,NA,258,114,1801,Tropical Wet,5,10,TRUE,"(0,5]",-92.8833333333333,17.5666666666667,Others,Shaded perennial,1,A:<0/+1,Control-Impact Designs,Forest,"[0,15)",FALSE,FALSE,0.5464429788051488,0.5838489985424745,0.34087965309905044
450,29,450,2009,"Geissen, Violette; Pena-Pena, Karina; Huerta, Esperanza",English,Article,"10,1016/j,pedobi,2009,03,004",http://dx.doi.org/10.1016/j.pedobi.2009.03.004,NA,LMP,Cropland,Full sun,NA,Musa acuminata,1,0,1,0,Cropland,Shaded perennial,Banana,NA,"Musa acuminata,Cedrela odorata",2,1,1,0,1200,NO,NA,NA,Mexico,17°34'N,92°53'W,17.5666666666667,-92.8833333333333,46,3862,25.4,NA,Luvisols,0,10,10,109,61,94,61,CI,12.6820185614849,Riparian primary forest,forest,forest,5,5,Table 1,NA,g 100 g-1,Done,"1,75","0,87","0,87",17.91,8.9,"2,19","0,77","0,77",19.33,6.8,NA,NA,YES,"0,07623265593","0,07415445921",YES,"0,04809589831","0,5322379322",NA,NA,258,114,1801,Tropical Wet,5,10,TRUE,"(0,5]",-92.8833333333333,17.5666666666667,Others,Shaded perennial,1,A:<0/+1,Control-Impact Designs,Forest,"[0,15)",FALSE,FALSE,0.1119695569846047,0.8831753687610991,0.7799987319863034
453,29,453,2009,"Geissen, Violette; Pena-Pena, Karina; Huerta, Esperanza",English,Article,"10,1016/j,pedobi,2009,03,004",http://dx.doi.org/10.1016/j.pedobi.2009.03.004,NA,LMP,Cropland,Full sun,NA,Musa acuminata,1,0,1,0,Cropland,Shaded perennial,Banana,NA,"Musa acuminata,Cedrela odorata",2,1,1,0,1200,NO,NA,NA,Mexico,17°34'N,92°53'W,17.5666666666667,-92.8833333333333,46,3862,25.4,NA,Luvisols,0,10,10,104,61,108,61,CI,12.6820185614849,Riparian primary forest,forest,forest,5,5,Table 1,NA,g 100 g-1,Done,"1,27","0,30","0,30",12.4,2.93,"1,27","0,26","0,26",12.88,2.64,NA,NA,YES,"0,03774032798","0,01954243908",YES,"0,01616989831","0,1886912542",NA,NA,258,114,1801,Tropical Wet,5,10,TRUE,"(0,5]",-92.8833333333333,17.5666666666667,Others,Shaded perennial,1,A:<0/+1,Control-Impact Designs,Forest,"[0,15)",FALSE,FALSE,0.03784886433282421,0.3109851441433935,0.09671175987788724
454,29,454,2009,"Geissen, Violette; Pena-Pena, Karina; Huerta, Esperanza",English,Article,"10,1016/j,pedobi,2009,03,004",http://dx.doi.org/10.1016/j.pedobi.2009.03.004,NA,LMP,Cropland,Full sun,NA,Musa acuminata,1,0,1,0,Cropland,Shaded perennial,Banana,NA,"Musa acuminata,Cedrela odorata",2,1,1,0,1200,NO,NA,NA,Mexico,17°34'N,92°53'W,17.5666666666667,-92.8833333333333,46,3862,25.4,NA,Luvisols,0,10,10,109,61,108,61,CI,12.6820185614849,Riparian primary forest,forest,forest,5,5,Table 1,NA,g 100 g-1,Done,"1,75","0,87","0,87",17.91,8.9,"1,27","0,26","0,26",12.88,2.64,NA,NA,YES,"-0,3298155426","0,05781262085",YES,"-0,1705796949","0,3912287797",NA,NA,258,114,1801,Tropical Wet,5,10,TRUE,"(0,5]",-92.8833333333333,17.5666666666667,Others,Shaded perennial,1,A:<0/+1,Control-Impact Designs,Forest,"[0,15)",FALSE,FALSE,-0.39662455748771996,0.7320046712727591,0.5358308387651401
460,31,460,2002,"McDonald, MA; Healey, JR; Stevens, PA",English,Article,10.1016/S0167-8809(01)00286-9,http://dx.doi.org/10.1016/S0167-8809(01)00286-9,"Here we compare a SAF system to an agricultural system. Here the measure was taken under the hedgerow. The SOC measure is OM in g kg-1. So we divide the data by 1,72",LMP,Cropland,Full sun,NA,"Allium ascalonicum,Thymus vulgaris,Daucus carota,Solanum tuberosum,Beta vulgaris,Brassica oleracea,Capsicum annuum,Cucumis sativus",8,0,8,0,Cropland,Hedgerow,Others,NA,"Allium ascalonicum,Thymus vulgaris,Daucus carota,Solanum tuberosum,Beta vulgaris,Brassica oleracea,Capsicum annuum,Cucumis sativus,Calliandra calothyrsus",9,1,8,1,NA,NA,NA,NA,Jamaica,18°N,76°W,18,-76,1300,2180,16.1,NA,Cambisols,0,10,10,119,0,118,0,BACI,5,Secondary Forest,forest,forest,4,4,Fig 2,OM -SD to estimate,g C kg-1,Done,"76,16",NA,NA,90.63,19.5612117657944,"70,59",NA,NA,83.3,14.463144935549641,NA,"-1,466790698",YES,"-0,08438058214",0,NO,NA,NA,NA,-1.466790698,NA,NA,1713,Warm Temperate Moist,5,10,TRUE,"(0,5]",-76,18,Others,Alley/Hedgerow,1,A:<0/+1,Before-After Designs,Forest,"[0,15)",TRUE,TRUE,-1.466790698,4.86548483575057,23.67294268691875
461,33,461,2002,"Henriksen, I; Michelsen, A; Schlonvoigt, A",English,Article,10.1023/A:1015803618199,http://dx.doi.org/10.1023/A:1015803618199,"Here, the treatment and the control differ in their tillage treatment. The measures were taken in 1997 but only in 1994 the experimental SAF plots were split into two types of tillage management. The measures of carbon are a percentage of SOM in the soil. We did the conversion to carbon percentage by /1,72. They measured the SOM before sawing beans, two times during the bean grow of bean, and one sample was realized after the bean's harvest. Only the sample 2 (first sample made first sample made during the bean crop) is presented here. Here we present SAF with no tillage compared to the same SAF with tillage. No SD error here, it is SE, but too small to be quantified with Web plotdigitizer. The biomass is defined as the weight of the tree prunings applied to the soil, so no biomass data on the entire SAF tree has been made here.",LMP,Cropland,Full sun,NA,Phaseolus vulgaris,1,0,1,1,Cropland,Alley cropping,Beans,no till,"Phaseolus vulgaris,Erythrina poeppigiana",2,1,1,2,NA,NO,NA,NA,Costa Rica,9°53'N,83°43'W,9.88333333333333,-83.716667,602,2640,22,NA,Andosols,0,10,10,107,27,107,27,RCBD,7,cropland at least the 4 previous years,cropland,cropland,3,3,Fig 3,OM - sd to be estimated,%,Done,"10,19",NA,NA,106.07,29.24902934412359,"10,47",NA,NA,109.04,22.708597149667952,NA,NA,YES,"0,02761516703",0,YES,"0,4242732558",0,NA,NA,NA,NA,1713,Tropical Wet,5,10,TRUE,"(0,5]",-83.716667,9.88333333333333,Beans/Maize,Alley/Hedgerow,1,A:<0/+1,Randomized Designs,Cropland,"[0,15)",TRUE,TRUE,0.42428571428571615,5.289932876545152,27.98338983835327
462,33,462,2002,"Henriksen, I; Michelsen, A; Schlonvoigt, A",English,Article,10.1023/A:1015803618199,http://dx.doi.org/10.1023/A:1015803618199,"Here, the treatment and the control differ in their tillage treatment. The measures were taken in 1997 but only in 1994 the experimental SAF plots were split into two types of tillage management. The measures of carbon are a percentage of SOM in the soil. We did the conversion to carbon percentage by /1,72. They measured the SOM before sawing beans, two times during the bean grow of bean, and one sample was realized after the bean's harvest. Only the sample 2 (first sample made first sample made during the bean crop) is presented here. Here we present SAF with no tillage compared to the same SAF with tillage. No SD error here, it is SE, but too small to be quantified with Web plotdigitizer. The biomass is defined as the weight of the tree prunings applied to the soil, so no biomass data on the entire SAF tree has been made here.",LMP,Cropland,Full sun,NA,Phaseolus vulgaris,1,0,1,1,Cropland,Alley cropping,Beans,no till,"Phaseolus vulgaris,Calliandra calothyrsus",2,1,1,2,NA,NO,NA,NA,Costa Rica,9°53'N,83°43'W,9.88333333333333,-83.716667,602,2640,22,NA,Andosols,0,10,10,107,27,107,27,RCBD,7,cropland at least the 4 previous years,cropland,cropland,3,3,Fig 3,OM - sd to be estimated,%,Done,"10,19",NA,NA,106.07,29.24902934412359,"10,39",NA,NA,108.19,22.53157672067659,NA,NA,YES,"0,0198026273",0,YES,"0,3030523256",NA,NA,NA,NA,NA,1713,Tropical Wet,5,10,TRUE,"(0,5]",-83.716667,9.88333333333333,Beans/Maize,Alley/Hedgerow,1,A:<0/+1,Randomized Designs,Cropland,"[0,15)",TRUE,TRUE,0.3028571428571435,5.274462284409273,27.819952389655885
463,33,463,2002,"Henriksen, I; Michelsen, A; Schlonvoigt, A",English,Article,10.1023/A:1015803618199,http://dx.doi.org/10.1023/A:1015803618199,"Here, the treatment and the control differ in their tillage treatment. The measures were taken in 1997 but only in 1994 the experimental SAF plots were split into two types of tillage management. The measures of carbon are a percentage of SOM in the soil. We did the conversion to carbon percentage by /1,72. They measured the SOM before sawing beans, two times during the bean grow of bean, and one sample was realized after the bean's harvest. Only the sample 2 (first sample made first sample made during the bean crop) is presented here. Here we present SAF with no tillage compared to the same SAF with tillage. No SD error here, it is SE, but too small to be quantified with Web plotdigitizer. The biomass is defined as the weight of the tree prunings applied to the soil, so no biomass data on the entire SAF tree has been made here.",LMP,Cropland,Full sun,NA,Phaseolus vulgaris,1,0,1,1,Cropland,Alley cropping,Beans,no till,"Phaseolus vulgaris,Erythrina poeppigiana",2,1,1,2,NA,NO,NA,NA,Costa Rica,9°53'N,83°43'W,9.88333333333333,-83.716667,602,2640,22,NA,Andosols,0,10,10,107,27,107,27,RCBD,7,cropland at least the 4 previous years,cropland,cropland,3,3,Fig 3,OM - sd to be estimated,%,Done,"10,19",NA,NA,106.07,29.24902934412359,"10,39",NA,NA,108.19,22.53157672067659,NA,NA,YES,"0,0198026273",0,YES,"0,3030523256",NA,NA,NA,NA,NA,1713,Tropical Wet,5,10,TRUE,"(0,5]",-83.716667,9.88333333333333,Beans/Maize,Alley/Hedgerow,1,A:<0/+1,Randomized Designs,Cropland,"[0,15)",TRUE,TRUE,0.3028571428571435,5.274462284409273,27.819952389655885
464,33,464,2002,"Henriksen, I; Michelsen, A; Schlonvoigt, A",English,Article,10.1023/A:1015803618199,http://dx.doi.org/10.1023/A:1015803618199,"Here, the treatment is the SAF and the control is the Sole crop system. They measured the SOM before sawing beans, two times during the bean grow of bean, and one sample was realized after the bean's harvest. Only the sample 2 (first sample made during the bean crop) is presented here. No SD error here, it is SE,but too small to be quantified with Web plotdigitizer. The biomass is defined as the weight of the tree prunings applied to the soil, so no biomass data on the entire SAF tree has been made here. We did the conversion to carbon percentage by /1,72 for the SOC data",LMP,Cropland,Full sun,NA,Phaseolus vulgaris,1,0,1,1,Cropland,Alley cropping,Beans,till,"Phaseolus vulgaris,Erythrina poeppigiana",2,1,1,2,NA,NO,NA,NA,Costa Rica,9°53'N,83°43'W,9.88333333333333,-83.716667,602,2640,22,NA,Andosols,0,10,10,107,27,107,27,RCBD,7,cropland at least the 4 previous years,cropland,cropland,3,3,Fig 3,OM - sd to be estimated,%,Done,"10,02",NA,NA,104.37,28.780250708458368,"10,02",NA,NA,104.37,21.736026086856604,NA,NA,YES,0,0,YES,0,NA,NA,NA,NA,NA,1713,Tropical Wet,5,10,TRUE,"(0,5]",-83.716667,9.88333333333333,Beans/Maize,Alley/Hedgerow,1,A:<0/+1,Randomized Designs,Cropland,"[0,15)",TRUE,TRUE,0,5.1522882986150425,26.54607471204549
465,33,465,2002,"Henriksen, I; Michelsen, A; Schlonvoigt, A",English,Article,10.1023/A:1015803618199,http://dx.doi.org/10.1023/A:1015803618199,"Here, the treatment is the SAF and the control is the Sole crop system. They measured the SOM before sawing beans, two times during the bean grow of bean, and one sample was realized after the bean's harvest. Only the sample 2 (first sample made during the bean crop) is presented here. No SD error here, it is SE,but too small to be quantified with Web plotdigitizer. The biomass is defined as the weight of the tree prunings applied to the soil, so no biomass data on the entire SAF tree has been made here. We did the conversion to carbon percentage by /1,72 for the SOC data",LMP,Cropland,Full sun,NA,Phaseolus vulgaris,1,0,1,1,Cropland,Alley cropping,Beans,till,"Phaseolus vulgaris,Calliandra calothyrsus",2,1,1,2,NA,NO,NA,NA,Costa Rica,9°53'N,83°43'W,9.88333333333333,-83.716667,602,2640,22,NA,Andosols,0,10,10,107,27,107,27,RCBD,7,cropland at least the 4 previous years,cropland,cropland,3,3,Fig 3,OM - sd to be estimated,%,Done,"10,02",NA,NA,104.37,28.780250708458368,"10,07",NA,NA,104.8,21.82557759799341,NA,NA,YES,"0,004056800696",0,YES,"0,06061046512",NA,NA,NA,NA,NA,1713,Tropical Wet,5,10,TRUE,"(0,5]",-83.716667,9.88333333333333,Beans/Maize,Alley/Hedgerow,1,A:<0/+1,Randomized Designs,Cropland,"[0,15)",TRUE,TRUE,0.061428571428570375,5.160008440761468,26.625687108729593
466,33,466,2002,"Henriksen, I; Michelsen, A; Schlonvoigt, A",English,Article,10.1023/A:1015803618199,http://dx.doi.org/10.1023/A:1015803618199,"Here, the treatment is the SAF and the control is the Sole crop system. They measured the SOM before sawing beans, two times during the bean grow of bean, and one sample was realized after the bean's harvest. Only the sample 2 (first sample made during the bean crop) is presented here. No SD error here, it is SE,but too small to be quantified with Web plotdigitizer. The biomass is defined as the weight of the tree prunings applied to the soil, so no biomass data on the entire SAF tree has been made here. We did the conversion to carbon percentage by /1,72 for the SOC data",LMP,Cropland,Full sun,NA,Phaseolus vulgaris,1,0,1,1,Cropland,Alley cropping,Beans,till,"Phaseolus vulgaris,Gliricidia sepium",2,1,1,2,NA,NO,NA,NA,Costa Rica,9°53'N,83°43'W,9.88333333333333,-83.716667,602,2640,22,NA,Andosols,0,10,10,107,27,107,27,RCBD,7,cropland at least the 4 previous years,cropland,cropland,3,3,Fig 3,OM - sd to be estimated,%,Done,"10,02",NA,NA,104.37,28.780250708458368,"10,19",NA,NA,106.07,22.090066944839318,NA,NA,YES,"0,01612938193",0,YES,"0,2424418605",NA,NA,NA,NA,NA,1713,Tropical Wet,5,10,TRUE,"(0,5]",-83.716667,9.88333333333333,Beans/Maize,Alley/Hedgerow,1,A:<0/+1,Randomized Designs,Cropland,"[0,15)",TRUE,TRUE,0.24285714285714124,5.18292701258071,26.862732417738805
592,52,592,2021,"Luis Contreras-Santos, Jose; Martinez-Atencia, Judith; Raghavan, Bindu; Lopez-Rebolledo, Leonardo; Garrido-Pineda, Jeyson",Spanish,Article,10.15517/am.v32i3.43313,http://dx.doi.org/10.15517/am.v32i3.43313,"The tree density was initially 816 trees.ha-1, after 6 years of sawing the trees, in 2012, there was a clearing of 30% in the plantation (571 trees.ha-1 left). We didn't take the error bars, because no information was given about them, we don't know if they are SE or SD",LMP,Grassland,Full sun,NA,Megathyrsus maximus,1,0,1,0,Grassland,SilvoPasture,Pasture,NA,"Megathyrsus maximus,Tectona grandis",2,1,1,0,816,NA,NA,NA,Colombia,8°50'N,75°47'W,8.83333333333333,-75.7833333333333,15,1200,28,NA,Cambisols,0,25,25,134,95,134,95,RCBD,7,NA,forest,forest,3,3,Figure 4,NA,t C ha-1,Done,"34,52","1,08","1,08",34.52,1.08,"38,76","1,18","1,18",38.76,1.18,NA,NA,YES,"0,115898021","0,0006336959383",YES,"0,6059433529",NA,NA,NA,277,94,1733,Tropical Moist,12.5,25,TRUE,"(10,15]",-75.7833333333333,8.83333333333333,Pasture,SilvoPasture,1,A:<0/+1,Randomized Designs,Forest,"[0,15)",FALSE,FALSE,0.605714285714285,0.22851785086348353,0.0522204081632653
593,52,593,2021,"Luis Contreras-Santos, Jose; Martinez-Atencia, Judith; Raghavan, Bindu; Lopez-Rebolledo, Leonardo; Garrido-Pineda, Jeyson",Spanish,Article,10.15517/am.v32i3.43313,http://dx.doi.org/10.15517/am.v32i3.43313,"The tree density was initially 816 trees.ha-1, after 6 years of sawing the trees, in 2012, there was a clearing of 30% in the plantation (571 trees.ha-1 left). We didn't take the error bars, because no information was given about them, we don't know if they are SE or SD",LMP,Grassland,Full sun,NA,Megathyrsus maximus,1,0,1,0,Grassland,SilvoPasture,Pasture,NA,"Megathyrsus maximus,Tabebuia rosea",2,1,1,0,816,NA,NA,NA,Colombia,8°50'N,75°47'W,8.83333333333333,-75.7833333333333,15,1200,28,NA,Cambisols,0,25,25,134,95,134,95,RCBD,7,NA,forest,forest,3,3,Figure 4,NA,t C ha-1,Done,"34,52","1,08","1,08",34.52,1.08,"33,69","4,16","4,16",33.69,4.16,NA,NA,YES,"-0,02430426998","0,005408936339",YES,"-0,1184027243",NA,NA,NA,277,94,1733,Tropical Moist,12.5,25,TRUE,"(10,15]",-75.7833333333333,8.83333333333333,Pasture,SilvoPasture,1,A:<0/+1,Randomized Designs,Forest,"[0,15)",FALSE,FALSE,-0.11857142857142934,0.61398663815814,0.3769795918367348
594,52,594,2021,"Luis Contreras-Santos, Jose; Martinez-Atencia, Judith; Raghavan, Bindu; Lopez-Rebolledo, Leonardo; Garrido-Pineda, Jeyson",Spanish,Article,10.15517/am.v32i3.43313,http://dx.doi.org/10.15517/am.v32i3.43313,"The tree density was initially 816 trees.ha-1, after 6 years of sawing the trees, in 2012, there was a clearing of 30% in the plantation (571 trees.ha-1 left). We didn't take the error bars, because no information was given about them, we don't know if they are SE or SD",LMP,Grassland,Full sun,NA,Megathyrsus maximus,1,0,1,0,Grassland,SilvoPasture,Pasture,NA,"Megathyrsus maximus,Pachira quinata",2,1,1,0,816,NA,NA,NA,Colombia,8°50'N,75°47'W,8.83333333333333,-75.7833333333333,15,1200,28,NA,Andosols,0,25,25,134,95,134,95,RCBD,7,NA,forest,forest,3,3,Figure 4,NA,t C ha-1,Done,"34,52","1,08","1,08",34.52,1.08,"33,01","0,45","0,45",33.01,0.45,NA,NA,YES,"-0,04477282084","0,0003882748682",YES,"-0,21591085",NA,NA,NA,277,94,1733,Tropical Moist,12.5,25,TRUE,"(10,15]",-75.7833333333333,8.83333333333333,Pasture,SilvoPasture,1,A:<0/+1,Randomized Designs,Forest,"[0,15)",FALSE,FALSE,-0.21571428571428644,0.16714285714285712,0.027936734693877543
595,52,595,2021,"Luis Contreras-Santos, Jose; Martinez-Atencia, Judith; Raghavan, Bindu; Lopez-Rebolledo, Leonardo; Garrido-Pineda, Jeyson",Spanish,Article,10.15517/am.v32i3.43313,http://dx.doi.org/10.15517/am.v32i3.43313,"The tree density was initially 816 trees.ha-1, after 6 years of sawing the trees, in 2012, there was a clearing of 30% in the plantation (571 trees.ha-1 left). We didn't take the error bars, because no information was given about them, we don't know if they are SE or SD",LMP,Grassland,Full sun,NA,Megathyrsus maximus,1,0,1,0,Grassland,SilvoPasture,Pasture,NA,"Megathyrsus maximus,Acacia mangium",2,1,1,0,816,NA,NA,NA,Colombia,8°50'N,75°47'W,8.83333333333333,-75.7833333333333,15,1200,28,NA,Andosols,0,25,25,134,95,134,95,RCBD,7,NA,forest,forest,3,3,Figure 4,NA,t C ha-1,Done,"34,52","1,08","1,08",34.52,1.08,"39,88","2,08","2,08",39.88,2.08,NA,NA,YES,"0,1444182429","0,001233044134",YES,"0,7661352729",NA,NA,NA,277,94,1733,Tropical Moist,12.5,25,TRUE,"(10,15]",-75.7833333333333,8.83333333333333,Pasture,SilvoPasture,1,A:<0/+1,Randomized Designs,Forest,"[0,15)",FALSE,FALSE,0.7657142857142857,0.3348103331494915,0.11209795918367348
608,54,608,2020,"Vasquez, Hector V.; Valqui, Leandro; Alegre, Julio C.; Gomez, Carlos; Maicelo, Jorge L.",Spanish,Article,10.17268/sci.agropecu.2020.02.03,http://dx.doi.org/10.17268/sci.agropecu.2020.02.03,"The age of the SAF is the age of the sampled trees for the biomass (more than 40 trees sampled each time). Biomass data is carbon contained in biomass, and the biomass has been calculated for trees + herbaceous",LMP,Grassland,Full sun,NA,"Lolium multiflorum,Lolium perenne,Pennisetum clandestinum,Dactylis glomerata,Paspalidium sp.,Setaria sphacelata,Paspalum racemosum,Trifolium repens,Paspalum bonplandianum",9,0,9,1,Grassland,SilvoPasture,Pasture,NA,"Lolium multiflorum,Lolium perenne,Pennisetum clandestinum,Dactylis glomerata,Paspalidium sp..,Setaria sphacelata,Paspalum racemosum,Trifolium repens,Paspalum bonplandianum,Alnus acuminata",10,1,8,2,NA,NA,NA,NA,Peru,"6°12,33'S","77°40,1'W",-6.2056,-77.6683,2400,1200,14.5,NA,Andosols,0,30,30,79,112,79,112,CI,10,NA,unknown,unknown,3,3,Table 3,NA,t C ha-1,Done,"129,61","8,77","8,77",129.61,8.77,"101,30","5,96","5,96",101.3,5.96,NA,NA,YES,"-0,2464435302","0,002680020989",YES,"-3,53875",NA,NA,NA,NA,NA,1713,Tropical Montane,15,30,TRUE,"(10,15]",-77.6683,-6.2056,Pasture,SilvoPasture,1,A:<0/+1,Control-Impact Designs,Unknown/mixed,"[15,30)",FALSE,FALSE,-2.8310000000000017,1.0603513568624316,1.124345
609,54,609,2020,"Vasquez, Hector V.; Valqui, Leandro; Alegre, Julio C.; Gomez, Carlos; Maicelo, Jorge L.",Spanish,Article,10.17268/sci.agropecu.2020.02.03,http://dx.doi.org/10.17268/sci.agropecu.2020.02.03,"The age of the SAF is the age of the sampled trees for the biomass (more than 40 trees sampled each time). Biomass data is carbon contained in biomass, and the biomass has been calculated for trees + herbaceous",LMP,Grassland,Full sun,NA,"Lolium multiflorum,Lolium perenne,Pennisetum clandestinum,Dactylis glomerata,Paspalidium sp.,Setaria sphacelata,Paspalum racemosum,Trifolium repens,Paspalum bonplandianum",9,0,9,1,Grassland,SilvoPasture,Pasture,NA,"Lolium multiflorum,Lolium perenne,Pennisetum clandestinum,Dactylis glomerata,Paspalidium sp..,Setaria sphacelata,Paspalum racemosum,Trifolium repens,Paspalum bonplandianum,Pinus patula",10,1,8,1,NA,NA,NA,NA,Peru,"6°12,33'S","77°40,1'W",-6.2056,-77.6683,2400,1200,14.5,NA,Andosols,0,30,30,79,112,79,112,CI,12.5,NA,unknown,unknown,3,3,Table 3,NA,t C ha-1,Done,"129,61","8,77","8,77",129.61,8.77,"149,05","15,27","15,27",149.05,15.27,NA,NA,YES,"0,1397518787","0,005024751421",YES,"1,767272727",NA,NA,NA,NA,NA,1713,Tropical Montane,15,30,TRUE,"(10,15]",-77.6683,-6.2056,Pasture,SilvoPasture,1,A:<0/+1,Control-Impact Designs,Unknown/mixed,"[15,30)",FALSE,FALSE,1.5552,1.4087402599485828,1.9845491200000005
610,54,610,2020,"Vasquez, Hector V.; Valqui, Leandro; Alegre, Julio C.; Gomez, Carlos; Maicelo, Jorge L.",Spanish,Article,10.17268/sci.agropecu.2020.02.03,http://dx.doi.org/10.17268/sci.agropecu.2020.02.03,"The age of the SAF is the age of the sampled trees for the biomass (more than 40 trees sampled each time). Biomass data is carbon contained in biomass, and the biomass has been calculated for trees + herbaceous",LMP,Grassland,Full sun,NA,"Lolium multiflorum,Lolium perenne,Pennisetum clandestinum,Dactylis glomerata,Paspalidium sp.,Setaria sphacelata,Paspalum racemosum,Trifolium repens,Paspalum bonplandianum",9,0,9,1,Grassland,SilvoPasture,Pasture,NA,"Lolium multiflorum,Lolium perenne,Pennisetum clandestinum,Dactylis glomerata,Paspalidium sp..,Setaria sphacelata,Paspalum racemosum,Trifolium repens,Paspalum bonplandianum,Cupressus macrocarpa",10,1,8,1,NA,NA,NA,NA,Peru,"6°12,33'S","77°40,1'W",-6.2056,-77.6683,2400,1200,14.5,NA,Cambisols,0,30,30,79,112,79,112,CI,12.5,NA,unknown,unknown,3,3,Table 3,NA,t C ha-1,Done,"129,61","8,77","8,77",129.61,8.77,"117,28","8,19","8,19",117.28,8.19,NA,NA,YES,"-0,0999657033","0,00315170661",YES,"-1,120909091",NA,NA,NA,NA,NA,1713,Tropical Montane,15,30,TRUE,"(10,15]",-77.6683,-6.2056,Pasture,SilvoPasture,1,A:<0/+1,Control-Impact Designs,Unknown/mixed,"[15,30)",FALSE,FALSE,-0.986400000000001,0.9599633326330751,0.9215296
611,54,611,2020,"Vasquez, Hector V.; Valqui, Leandro; Alegre, Julio C.; Gomez, Carlos; Maicelo, Jorge L.",Spanish,Article,10.17268/sci.agropecu.2020.02.03,http://dx.doi.org/10.17268/sci.agropecu.2020.02.03,"The age of the SAF is the age of the sampled trees for the biomass (more than 40 trees sampled each time). Biomass data is carbon contained in biomass, and the biomass has been calculated for trees + herbaceous",LMP,Grassland,Full sun,NA,"Lolium multiflorum,Lolium perenne,Pennisetum clandestinum,Dactylis glomerata,Paspalidium sp.,Setaria sphacelata,Paspalum racemosum,Trifolium repens,Paspalum bonplandianum",9,0,9,1,Grassland,SilvoPasture,Pasture,NA,"Lolium multiflorum,Lolium perenne,Pennisetum clandestinum,Dactylis glomerata,Paspalidium sp..,Setaria sphacelata,Paspalum racemosum,Trifolium repens,Paspalum bonplandianum,Ceroxylon quindiuense",10,1,8,1,NA,NA,NA,NA,Peru,"6°12,33'S","77°40,1'W",-6.2056,-77.6683,2400,1200,14.5,NA,Cambisols,0,30,30,79,112,79,112,CI,12.6820185614849,NA,unknown,unknown,3,3,Table 3,NA,t C ha-1,Done,"129,61","8,77","8,77",129.61,8.77,"121,63","5,22","5,22",121.63,5.22,NA,NA,YES,"-0,0635462918","0,002140120507",YES,"-0,1064",NA,NA,NA,NA,NA,1713,Tropical Montane,15,30,TRUE,"(10,15]",-77.6683,-6.2056,Pasture,SilvoPasture,1,A:<0/+1,Control-Impact Designs,Unknown/mixed,"[15,30)",FALSE,FALSE,-0.6292373695332033,0.8047570894830908,0.6476339730732954
612,58,612,2014,"Villanueva-Lopez, Gilberto; Martinez-Zurimendi, Pablo; Ramirez-Aviles, Luis; Casanova-Lugo, Fernando; Jarquin-Sanchez, Aaron",English,Article,NA,https://www.scielo.cl/scielo.php?script=sci_arttext&pid=S0718-16202014000200004,The SOC data is the carbon content in %,LMP,Grassland,Full sun,NA,Brachiaria decumbens,1,0,1,0,Grassland,Hedgerow,Pasture,NA,"Brachiaria decumbens,Gliricidia sepium",3,1,2,1,NA,NA,NA,NA,Mexico,17°20'N,92°32'W,17.333333,-92.533333,50,3500,25,NA,Cambisols,0,10,10,150,120,130,120,CI,31,NA,unknown,unknown,3,3,Table 2,OM,%,Done,"2,90","0,29","0,17",38.28,2.23,"3,30","0,31","0,18",37.75,2.06,NA,NA,YES,"-0,01388911216","0,002121034989",YES,"-0,01703225806",NA,NA,NA,NA,NA,1713,Tropical Wet,5,10,TRUE,"(0,5]",-92.533333,17.333333,Pasture,Alley/Hedgerow,2,C+2+,Control-Impact Designs,Unknown/mixed,"[0,15)",FALSE,FALSE,-0.017096774193548422,0.09793125495565971,0.009590530697190425
613,58,613,2014,"Villanueva-Lopez, Gilberto; Martinez-Zurimendi, Pablo; Ramirez-Aviles, Luis; Casanova-Lugo, Fernando; Jarquin-Sanchez, Aaron",English,Article,NA,https://www.scielo.cl/scielo.php?script=sci_arttext&pid=S0718-16202014000200004,The SOC data is the carbon content in %,LMP,Grassland,Full sun,NA,Brachiaria decumbens,1,0,1,0,Grassland,Hedgerow,Pasture,NA,"Brachiaria decumbens,Gliricidia sepium",3,1,2,1,NA,NA,NA,NA,Mexico,17°20'N,92°32'W,17.333333,-92.533333,50,3500,25,NA,Cambisols,10,20,10,150,120,130,120,CI,31,NA,unknown,unknown,3,3,Table 2,OM,%,Done,"2,60","0,21","0,12",34.32,1.61,"2,40","0,27","0,16",27.46,1.8,NA,NA,YES,"-0,2231435513","0,002161068893",YES,"-0,2214193548",NA,NA,NA,NA,NA,1713,Tropical Wet,15,10,FALSE,"(10,15]",-92.533333,17.333333,Pasture,Alley/Hedgerow,2,C+2+,Control-Impact Designs,Unknown/mixed,"[15,30)",FALSE,FALSE,-0.22129032258064515,0.07790239096594018,0.006068782518210198
614,58,614,2014,"Villanueva-Lopez, Gilberto; Martinez-Zurimendi, Pablo; Ramirez-Aviles, Luis; Casanova-Lugo, Fernando; Jarquin-Sanchez, Aaron",English,Article,NA,https://www.scielo.cl/scielo.php?script=sci_arttext&pid=S0718-16202014000200004,The SOC data is the carbon content in %,LMP,Grassland,Full sun,NA,Brachiaria decumbens,1,0,1,0,Grassland,Hedgerow,Pasture,NA,"Brachiaria decumbens,Gliricidia sepium",3,1,2,1,NA,NA,NA,NA,Mexico,17°20'N,92°32'W,17.333333,-92.533333,50,3500,25,NA,Cambisols,20,30,10,150,120,130,120,CI,31,NA,unknown,unknown,3,3,Table 2,OM,%,Done,"2,30","0,24","0,14",30.36,1.84,"2,70","0,29","0,17",30.89,1.93,NA,NA,YES,"0,01724180643","0,00252668334",YES,"0,01703225806",NA,NA,NA,NA,NA,1713,Tropical Wet,25,10,FALSE,"(15,25]",-92.533333,17.333333,Pasture,Alley/Hedgerow,2,C+2+,Control-Impact Designs,Unknown/mixed,"[15,30)",FALSE,FALSE,0.017096774193548422,0.08601780906037021,0.007399063475546307
623,65,623,2006,"Augustine C.M.J., Vogt K.A., Harrison R.B., Hunsaker H.M.",English,Article,10.1300/J091v23n04_04,https://www.scopus.com/inward/record.uri?eid=2-s2.0-33947423290&doi=10.1300%2fJ091v23n04_04&partnerID=40&md5=a0eda85ab4e773c676cc3406a1e2f3c1,"The article presents 3 sites, Site 1: alley cropped maize and non alley cropped maize, Site 2 is fallow with the shade tree, compared to a non alley cropped maize, site 3 is a allez cropped Pasture versus a non alley cropped Pasture. I chose to not include the site 2 even though it had been a alley cropped maize for the previous 2 years. The SOC data is OM% we converted it in carbon percentage by /1,72",LMP,Cropland,Full sun,NA,zea mays,1,0,1,0,Cropland,Alley cropping,Maize,NA,"zea mays,Gliricidia sepium",2,1,1,1,"333,3333333",NA,NA,NA,Guatemala,14°42'N,89°27'W,14.7,-89.45,823,750,19,NA,Vertisols,0,20,20,125,111,125,111,CI,3.5,maize or uncultivated Pasture,cropland,cropland,1,1,Figure 1,OM - sd to estimate,%,Done,"1,64",NA,NA,36.35,13.834472249804577,"2,21",NA,NA,49.21,19.173641955128073,NA,NA,YES,"0,3028001905",0,YES,"3,214090287",NA,NA,NA,223,103,1790,Tropical Dry,10,20,TRUE,"(5,10]",-89.45,14.7,Beans/Maize,Alley/Hedgerow,1,A:<0/+1,Control-Impact Designs,Cropland,"[0,15)",TRUE,TRUE,3.674285714285714,6.755322426203215,45.634381081964094
624,65,624,2006,"Augustine C.M.J., Vogt K.A., Harrison R.B., Hunsaker H.M.",English,Article,10.1300/J091v23n04_04,https://www.scopus.com/inward/record.uri?eid=2-s2.0-33947423290&doi=10.1300%2fJ091v23n04_04&partnerID=40&md5=a0eda85ab4e773c676cc3406a1e2f3c1,"The article presents 3 sites, Site 1: alley cropped maize and non alley cropped maize, Site 2 is fallow with the shade tree, compared to a non alley cropped maize, site 3 is a allez cropped Pasture versus a non alley cropped Pasture. I chose to not include the site 2 even though it had been a alley cropped maize for the previous 2 years. The SOC data is OM% we converted it in carbon percentage by /1,72",LMP,Grassland,Full sun,NA,Pasture,3,0,3,0,Grassland,SilvoPasture,Pasture,NA,"Pasture,Gliricidia sepium",4,1,3,1,"333,3333333",NA,NA,NA,Guatemala,14°42'N,89°27'W,14.7,-89.45,899,750,19,NA,Vertisols,0,20,20,125,111,125,111,CI,3.5,maize or uncultivated Pasture,cropland,cropland,1,1,Figure 1,OM - sd to estimate,%,Done,"1,77",NA,NA,39.31,14.961020746624976,"2,18",NA,NA,48.52,18.904797961040725,NA,NA,YES,"0,2104668554",0,YES,"2,301983584",NA,NA,NA,223,103,1790,Tropical Dry,10,20,TRUE,"(5,10]",-89.45,14.7,Pasture,SilvoPasture,1,A:<0/+1,Control-Impact Designs,Cropland,"[0,15)",TRUE,TRUE,2.6314285714285717,6.888165110542792,47.44681859009899
625,65,625,2006,"Augustine C.M.J., Vogt K.A., Harrison R.B., Hunsaker H.M.",English,Article,10.1300/J091v23n04_04,https://www.scopus.com/inward/record.uri?eid=2-s2.0-33947423290&doi=10.1300%2fJ091v23n04_04&partnerID=40&md5=a0eda85ab4e773c676cc3406a1e2f3c1,"The article presents 3 sites, Site 1: alley cropped maize and non alley cropped maize, Site 2 is fallow with the shade tree, compared to a non alley cropped maize, site 3 is a allez cropped Pasture versus a non alley cropped Pasture. I chose to not include the site 2 even though it had been a alley cropped maize for the previous 2 years. The SOC data is OM% we converted it in carbon percentage by /1,72",LMP,Grassland,Full sun,NA,Pasture,3,0,3,0,Grassland,SilvoPasture,Pasture,NA,"Pasture,Gliricidia sepium",4,1,3,1,"444,4444444",NA,NA,NA,Guatemala,14°42'N,89°27'W,14.7,-89.45,899,750,19,NA,Vertisols,0,20,20,125,111,125,111,CI,3.5,maize or uncultivated Pasture,cropland,cropland,1,1,Figure 1,OM - sd to estimate,%,Done,"2,18",NA,NA,48.34,18.397754843343968,"3,03",NA,NA,67.28,26.21423756840107,NA,NA,YES,"0,3305504891",0,YES,"4,734268126",NA,NA,NA,223,103,1790,Tropical Dry,10,20,TRUE,"(5,10]",-89.45,14.7,Pasture,SilvoPasture,1,A:<0/+1,Control-Impact Designs,Cropland,"[0,15)",TRUE,TRUE,5.411428571428571,9.150281068810573,83.72764363823316
656,78,656,2020,"Solis R., Vallejos-Torres G., Arévalo L., Marín-Díaz J., Ñique-Alvarez M., Engedal T., Bruun T.B.",English,Article,10.1017/S002185962000074X,https://www.scopus.com/inward/record.uri?eid=2-s2.0-85094979604&doi=10.1017%2fS002185962000074X&partnerID=40&md5=752e0467bdc3e4a5396892691e9a874e,SOC data and biomass data is the carbon stock in the soil for soc and in the trees and the coffee plants for the biomass data. No information about the error bars so we chose to not take them.,LMP,Cropland,Full sun,NA,Coffea arabica,1,1,0,0,Cropland,Shaded perennial,Coffee,NA,"Coffea arabica,Inga edulis,Inga ruiziana",3,3,0,2,730,NO,NA,NA,Peru,NA,NA,-6.4,-76.7,845,1800,25,NA,Ferralsols,0,10,10,126,0,126,0,CI,12.6820185614849,"Maize, banana",forest,cropland,3,3,Fig 4,NA,t C ha-1,Done,"45,41","7,19","7,19",45.41,7.19,"50,87","6,49","6,49",50.87,6.49,NA,NA,YES,"0,1136593184","0,01378374191",YES,"0,4968604964",NA,NA,NA,NA,NA,1713,Tropical Moist,5,10,TRUE,"(0,5]",-76.7,-6.4,Cocoa/Coffee,Shaded perennial,2,C+2+,Control-Impact Designs,Unknown/mixed,"[0,15)",FALSE,FALSE,0.43053083178587503,0.7637487887739751,0.5833122123537141
657,78,657,2020,"Solis R., Vallejos-Torres G., Arévalo L., Marín-Díaz J., Ñique-Alvarez M., Engedal T., Bruun T.B.",English,Article,10.1017/S002185962000074X,https://www.scopus.com/inward/record.uri?eid=2-s2.0-85094979604&doi=10.1017%2fS002185962000074X&partnerID=40&md5=752e0467bdc3e4a5396892691e9a874e,SOC data and biomass data is the carbon stock in the soil for soc and in the trees and the coffee plants for the biomass data.,LMP,Cropland,Full sun,NA,Coffea arabica,1,1,0,0,Cropland,Shaded perennial,Coffee,NA,"Coffea arabica,Inga edulis,Inga ruiziana",3,3,0,2,730,NO,NA,NA,Peru,NA,NA,-6.4,-76.7,845,1800,25,NA,Ferralsols,10,30,20,126,0,126,0,CI,12.6820185614849,"Maize, banana",forest,cropland,3,3,Fig 4,NA,t C ha-1,Done,"32,06","7,54","7,54",32.06,7.54,"36,16","7,89","7,89",36.16,7.89,NA,NA,YES,"0,1203298808","0,03431389861",YES,"0,3726453727",NA,NA,NA,NA,NA,1713,Tropical Moist,20,20,FALSE,"(15,25]",-76.7,-6.4,Cocoa/Coffee,Shaded perennial,2,C+2+,Control-Impact Designs,Unknown/mixed,"[15,30)",FALSE,FALSE,0.3232923828428727,0.8605463009212875,0.740539936029311
658,78,658,2020,"Solis R., Vallejos-Torres G., Arévalo L., Marín-Díaz J., Ñique-Alvarez M., Engedal T., Bruun T.B.",English,Article,10.1017/S002185962000074X,https://www.scopus.com/inward/record.uri?eid=2-s2.0-85094979604&doi=10.1017%2fS002185962000074X&partnerID=40&md5=752e0467bdc3e4a5396892691e9a874e,SOC data and biomass data is the carbon stock in the soil for soc and in the trees and the coffee plants for the biomass data.,LMP,Cropland,Full sun,NA,Coffea arabica,1,1,0,0,Cropland,Shaded perennial,Coffee,NA,"Coffea arabica,Inga edulis,Inga ruiziana",3,3,0,2,730,NO,NA,NA,Peru,NA,NA,-6.4,-76.7,845,1800,25,NA,Ferralsols,30,60,30,126,0,126,0,CI,12.6820185614849,"Maize, banana",forest,cropland,3,3,Fig 4,NA,t C ha-1,Done,"31,43","7,19","7,19",31.43,7.19,"33,32","8,07","8,07",33.32,8.07,NA,NA,YES,"0,05845820042","0,03700311838",YES,"0,1719901718",NA,NA,NA,NA,NA,1713,Tropical Moist,45,30,FALSE,"(25,50]",-76.7,-6.4,Cocoa/Coffee,Shaded perennial,2,C+2+,Control-Impact Designs,Unknown/mixed,"[45,55)",FALSE,FALSE,0.14902990331049523,0.8522599402379135,0.7263470057343319
659,78,659,2020,"Solis R., Vallejos-Torres G., Arévalo L., Marín-Díaz J., Ñique-Alvarez M., Engedal T., Bruun T.B.",English,Article,10.1017/S002185962000074X,https://www.scopus.com/inward/record.uri?eid=2-s2.0-85094979604&doi=10.1017%2fS002185962000074X&partnerID=40&md5=752e0467bdc3e4a5396892691e9a874e,SOC data and biomass data is the carbon stock in the soil for soc and in the trees and the coffee plants for the biomass data.,LMP,Cropland,Full sun,NA,Coffea arabica,1,1,0,0,Cropland,Other,"Cocoa, Coffee",NA,"Coffea arabica,Cedrela odorata,Theobroma cacao,Vitex cimosa,Mangifera indica,Aniba amazonica,Ceiba pentandra,Inga edulis,Guarea guidonia,Ficus insipida,Terminalia oblonga,Swietenia macrophylla,Brosimum alicastrum,Persea americana,Apuleia leiocarpa,Sickingia williamsii,Schizolobium amazonicum,Acrocarpus fraxinifolius,Erythrina sp,Inga ruiziana,Colubrina glandulosa,Syzygium jambos",22,22,0,5,"633,3333333",NO,NA,NA,Peru,NA,NA,-6.4,-76.7,845,1800,25,NA,Ferralsols,0,10,10,126,0,126,0,CI,12.6820185614849,Secondary Forest,forest,forest,3,3,Fig 4,NA,t C ha-1,Done,"45,41","6,49","6,49",45.41,6.49,"54,65","4,03","4,03",54.65,4.03,NA,NA,YES,"0,1854032231","0,008622411218",YES,"1,088146969",NA,NA,NA,NA,NA,1713,Tropical Moist,5,10,TRUE,"(0,5]",-76.7,-6.4,Cocoa/Coffee,Other,21,C+2+,Control-Impact Designs,Forest,"[0,15)",FALSE,FALSE,0.7285906384068656,0.6023833757224487,0.3628657313467728
660,78,660,2020,"Solis R., Vallejos-Torres G., Arévalo L., Marín-Díaz J., Ñique-Alvarez M., Engedal T., Bruun T.B.",English,Article,10.1017/S002185962000074X,https://www.scopus.com/inward/record.uri?eid=2-s2.0-85094979604&doi=10.1017%2fS002185962000074X&partnerID=40&md5=752e0467bdc3e4a5396892691e9a874e,SOC data and biomass data is the carbon stock in the soil for soc and in the trees and the coffee plants for the biomass data.,LMP,Cropland,Full sun,NA,Coffea arabica,1,1,0,0,Cropland,Other,"Cocoa, Coffee",NA,"Coffea arabica,Cedrela odorata,Theobroma cacao,Vitex cimosa,Mangifera indica,Aniba amazonica,Ceiba pentandra,Inga edulis,Guarea guidonia,Ficus insipida,Terminalia oblonga,Swietenia macrophylla,Brosimum alicastrum,Persea americana,Apuleia leiocarpa,Sickingia williamsii,Schizolobium amazonicum,Acrocarpus fraxinifolius,Erythrina sp,Inga ruiziana,Colubrina glandulosa,Syzygium jambos",22,22,0,5,"633,3333333",NO,NA,NA,Peru,NA,NA,-6.4,-76.7,845,1800,25,NA,Ferralsols,10,30,20,126,0,126,0,CI,12.6820185614849,Secondary Forest,forest,forest,3,3,Fig 4,NA,t C ha-1,Done,"32,06","7,54","7,54",32.06,7.54,"40,15","9,69","9,69",40.15,9.69,NA,NA,YES,"0,2251088319","0,0378562121",YES,"0,9521285988",NA,NA,NA,NA,NA,1713,Tropical Moist,20,20,FALSE,"(15,25]",-76.7,-6.4,Cocoa/Coffee,Other,21,C+2+,Control-Impact Designs,Forest,"[15,30)",FALSE,FALSE,0.6379110676094738,0.9681373225157269,0.9372898752479206
661,78,661,2020,"Solis R., Vallejos-Torres G., Arévalo L., Marín-Díaz J., Ñique-Alvarez M., Engedal T., Bruun T.B.",English,Article,10.1017/S002185962000074X,https://www.scopus.com/inward/record.uri?eid=2-s2.0-85094979604&doi=10.1017%2fS002185962000074X&partnerID=40&md5=752e0467bdc3e4a5396892691e9a874e,SOC data and biomass data is the carbon stock in the soil for soc and in the trees and the coffee plants for the biomass data.,LMP,Cropland,Full sun,NA,Coffea arabica,1,1,0,0,Cropland,Other,"Cocoa, Coffee",NA,"Coffea arabica,Cedrela odorata,Theobroma cacao,Vitex cimosa,Mangifera indica,Aniba amazonica,Ceiba pentandra,Inga edulis,Guarea guidonia,Ficus insipida,Terminalia oblonga,Swietenia macrophylla,Brosimum alicastrum,Persea americana,Apuleia leiocarpa,Sickingia williamsii,Schizolobium amazonicum,Acrocarpus fraxinifolius,Erythrina sp,Inga ruiziana,Colubrina glandulosa,Syzygium jambos",22,22,0,5,"633,3333333",NO,NA,NA,Peru,NA,NA,-6.4,-76.7,845,1800,25,NA,Ferralsols,30,60,30,126,0,126,0,CI,12.6820185614849,Secondary Forest,forest,forest,3,3,Fig 4,NA,t C ha-1,Done,"31,43","7,19","7,19",31.43,7.19,"32,37","7,54","7,54",32.37,7.54,NA,NA,YES,"0,0296562094","0,03553111427",YES,"0,1112877576",NA,NA,NA,NA,NA,1713,Tropical Moist,45,30,FALSE,"(25,50]",-76.7,-6.4,Cocoa/Coffee,Other,21,C+2+,Control-Impact Designs,Forest,"[45,55)",FALSE,FALSE,0.07412069265178049,0.8215271645567543,0.6749068821046605
714,91,713,2020,"Contreras-Santos, J. L.; Martinez-Atencia, J.; Cadena-Torres, J.; Falla-Guzman, C. K.",Spanish,Article,NA,http://dx.doi.org/10.15517/rac.v44i1.39999 ,"The age of the SAF isn't mentionned, but it was established in 1998, and the study was sent to be published around 2018. We assume the SAF system is approxymately 20 years old. Here we compare the SAFs to the control (non SAF)",LMP,Grassland,Full sun,NA,Panicum maximum,1,0,1,0,Grassland,SilvoPasture,Pasture,NA,"Panicum maximum,Leucaena leucocephala,Crescentia cujete",3,2,1,1,NA,NA,NA,NA,Colombia,8°51'N,75°47'W,8.85,-75.783333,15,1200,28,NA,Cambisols,0,20,20,138,128,114,128,RCBD,20,NA,grassland,grassland,3,3,Figure 3,NA,t C ha-1,Done,"38,44","5,18","5,18",38.44,5.18,"65,56","4,98","4,98",65.56,4.98,NA,NA,YES,"0,533683762","0,007975228352",YES,"1,355555556",NA,NA,NA,277,94,1736,Tropical Moist,10,20,TRUE,"(5,10]",-75.783333,8.85,Pasture,SilvoPasture,2,C+2+,Randomized Designs,Grassland,"[0,15)",FALSE,FALSE,1.3560000000000003,0.3592798352259698,0.129082
715,91,714,2020,"Contreras-Santos, J. L.; Martinez-Atencia, J.; Cadena-Torres, J.; Falla-Guzman, C. K.",Spanish,Article,NA,http://dx.doi.org/10.15517/rac.v44i1.39999 ,"The age of the SAF isn't mentionned, but it was established in 1998, and the study was sent to be published around 2018. We assume the SAF system is approxymately 20 years old. Here we compare the SAFs to the control (non SAF)",LMP,Grassland,Full sun,NA,Panicum maximum,1,0,1,0,Grassland,SilvoPasture,Pasture,NA,"Panicum maximum,Guazuma ulmifolia,Cassia fistula,Albizia saman",4,3,1,2,NA,NA,NA,NA,Colombia,8°51'N,75°47'W,8.85,-75.783333,15,1200,28,NA,Cambisols,0,20,20,138,128,123,128,RCBD,20,NA,grassland,grassland,3,3,Figure 3,NA,t C ha-1,Done,"38,44","5,18","5,18",38.44,5.18,"60,89","4,98","4,98",60.89,4.98,NA,NA,YES,"0,459836512","0,008281388643",YES,"1,122222223",NA,NA,NA,277,94,1736,Tropical Moist,10,20,TRUE,"(5,10]",-75.783333,8.85,Pasture,SilvoPasture,3,C+2+,Randomized Designs,Grassland,"[0,15)",FALSE,FALSE,1.1225,0.3592798352259698,0.129082
716,91,715,2020,"Contreras-Santos, J. L.; Martinez-Atencia, J.; Cadena-Torres, J.; Falla-Guzman, C. K.",Spanish,Article,NA,http://dx.doi.org/10.15517/rac.v44i1.39999 ,"The age of the SAF isn't mentionned, but it was established in 1998, and the study was sent to be published around 2018. We assume the SAF system is approxymately 20 years old. Here we compare the SAFs to the control (non SAF)",LMP,Grassland,Full sun,NA,Panicum maximum,1,0,1,0,Grassland,SilvoPasture,Pasture,NA,"Panicum maximum,Leucaena leucocephala,Crescentia cujete,Guazuma ulmifolia,Cassia fistula,Albizia saman",6,5,1,3,NA,NA,NA,NA,Colombia,8°51'N,75°47'W,8.85,-75.783333,15,1200,28,NA,Cambisols,0,20,20,138,128,1215,128,RCBD,20,NA,grassland,grassland,3,3,Figure 3,NA,t C ha-1,Done,"38,44","5,18","5,18",38.44,5.18,"62,22","5,17","5,17",62.22,5.17,NA,NA,YES,"0,4814980088","0,008352888617",YES,"1,188888889",NA,NA,NA,277,94,1736,Tropical Moist,10,20,TRUE,"(5,10]",-75.783333,8.85,Pasture,SilvoPasture,5,C+2+,Randomized Designs,Grassland,"[0,15)",FALSE,FALSE,1.189,0.3659279300627379,0.13390324999999997
717,91,716,2020,"Contreras-Santos, J. L.; Martinez-Atencia, J.; Cadena-Torres, J.; Falla-Guzman, C. K.",Spanish,Article,NA,http://dx.doi.org/10.15517/rac.v44i1.39999 ,"The age of the SAF isn't mentionned, but it was established in 1998, and the study was sent to be published around 2018. We assume the SAF system is approxymately 20 years old. Here we compare the SAFs to the control (non SAF)",LMP,Grassland,Full sun,NA,Panicum maximum,1,0,1,0,Grassland,SilvoPasture,Pasture,NA,"Panicum maximum,Leucaena leucocephala,Crescentia cujete,Guazuma ulmifolia,Cassia fistula,Albizia saman,Pachira quinata,Swietenia macrophylla",8,7,1,3,NA,NA,NA,NA,Colombia,8°51'N,75°47'W,8.85,-75.783333,15,1200,28,NA,Cambisols,0,20,20,138,128,123,128,RCBD,20,NA,grassland,grassland,3,3,Figure 3,NA,t C ha-1,Done,"38,44","5,18","5,18",38.44,5.18,"63,22","5,17","5,17",63.22,5.17,NA,NA,YES,"0,4974416591","0,008280664754",YES,"1,238888889",NA,NA,NA,277,94,1736,Tropical Moist,10,20,TRUE,"(5,10]",-75.783333,8.85,Pasture,SilvoPasture,7,C+2+,Randomized Designs,Grassland,"[0,15)",FALSE,FALSE,1.239,0.3659279300627379,0.13390324999999997
725,99,724,2018,"Hoosbeek, M, R,; Remme, R, P,; Rusch, G, M,",English,Article,NA,https://link.springer.com/article/10.1007/s10457-016-0049-2,The SOC data here is taken under the canopy of the tree,LMP,Grassland,Full sun,NA,Pasture,3,0,3,0,Grassland,SilvoPasture,Pasture,NA,"Pasture,Guazuma ulmifolia",4,1,3,0,NA,NA,NA,NA,Nicaragua,11°33'N,85°59'W,11.55,-85.9833333333333,170,1400,27,NA,Vertisols,0,20,20,118,98,118,98,CI,70,NA,unknown,unknown,2,2,Figure 2,NA,g C m-2,Done,"4 163,57","396,00","396,00",41.64,3.96,"4 748,45","413,00","413,00",47.48,4.13,NA,NA,YES,"0,1314458861",#VALUE!,YES,"0,116976456",NA,NA,NA,267,101,1941,Tropical Moist,10,20,TRUE,"(5,10]",-85.9833333333333,11.55,Pasture,SilvoPasture,1,A:<0/+1,Control-Impact Designs,Unknown/mixed,"[0,15)",FALSE,FALSE,0.08342857142857138,0.08173938176064366,0.0066813265306122456
726,99,725,2018,"Hoosbeek, M, R,; Remme, R, P,; Rusch, G, M,",English,Article,NA,https://link.springer.com/article/10.1007/s10457-016-0049-2,The SOC data here is taken under the canopy of the tree,LMP,Grassland,Full sun,NA,Pasture,3,0,3,0,Grassland,SilvoPasture,Pasture,NA,"Pasture,Guazuma ulmifolia",4,1,3,0,NA,NA,NA,NA,Nicaragua,11°33'N,85°59'W,11.55,-85.9833333333333,170,1400,27,NA,Vertisols,0,40,40,118,98,118,98,CI,70,NA,unknown,unknown,2,2,Figure 3,NA,g C m-2,Done,"3 118,33","613,00","613,00",31.18,6.13,"2 744,78","503,00","503,00",27.45,5.03,NA,NA,YES,"-0,1275966571",#VALUE!,YES,"-0,0747099768",NA,NA,NA,267,101,1941,Tropical Moist,20,40,TRUE,"(15,25]",-85.9833333333333,11.55,Pasture,SilvoPasture,1,A:<0/+1,Control-Impact Designs,Unknown/mixed,"[15,30)",FALSE,FALSE,-0.05328571428571429,0.11327931886109069,0.012832204081632657
727,99,726,2018,"Hoosbeek, M, R,; Remme, R, P,; Rusch, G, M,",English,Article,NA,https://link.springer.com/article/10.1007/s10457-016-0049-2,The SOC data here is taken in the leaf litter cone of the tree,LMP,Grassland,Full sun,NA,Pasture,3,0,3,0,Grassland,SilvoPasture,Pasture,NA,"Pasture,Guazuma ulmifolia",4,1,3,0,NA,NA,NA,NA,Nicaragua,11°33'N,85°59'W,11.55,-85.9833333333333,170,1400,27,NA,Vertisols,0,20,20,118,98,118,98,CI,70,NA,unknown,unknown,2,2,Figure 2,NA,g C m-2,Done,"4 163,57","396,00","396,00",41.64,3.96,"5 571,25","810,00","810,00",55.71,8.1,NA,NA,YES,"0,2912471387",#VALUE!,YES,"0,2815365552",NA,NA,NA,267,101,1941,Tropical Moist,10,20,TRUE,"(5,10]",-85.9833333333333,11.55,Pasture,SilvoPasture,1,A:<0/+1,Control-Impact Designs,Unknown/mixed,"[0,15)",FALSE,FALSE,0.201,0.1288026492312157,0.016590122448979592
728,99,727,2018,"Hoosbeek, M, R,; Remme, R, P,; Rusch, G, M,",English,Article,NA,https://link.springer.com/article/10.1007/s10457-016-0049-2,The SOC data here is taken in the leaf litter cone of the tree,LMP,Grassland,Full sun,NA,Pasture,3,0,3,0,Grassland,SilvoPasture,Pasture,NA,"Pasture,Guazuma ulmifolia",4,1,3,0,NA,NA,NA,NA,Nicaragua,11°33'N,85°59'W,11.55,-85.9833333333333,170,1400,27,NA,Vertisols,0,40,40,118,98,118,98,CI,70,NA,unknown,unknown,2,2,Figure 3,NA,g C m-2,Done,"3 118,33","613,00","613,00",31.18,6.13,"3 516,24","802,00","802,00",35.16,8.02,NA,NA,YES,"0,1200951754",#VALUE!,YES,"0,0795823666",NA,NA,NA,267,101,1941,Tropical Moist,20,40,TRUE,"(15,25]",-85.9833333333333,11.55,Pasture,SilvoPasture,1,A:<0/+1,Control-Impact Designs,Unknown/mixed,"[15,30)",FALSE,FALSE,0.056857142857142814,0.14420598928941467,0.02079536734693878
729,99,728,2018,"Hoosbeek, M, R,; Remme, R, P,; Rusch, G, M,",English,Article,NA,https://link.springer.com/article/10.1007/s10457-016-0049-2,The SOC data here is taken under the canopy of the tree,LMP,Grassland,Full sun,NA,Pasture,3,0,3,0,Grassland,SilvoPasture,Pasture,NA,"Pasture,Crescentia alata",4,1,3,0,NA,NA,NA,NA,Nicaragua,11°33'N,85°59'W,11.55,-85.9833333333333,170,1400,27,NA,Luvisols,0,20,20,118,98,118,98,CI,70,NA,unknown,unknown,2,2,Figure 2,NA,g C m-2,Done,"4 441,14","431,00","431,00",44.41,4.31,"6 929,37","689,00","689,00",69.29,6.89,NA,NA,YES,"0,4448575098",#VALUE!,YES,"0,497645601",NA,NA,NA,267,101,1941,Tropical Moist,10,20,TRUE,"(5,10]",-85.9833333333333,11.55,Pasture,SilvoPasture,1,A:<0/+1,Control-Impact Designs,Unknown/mixed,"[0,15)",FALSE,FALSE,0.3554285714285716,0.11610006240220509,0.013479224489795917
730,99,729,2018,"Hoosbeek, M, R,; Remme, R, P,; Rusch, G, M,",English,Article,NA,https://link.springer.com/article/10.1007/s10457-016-0049-2,The SOC data here is taken under the canopy of the tree,LMP,Grassland,Full sun,NA,Pasture,3,0,3,0,Grassland,SilvoPasture,Pasture,NA,"Pasture,Crescentia alata",4,1,3,0,NA,NA,NA,NA,Nicaragua,11°33'N,85°59'W,11.55,-85.9833333333333,170,1400,27,NA,Luvisols,0,40,40,118,98,118,98,CI,70,NA,unknown,unknown,2,2,Figure 3,NA,g C m-2,Done,"4 604,41","157,00","157,00",46.04,1.57,"5 676,33","393,00","393,00",56.76,3.93,NA,NA,YES,"0,2092914385",#VALUE!,YES,"0,2143851508",NA,NA,NA,267,101,1941,Tropical Moist,20,40,TRUE,"(15,25]",-85.9833333333333,11.55,Pasture,SilvoPasture,1,A:<0/+1,Control-Impact Designs,Unknown/mixed,"[15,30)",FALSE,FALSE,0.15314285714285714,0.06045710234943282,0.0036550612244897955
731,99,730,2018,"Hoosbeek, M, R,; Remme, R, P,; Rusch, G, M,",English,Article,NA,https://link.springer.com/article/10.1007/s10457-016-0049-2,The SOC data here is taken in the leaf litter cone of the tree,LMP,Grassland,Full sun,NA,Pasture,3,0,3,0,Grassland,SilvoPasture,Pasture,NA,"Pasture,Crescentia alata",4,1,3,0,NA,NA,NA,NA,Nicaragua,11°33'N,85°59'W,11.55,-85.9833333333333,170,1400,27,NA,Luvisols,0,20,20,118,98,118,98,CI,70,NA,unknown,unknown,2,2,Figure 2,NA,g C m-2,Done,"4 441,14","431,00","431,00",44.41,4.31,"6 294,92","698,00","698,00",62.95,6.98,NA,NA,YES,"0,3488317665",#VALUE!,YES,"0,370755886",NA,NA,NA,267,101,1941,Tropical Moist,10,20,TRUE,"(5,10]",-85.9833333333333,11.55,Pasture,SilvoPasture,1,A:<0/+1,Control-Impact Designs,Unknown/mixed,"[0,15)",FALSE,FALSE,0.26485714285714296,0.1171920628363403,0.013733979591836734
732,99,731,2018,"Hoosbeek, M, R,; Remme, R, P,; Rusch, G, M,",English,Article,NA,https://link.springer.com/article/10.1007/s10457-016-0049-2,The SOC data here is taken in the leaf litter cone of the tree,LMP,Grassland,Full sun,NA,Pasture,3,0,3,0,Grassland,SilvoPasture,Pasture,NA,"Pasture,Crescentia alata",4,1,3,0,NA,NA,NA,NA,Nicaragua,11°33'N,85°59'W,11.55,-85.9833333333333,170,1400,27,NA,Luvisols,0,40,40,118,98,118,98,CI,70,NA,unknown,unknown,2,2,Figure 3,NA,g C m-2,Done,"4 604,41","157,00","157,00",46.04,1.57,"5 481,44","330,00","330,00",54.81,3.3,NA,NA,YES,"0,1743533871",#VALUE!,YES,"0,1754060324",NA,NA,NA,267,101,1941,Tropical Moist,20,40,TRUE,"(15,25]",-85.9833333333333,11.55,Pasture,SilvoPasture,1,A:<0/+1,Control-Impact Designs,Unknown/mixed,"[15,30)",FALSE,FALSE,0.12528571428571433,0.052206223727812064,0.0027254897959183674
734,102,733,2017,"Mejias, S, L,; Crespo, G,; Torres, V,",English,Article,NA,http://scielo.sld.cu/scielo.php?script=sci_abstract&pid=S2079-34802017000200012&lng=es&nrm=iso&tlng=en,"Here we have no information about the unit, so the soc data is the (treatment/control)*100",LMP,Grassland,Full sun,NA,"Stylosanthes spp,Desmodium spp,Pueraria phaseoloides,Macroptilium atropurpureum,Neonotonia wightii,Cynodon sp",6,0,7,5,Grassland,SilvoPasture,Pasture,NA,"Megathyrsus maximus,Leucaena leucocephala",2,1,1,1,NA,NA,NA,NA,Cuba,22°53'N,82°00'W,22.8833333333333,-82,113,1473,24.6,NA,Luvisols,0,45,45,124,80,124,80,BACI,13,6 to 9 years grazing before the study,grassland,grassland,2,2,Figure 2,Extractool,t C ha-1,Done,"63,14",NA,NA,63.14,13.627881616377122,"64,15",NA,NA,64.15,11.138184245084148,1.291066282,"0,181556196",YES,"0,01584819224",#VALUE!,NO,NA,NA,NA,-1.109510086,241,105,1750,Tropical Moist,22.5,45,TRUE,"(15,25]",-82,22.8833333333333,Pasture,SilvoPasture,-4,A:<0/+1,Before-After Designs,Grassland,"[15,30)",TRUE,TRUE,-1.109510086,1.3538861568116045,1.8330077256060966
736,102,735,2017,"Mejias, S, L,; Crespo, G,; Torres, V,",English,Article,NA,http://scielo.sld.cu/scielo.php?script=sci_abstract&pid=S2079-34802017000200012&lng=es&nrm=iso&tlng=en,"Here we have no information about the unit, so the soc data is the (treatment/control)*100",LMP,Grassland,Full sun,NA,"Stylosanthes spp,Desmodium spp,Pueraria phaseoloides,Macroptilium atropurpureum,Neonotonia wightii,Cynodon sp",6,0,7,5,Grassland,SilvoPasture,Pasture,NA,"Megathyrsus maximus,Leucaena leucocephala",2,1,1,1,NA,NA,NA,NA,Cuba,22°53'N,82°00'W,22.8833333333333,-82,113,1473,24.6,NA,Cambisols,0,15,15,124,80,124,80,BACI,13,6 to 9 years grazing before the study,grassland,grassland,2,2,Figure 2,Extractool,t C ha-1,Done,"24,41",NA,NA,24.41,5.2685554364232745,"25,42",NA,NA,25.42,4.413603172409027,0.5648414986,"0,2219020173",YES,"0,04049136135",#VALUE!,NO,NA,NA,NA,-0.34293948129999996,241,105,1750,Tropical Moist,7.5,15,TRUE,"(5,10]",-82,22.8833333333333,Pasture,SilvoPasture,-4,A:<0/+1,Before-After Designs,Grassland,"[0,15)",TRUE,TRUE,-0.34293948129999996,0.528689175863785,0.27951224467552827
761,113,760,2007,"Miranda, T,; Machado, R,; Machado, H,; Duquesne, P,",Spanish,Article,NA,https://www.researchgate.net/publication/303987082_Carbon_sequestered_in_Cuban_livestock_production_ecosystems_and_its_economic_assessment_Case_study,"No information about the Pasture or the trees, The SOC and biomass data are carbon storage,",LMP,Grassland,Full sun,NA,Natural Pasture,3,0,3,0,Grassland,SilvoPasture,Pasture,NA,"Pasture,Trees",4,1,3,0,2500,NA,NA,NA,Cuba,22°57' N,80°55'W,22.95,-80.9166666666667,26,1458,25.2,NA,Acrisols,0,20,20,230,74,230,74,CI,11,NA,NA,NA,2,2,Table 3,sd to be estimated,t C ha-1,Done,"19,50",NA,NA,19.5,7.421518813512771,"24,00",NA,NA,24,9.351095446516435,NA,NA,YES,"0,2076393648",#VALUE!,YES,"0,4090909091",NA,NA,NA,251,111,1808,Tropical Moist,10,20,TRUE,"(5,10]",-80.9166666666667,22.95,Pasture,SilvoPasture,1,A:<0/+1,Control-Impact Designs,Unknown/mixed,"[0,15)",TRUE,TRUE,0.4090909090909091,1.0852958904501437,1.1778671698279704
762,114,761,2006,"Giraldo, L, A,; Zapata, M,; Montoya, E,",Spanish,Article,NA,https://www.redalyc.org/articulo.oa?id=269121676005,"No information about the age of the silvoPasture, but it was established in 1997, and the study was published in 2006, For the SOC data, we have error bars on the graph, but no information on it (SE or SD or Confidence interval), For the biomass, we have the data for the Pasture in carbon content (t C ha-1), and for the aboveground biomass it is in t ha-1, but not the conversion in carbon, We did the conversion,",LMP,Grassland,Full sun,NA,Brachiaria dictyoneura,1,0,1,0,Grassland,SilvoPasture,Pasture,NA,"Brachiaria dictyoneura,Acacia mangium",2,1,1,0,169,NA,NA,different stocking rate,Colombia,7°58'N,75°10'W,7.96666666666667,-75.1666666666667,49,2402,27,NA,Acrisols,0,5,5,112,57,112,57,RCBD,6,NA,unknown,unknown,3,3,Figure 3,NA,t C ha-1,Done,"20,47","0,94","0,94",20.47,0.94,"16,73","0,45","0,45",16.73,0.45,NA,NA,YES,"-0,2015529185","0,0009440370356",YES,"-0,6227436817",NA,NA,NA,279,101,1667,Tropical Wet,2.5,5,TRUE,"(0,5]",-75.1666666666667,7.96666666666667,Pasture,SilvoPasture,1,A:<0/+1,Randomized Designs,Unknown/mixed,"[0,15)",FALSE,FALSE,-0.6233333333333331,0.17369353598923723,0.03016944444444445
763,114,762,2006,"Giraldo, L, A,; Zapata, M,; Montoya, E,",Spanish,Article,NA,https://www.redalyc.org/articulo.oa?id=269121676005,"No information about the age of the silvoPasture, but it was established in 1997, and the study was published in 2006, For the SOC data, we have error bars on the graph, but no information on it (SE or SD or Confidence interval), For the biomass, we have the data for the Pasture in carbon content (t C ha-1), and for the aboveground biomass it is in t ha-1, but not the conversion in carbon, We did the conversion,",LMP,Grassland,Full sun,NA,Brachiaria dictyoneura,1,0,1,0,Grassland,SilvoPasture,Pasture,NA,"Brachiaria dictyoneura,Acacia mangium",2,1,1,0,169,NA,NA,different stocking rate,Colombia,7°58'N,75°10'W,7.96666666666667,-75.1666666666667,49,2402,27,NA,Acrisols,5,15,10,112,57,112,57,RCBD,6,NA,unknown,unknown,3,3,Figure 3,NA,t C ha-1,Done,"23,61","1,44","1,44",23.61,1.44,"19,22","0,95","0,95",19.22,0.95,NA,NA,YES,"-0,205524454","0,002054001256",YES,"-0,7310469317",NA,NA,NA,279,101,1667,Tropical Wet,10,10,FALSE,"(5,10]",-75.1666666666667,7.96666666666667,Pasture,SilvoPasture,1,A:<0/+1,Randomized Designs,Unknown/mixed,"[0,15)",FALSE,FALSE,-0.7316666666666668,0.28752294594422273,0.08266944444444442
764,114,763,2006,"Giraldo, L, A,; Zapata, M,; Montoya, E,",Spanish,Article,NA,https://www.redalyc.org/articulo.oa?id=269121676005,"No information about the age of the silvoPasture, but it was established in 1997, and the study was published in 2006, For the SOC data, we have error bars on the graph, but no information on it (SE or SD or Confidence interval), For the biomass, we have the data for the Pasture in carbon content (t C ha-1), and for the aboveground biomass it is in t ha-1, but not the conversion in carbon, We did the conversion,",LMP,Grassland,Full sun,NA,Brachiaria dictyoneura,1,0,1,0,Grassland,SilvoPasture,Pasture,NA,"Brachiaria dictyoneura,Acacia mangium",2,1,1,0,169,NA,NA,different stocking rate,Colombia,7°58'N,75°10'W,7.96666666666667,-75.1666666666667,49,2402,27,NA,Acrisols,15,20,5,112,57,112,57,RCBD,6,NA,unknown,unknown,3,3,Figure 3,NA,t C ha-1,Done,"22,42","0,65","0,65",22.42,0.65,"14,84","14,56","0,37",14.84,0.37,NA,NA,YES,"-0,412737867","0,00049024879",YES,"-1,263537905",NA,NA,NA,279,101,1667,Tropical Wet,17.5,5,FALSE,"(15,25]",-75.1666666666667,7.96666666666667,Pasture,SilvoPasture,1,A:<0/+1,Randomized Designs,Unknown/mixed,"[15,30)",FALSE,FALSE,-1.2633333333333336,0.12465507967543436,0.015538888888888889
765,114,764,2006,"Giraldo, L, A,; Zapata, M,; Montoya, E,",Spanish,Article,NA,https://www.redalyc.org/articulo.oa?id=269121676005,"No information about the age of the silvoPasture, but it was established in 1997, and the study was published in 2006, For the SOC data, we have error bars on the graph, but no information on it (SE or SD or Confidence interval), For the biomass, we have the data for the Pasture in carbon content (t C ha-1), and for the aboveground biomass it is in t ha-1, but not the conversion in carbon, We did the conversion,",LMP,Grassland,Full sun,NA,Brachiaria dictyoneura,1,0,1,0,Grassland,SilvoPasture,Pasture,NA,"Brachiaria dictyoneura,Acacia mangium",2,1,1,0,169,NA,NA,different stocking rate,Colombia,7°58'N,75°10'W,7.96666666666667,-75.1666666666667,49,2402,27,NA,Acrisols,20,30,10,112,57,112,57,RCBD,6,NA,unknown,unknown,3,3,Figure 3,NA,t C ha-1,Done,"23,88","3,46","3,46",23.88,3.46,"14,62","12,05","0,89",14.62,0.89,NA,NA,YES,"-0,4906229165","0,008229818261",YES,"-1,5433213",NA,NA,NA,279,101,1667,Tropical Wet,25,10,FALSE,"(15,25]",-75.1666666666667,7.96666666666667,Pasture,SilvoPasture,1,A:<0/+1,Randomized Designs,Unknown/mixed,"[15,30)",FALSE,FALSE,-1.5433333333333332,0.5954386804887823,0.35454722222222224
766,114,765,2006,"Giraldo, L, A,; Zapata, M,; Montoya, E,",Spanish,Article,NA,https://www.redalyc.org/articulo.oa?id=269121676005,"No information about the age of the silvoPasture, but it was established in 1997, and the study was published in 2006, For the SOC data, we have error bars on the graph, but no information on it (SE or SD or Confidence interval), For the biomass, we have the data for the Pasture in carbon content (t C ha-1), and for the aboveground biomass it is in t ha-1, but not the conversion in carbon, We did the conversion,",LMP,Grassland,Full sun,NA,Brachiaria dictyoneura,1,0,1,0,Grassland,SilvoPasture,Pasture,NA,"Brachiaria dictyoneura,Acacia mangium",2,1,1,0,169,NA,NA,different stocking rate,Colombia,7°58'N,75°10'W,7.96666666666667,-75.1666666666667,49,2402,27,NA,Acrisols,30,35,5,112,57,112,57,RCBD,6,NA,unknown,unknown,3,3,Figure 3,NA,t C ha-1,Done,"15,11","0,43","0,43",15.11,0.43,"15,92","16,31","0,82",15.92,0.82,NA,NA,YES,"0,05236798563","0,001153045368",YES,"0,1353790617",NA,NA,NA,279,101,1667,Tropical Wet,32.5,5,FALSE,"(25,50]",-75.1666666666667,7.96666666666667,Pasture,SilvoPasture,1,A:<0/+1,Randomized Designs,Unknown/mixed,"[30,45)",FALSE,FALSE,0.1350000000000001,0.15431749378760948,0.02381388888888889
767,114,766,2006,"Giraldo, L, A,; Zapata, M,; Montoya, E,",Spanish,Article,NA,https://www.redalyc.org/articulo.oa?id=269121676005,"No information about the age of the silvoPasture, but it was established in 1997, and the study was published in 2006, For the SOC data, we have error bars on the graph, but no information on it (SE or SD or Confidence interval), For the biomass, we have the data for the Pasture in carbon content (t C ha-1), and for the aboveground biomass it is in t ha-1, but not the conversion in carbon, We did the conversion,",LMP,Grassland,Full sun,NA,Brachiaria dictyoneura,1,0,1,0,Grassland,SilvoPasture,Pasture,NA,"Brachiaria dictyoneura,Acacia mangium",2,1,1,0,169,NA,NA,different stocking rate,Colombia,7°58'N,75°10'W,7.96666666666667,-75.1666666666667,49,2402,27,NA,Acrisols,35,45,10,112,57,112,57,RCBD,6,NA,unknown,unknown,3,3,Figure 3,NA,t C ha-1,Done,"15,22","0,36","0,36",15.22,0.36,"16,41","16,75","0,70",16.41,0.7,NA,NA,YES,"0,07537813616","0,000796834528",YES,"0,1985559567",NA,NA,NA,279,101,1667,Tropical Wet,40,10,FALSE,"(25,50]",-75.1666666666667,7.96666666666667,Pasture,SilvoPasture,1,A:<0/+1,Randomized Designs,Unknown/mixed,"[30,45)",FALSE,FALSE,0.19833333333333325,0.1311911243610295,0.017211111111111108
768,114,767,2006,"Giraldo, L, A,; Zapata, M,; Montoya, E,",Spanish,Article,NA,https://www.redalyc.org/articulo.oa?id=269121676005,"No information about the age of the silvoPasture, but it was established in 1997, and the study was published in 2006, For the SOC data, we have error bars on the graph, but no information on it (SE or SD or Confidence interval), For the biomass, we have the data for the Pasture in carbon content (t C ha-1), and for the aboveground biomass it is in t ha-1, but not the conversion in carbon, We did the conversion,",LMP,Grassland,Full sun,NA,Brachiaria dictyoneura,1,0,1,0,Grassland,SilvoPasture,Pasture,NA,"Brachiaria dictyoneura,Acacia mangium",2,1,1,0,100,NA,NA,different stocking rate,Colombia,7°58'N,75°10'W,7.96666666666667,-75.1666666666667,49,2402,27,NA,Acrisols,0,5,5,112,57,112,57,RCBD,6,NA,unknown,unknown,3,3,Figure 3,NA,t C ha-1,Done,"20,47","0,94","0,94",20.47,0.94,"19,60","1,90","1,90",19.6,1.9,NA,NA,YES,"-0,04324998365","0,003834408047",YES,"-0,1444043317",NA,NA,NA,279,101,1667,Tropical Wet,2.5,5,TRUE,"(0,5]",-75.1666666666667,7.96666666666667,Pasture,SilvoPasture,1,A:<0/+1,Randomized Designs,Unknown/mixed,"[0,15)",FALSE,FALSE,-0.14499999999999957,0.3533018853929628,0.12482222222222222
769,114,768,2006,"Giraldo, L, A,; Zapata, M,; Montoya, E,",Spanish,Article,NA,https://www.redalyc.org/articulo.oa?id=269121676005,"No information about the age of the silvoPasture, but it was established in 1997, and the study was published in 2006, For the SOC data, we have error bars on the graph, but no information on it (SE or SD or Confidence interval), For the biomass, we have the data for the Pasture in carbon content (t C ha-1), and for the aboveground biomass it is in t ha-1, but not the conversion in carbon, We did the conversion,",LMP,Grassland,Full sun,NA,Brachiaria dictyoneura,1,0,1,0,Grassland,SilvoPasture,Pasture,NA,"Brachiaria dictyoneura,Acacia mangium",2,1,1,0,100,NA,NA,different stocking rate,Colombia,7°58'N,75°10'W,7.96666666666667,-75.1666666666667,49,2402,27,NA,Acrisols,5,15,10,112,57,112,57,RCBD,6,NA,unknown,unknown,3,3,Figure 3,NA,t C ha-1,Done,"23,61","1,44","1,44",23.61,1.44,"22,58","1,42","1,42",22.58,1.42,NA,NA,YES,"-0,04455602127","0,002558096645",YES,"-0,1714801433",NA,NA,NA,279,101,1667,Tropical Wet,10,10,FALSE,"(5,10]",-75.1666666666667,7.96666666666667,Pasture,SilvoPasture,1,A:<0/+1,Randomized Designs,Unknown/mixed,"[0,15)",FALSE,FALSE,-0.17166666666666686,0.3370624736026114,0.1136111111111111
770,114,769,2006,"Giraldo, L, A,; Zapata, M,; Montoya, E,",Spanish,Article,NA,https://www.redalyc.org/articulo.oa?id=269121676005,"No information about the age of the silvoPasture, but it was established in 1997, and the study was published in 2006, For the SOC data, we have error bars on the graph, but no information on it (SE or SD or Confidence interval), For the biomass, we have the data for the Pasture in carbon content (t C ha-1), and for the aboveground biomass it is in t ha-1, but not the conversion in carbon, We did the conversion,",LMP,Grassland,Full sun,NA,Brachiaria dictyoneura,1,0,1,0,Grassland,SilvoPasture,Pasture,NA,"Brachiaria dictyoneura,Acacia mangium",2,1,1,0,100,NA,NA,different stocking rate,Colombia,7°58'N,75°10'W,7.96666666666667,-75.1666666666667,49,2402,27,NA,Acrisols,15,20,5,112,57,112,57,RCBD,6,NA,unknown,unknown,3,3,Figure 3,NA,t C ha-1,Done,"22,42","0,65","0,65",22.42,0.65,"15,81","15,73","0,57",15.81,0.57,NA,NA,YES,"-0,3491121713","0,0007099105093",YES,"-1,101083032",NA,NA,NA,279,101,1667,Tropical Wet,17.5,5,FALSE,"(15,25]",-75.1666666666667,7.96666666666667,Pasture,SilvoPasture,1,A:<0/+1,Randomized Designs,Unknown/mixed,"[15,30)",FALSE,FALSE,-1.1016666666666668,0.14408716497700658,0.020761111111111112
771,114,770,2006,"Giraldo, L, A,; Zapata, M,; Montoya, E,",Spanish,Article,NA,https://www.redalyc.org/articulo.oa?id=269121676005,"No information about the age of the silvoPasture, but it was established in 1997, and the study was published in 2006, For the SOC data, we have error bars on the graph, but no information on it (SE or SD or Confidence interval), For the biomass, we have the data for the Pasture in carbon content (t C ha-1), and for the aboveground biomass it is in t ha-1, but not the conversion in carbon, We did the conversion,",LMP,Grassland,Full sun,NA,Brachiaria dictyoneura,1,0,1,0,Grassland,SilvoPasture,Pasture,NA,"Brachiaria dictyoneura,Acacia mangium",2,1,1,0,100,NA,NA,different stocking rate,Colombia,7°58'N,75°10'W,7.96666666666667,-75.1666666666667,49,2402,27,NA,Acrisols,20,30,10,112,57,112,57,RCBD,6,NA,unknown,unknown,3,3,Figure 3,NA,t C ha-1,Done,"23,88","3,46","3,46",23.88,3.46,"14,68","12,05","0,83",14.68,0.83,NA,NA,YES,"-0,4869260549","0,008076242071",YES,"-1,53429603",NA,NA,NA,279,101,1667,Tropical Wet,25,10,FALSE,"(15,25]",-75.1666666666667,7.96666666666667,Pasture,SilvoPasture,1,A:<0/+1,Randomized Designs,Unknown/mixed,"[15,30)",FALSE,FALSE,-1.5333333333333332,0.5930266061110206,0.3516805555555556
772,114,771,2006,"Giraldo, L, A,; Zapata, M,; Montoya, E,",Spanish,Article,NA,https://www.redalyc.org/articulo.oa?id=269121676005,"No information about the age of the silvoPasture, but it was established in 1997, and the study was published in 2006, For the SOC data, we have error bars on the graph, but no information on it (SE or SD or Confidence interval), For the biomass, we have the data for the Pasture in carbon content (t C ha-1), and for the aboveground biomass it is in t ha-1, but not the conversion in carbon, We did the conversion,",LMP,Grassland,Full sun,NA,Brachiaria dictyoneura,1,0,1,0,Grassland,SilvoPasture,Pasture,NA,"Brachiaria dictyoneura,Acacia mangium",2,1,1,0,100,NA,NA,different stocking rate,Colombia,7°58'N,75°10'W,7.96666666666667,-75.1666666666667,49,2402,27,NA,Acrisols,30,35,5,112,57,112,57,RCBD,6,NA,unknown,unknown,3,3,Figure 3,NA,t C ha-1,Done,"15,11","0,43","0,43",15.11,0.43,"12,08","12,02","0,37",12.08,0.37,NA,NA,YES,"-0,2240400108","0,0005900681231",YES,"-0,5054151633",NA,NA,NA,279,101,1667,Tropical Wet,32.5,5,FALSE,"(25,50]",-75.1666666666667,7.96666666666667,Pasture,SilvoPasture,1,A:<0/+1,Randomized Designs,Unknown/mixed,"[30,45)",FALSE,FALSE,-0.5049999999999999,0.09454569735788555,0.008938888888888887
773,114,772,2006,"Giraldo, L, A,; Zapata, M,; Montoya, E,",Spanish,Article,NA,https://www.redalyc.org/articulo.oa?id=269121676005,"No information about the age of the silvoPasture, but it was established in 1997, and the study was published in 2006, For the SOC data, we have error bars on the graph, but no information on it (SE or SD or Confidence interval), For the biomass, we have the data for the Pasture in carbon content (t C ha-1), and for the aboveground biomass it is in t ha-1, but not the conversion in carbon, We did the conversion,",LMP,Grassland,Full sun,NA,Brachiaria dictyoneura,1,0,1,0,Grassland,SilvoPasture,Pasture,NA,"Brachiaria dictyoneura,Acacia mangium",2,1,1,0,100,NA,NA,different stocking rate,Colombia,7°58'N,75°10'W,7.96666666666667,-75.1666666666667,49,2402,27,NA,Acrisols,35,45,10,112,57,112,57,RCBD,6,NA,unknown,unknown,3,3,Figure 3,NA,t C ha-1,Done,"15,22","0,36","0,36",15.22,0.36,"11,97","12,01","0,40",11.97,0.4,NA,NA,YES,"-0,2401919675","0,0005636093042",YES,"-0,541516245",NA,NA,NA,279,101,1667,Tropical Wet,40,10,FALSE,"(25,50]",-75.1666666666667,7.96666666666667,Pasture,SilvoPasture,1,A:<0/+1,Randomized Designs,Unknown/mixed,"[30,45)",FALSE,FALSE,-0.5416666666666666,0.08969082698049141,0.008044444444444446
786,115,785,2006,"Maldonado Mares, F.; Jasso Mata, J.; Palma-Lopez, D. J.; Salgado Garcia, S.; Gonzalez Hernandez, V. A.",Spanish,Article,10.35196/rfm.2006.3.223,https://doi.org/10.35196/rfm.2006.3.223,"The control isn't exactly the same crop as the treatment, it cumulates, the banana datil and the banana enano gigante. The soc data is the Organic matter content in the soil in %. The conversion has been made by /1,72. No measures made on the biomass produced just for the biomass of the Musa sp..",LMP,Cropland,Full sun,NA,Musa AA,1,0,1,0,Cropland,Shaded perennial,Banana,NA,"MusaAAA ,Cedrela odorata",2,1,0,0,NA,NA,NA,NA,Mexico,17°35'14''N,92°56'50''W,17.5872222222222,-92.9472222222222,40,3825,26.4,NA,Andosols,0,30,30,132,75,132,75,CI,5,NA,unknown,unknown,3,3,Table 2,OM - extractool,%,Done,"1,45","0,19 OM","0,11",53.24,4.05,"1,74","0,19 OM","0,11",63.89,4.05,NA,NA,YES,"0,1823215568","0,00326237037",YES,"2,129651163","1,618534884",NA,NA,258,114,1812,Tropical Wet,15,30,TRUE,"(10,15]",-92.9472222222222,17.5872222222222,Others,Shaded perennial,1,A:<0/+1,Control-Impact Designs,Unknown/mixed,"[15,30)",FALSE,FALSE,2.13,1.145512985522207,1.3122
787,115,786,2006,"Maldonado Mares, F.; Jasso Mata, J.; Palma-Lopez, D. J.; Salgado Garcia, S.; Gonzalez Hernandez, V. A.",Spanish,Article,10.35196/rfm.2006.3.223,https://doi.org/10.35196/rfm.2006.3.223,"The control isn't exactly the same crop as the treatment, it cumulates, the banana datil and the banana enano gigante. The soc data is the Organic matter content in the soil in %. The conversion has been made by /1,72. No measures made on the biomass produced just for the biomass of the Musa sp..",LMP,Cropland,Full sun,NA,Musa AA,1,0,1,0,Cropland,Shaded perennial,Banana,NA,"MusaAAA ,Cedrela odorata",2,1,0,0,NA,NA,NA,NA,Mexico,17°35'14''N,92°56'50''W,17.5872222222222,-92.9472222222222,40,3825,26.4,NA,Andosols,30,60,30,132,75,132,75,CI,5,NA,unknown,unknown,3,3,Table 2,OM - extractool,%,Done,"1,10","0,19 OM","0,11",40.46,4.05,"1,05","0,19 OM","0,11",38.33,4.05,NA,NA,YES,"-0,05406722127","0,007047325103",YES,"-0,4259302326","1,618534884",NA,NA,258,114,1812,Tropical Wet,45,30,FALSE,"(25,50]",-92.9472222222222,17.5872222222222,Others,Shaded perennial,1,A:<0/+1,Control-Impact Designs,Unknown/mixed,"[45,55)",FALSE,FALSE,-0.4260000000000005,1.145512985522207,1.3122
803,121,802,2020,"Caulfield, Mark; Groot, Jeroen C. J.; Fonte, Steven J.; Sherwood, Stephen; Oyarzun, Pedro; Borja, Ross Mary; Dumble, Sam; Tittonell, Pablo",English,Article,10.1002/ldr.3558,http://dx.doi.org/10.1002/ldr.3558,"Here the SOC is measurd between July 2015 and July 2017, so it is a mean net change in soil. Biomass data is available for the crop only",LMP,Cropland,Full sun,NA,"Hordeum vulgare,Secale cereale",2,0,2,0,Cropland,Hedgerow,Others,NA,"Hordeum vulgare,Secale cereale,Alnus acuminata",3,1,2,1,NA,NA,NA,NA,Ecuador,1°51'24.0'S,78°39'16'W,-1.85666666666667,-78.6544444444445,3225,450,14,NA,Cambisols,0,20,20,121,200,121,200,BACI,2,NA,cropland,cropland,24,24,Table S4,sd to be determined,%,Done,"4,40",NA,NA,85.18,18.38490586130826,"4,48",NA,NA,86.73,15.058686197601686,1.6456,"3,4848",YES,"0,0180185055",0,NO,NA,NA,NA,1.8392,90,107,1107,Warm Temperate Dry,10,20,TRUE,"(5,10]",-78.6544444444445,-1.85666666666667,Others,Alley/Hedgerow,1,A:<0/+1,Before-After Designs,Cropland,"[0,15)",TRUE,TRUE,1.8392,11.882432342822389,141.19219838175155
804,121,803,2020,"Caulfield, Mark; Groot, Jeroen C. J.; Fonte, Steven J.; Sherwood, Stephen; Oyarzun, Pedro; Borja, Ross Mary; Dumble, Sam; Tittonell, Pablo",English,Article,10.1002/ldr.3558,http://dx.doi.org/10.1002/ldr.3558,"Here the SOC is measurd between July 2015 and July 2017, so it is a mean net change in soil. Biomass data is available for the crop only",LMP,Cropland,Full sun,NA,"Hordeum vulgare,Secale cereale",2,0,2,0,Cropland,Hedgerow,Others,NA,"Hordeum vulgare,Secale cereale,Alnus acuminata,Phalaris tuberosa",4,1,3,1,NA,NA,NA,NA,Ecuador,1°51'24.0'S,78°39'16'W,-1.85666666666667,-78.6544444444445,3225,450,14,NA,Cambisols,0,20,20,121,200,121,200,BACI,2,NA,cropland,cropland,24,24,Table S4,sd to be determined,%,Done,"4,40",NA,NA,85.18,18.38490586130826,"4,69",NA,NA,90.8,15.765348861319415,1.6456,"4,1624",YES,"0,06382804153",0,NO,NA,NA,NA,2.5168,90,107,1107,Warm Temperate Dry,10,20,TRUE,"(5,10]",-78.6544444444445,-1.85666666666667,Others,Alley/Hedgerow,2,C+2+,Before-After Designs,Cropland,"[0,15)",TRUE,TRUE,2.5168,12.109407378648555,146.6377470620681
805,121,804,2020,"Caulfield, Mark; Groot, Jeroen C. J.; Fonte, Steven J.; Sherwood, Stephen; Oyarzun, Pedro; Borja, Ross Mary; Dumble, Sam; Tittonell, Pablo",English,Article,10.1002/ldr.3558,http://dx.doi.org/10.1002/ldr.3558,"Here the SOC is measurd between July 2015 and July 2017, so it is a mean net change in soil. Biomass data is available for the crop only",LMP,Cropland,Full sun,NA,"Hordeum vulgare,Secale cereale",2,0,2,0,Cropland,Hedgerow,Others,NA,"Hordeum vulgare,Secale cereale,Alnus acuminata",3,1,2,1,NA,NA,NA,NA,Ecuador,1°51'24.0'S,78°39'16'W,-1.85666666666667,-78.6544444444445,3225,450,14,NA,Cambisols,0,20,20,121,200,121,200,BACI,2,NA,cropland,cropland,24,24,Table S4,sd to be determined,%,Done,"4,56",NA,NA,88.28,19.053997293217808,"4,48",NA,NA,86.73,15.058686197601686,4.7432,"3,4848",YES,"-0,0176995771",0,NO,NA,NA,NA,-1.2584,90,107,1107,Warm Temperate Dry,10,20,TRUE,"(5,10]",-78.6544444444445,-1.85666666666667,Others,Alley/Hedgerow,1,A:<0/+1,Before-After Designs,Cropland,"[0,15)",TRUE,TRUE,-1.2584,12.143093127862759,147.45471071194777
806,121,805,2020,"Caulfield, Mark; Groot, Jeroen C. J.; Fonte, Steven J.; Sherwood, Stephen; Oyarzun, Pedro; Borja, Ross Mary; Dumble, Sam; Tittonell, Pablo",English,Article,10.1002/ldr.3558,http://dx.doi.org/10.1002/ldr.3558,"Here the SOC is measurd between July 2015 and July 2017, so it is a mean net change in soil. Biomass data is available for the crop only",LMP,Cropland,Full sun,NA,"Hordeum vulgare,Secale cereale",2,0,2,0,Cropland,Hedgerow,Others,NA,"Hordeum vulgare,Secale cereale,Alnus acuminata,Phalaris tuberosa",4,1,3,1,NA,NA,NA,NA,Ecuador,1°51'24.0'S,78°39'16'W,-1.85666666666667,-78.6544444444445,3225,450,14,NA,Cambisols,0,20,20,121,200,121,200,BACI,2,NA,cropland,cropland,24,24,Table S4,sd to be determined,%,Done,"4,56",NA,NA,88.28,19.053997293217808,"4,69",NA,NA,90.8,15.765348861319415,4.7432,"4,1624",YES,"0,02810995893",0,NO,NA,NA,NA,-0.5808,90,107,1107,Warm Temperate Dry,10,20,TRUE,"(5,10]",-78.6544444444445,-1.85666666666667,Others,Alley/Hedgerow,2,C+2+,Before-After Designs,Cropland,"[0,15)",TRUE,TRUE,-0.5808,12.36528444445433,152.90025939226425
807,121,806,2020,"Caulfield, Mark; Groot, Jeroen C. J.; Fonte, Steven J.; Sherwood, Stephen; Oyarzun, Pedro; Borja, Ross Mary; Dumble, Sam; Tittonell, Pablo",English,Article,10.1002/ldr.3558,http://dx.doi.org/10.1002/ldr.3558,"Here the SOC is measurd between July 2015 and July 2017, so it is a mean net change in soil. Biomass data is available for the crop only",LMP,Cropland,Full sun,NA,"Hordeum vulgare,Secale cereale",2,0,2,0,Cropland,Hedgerow,Others,NA,"Hordeum vulgare,Secale cereale,Alnus acuminata",3,1,2,1,NA,NA,NA,NA,Ecuador,1°51'24.0'S,78°39'16'W,-1.85666666666667,-78.6544444444445,3225,450,14,NA,Cambisols,0,20,20,121,200,121,200,BACI,2,NA,cropland,cropland,24,24,Table S4,sd to be determined,%,Done,"1,36",NA,NA,26.33,5.682960452315641,"1,50",NA,NA,29.04,5.042133600580571,2.8072,"3,0976",YES,"0,09798040836",0,NO,NA,NA,NA,0.2904,90,107,1107,Warm Temperate Dry,10,20,TRUE,"(5,10]",-78.6544444444445,-1.85666666666667,Others,Alley/Hedgerow,1,A:<0/+1,Before-After Designs,Cropland,"[0,15)",TRUE,TRUE,0.2904,3.798656036965152,14.429787687171794
808,121,807,2020,"Caulfield, Mark; Groot, Jeroen C. J.; Fonte, Steven J.; Sherwood, Stephen; Oyarzun, Pedro; Borja, Ross Mary; Dumble, Sam; Tittonell, Pablo",English,Article,10.1002/ldr.3558,http://dx.doi.org/10.1002/ldr.3558,"Here the SOC is measurd between July 2015 and July 2017, so it is a mean net change in soil. Biomass data is available for the crop only",LMP,Cropland,Full sun,NA,"Hordeum vulgare,Secale cereale",2,0,2,0,Cropland,Hedgerow,Others,NA,"Hordeum vulgare,Secale cereale,Alnus acuminata,Phalaris tuberosa",4,1,3,1,NA,NA,NA,NA,Ecuador,1°51'24.0'S,78°39'16'W,-1.85666666666667,-78.6544444444445,3225,450,14,NA,Cambisols,0,20,20,121,200,121,200,BACI,2,NA,cropland,cropland,24,24,Table S4,sd to be determined,%,Done,"1,36",NA,NA,26.33,5.682960452315641,"1,34",NA,NA,25.94,4.503889311262397,2.8072,"2,904",YES,"-0,01481508579",0,NO,NA,NA,NA,0.0968,90,107,1107,Warm Temperate Dry,10,20,TRUE,"(5,10]",-78.6544444444445,-1.85666666666667,Others,Alley/Hedgerow,2,C+2+,Before-After Designs,Cropland,"[0,15)",TRUE,TRUE,0.0968,3.6256398894087396,13.145264607671818
809,121,808,2020,"Caulfield, Mark; Groot, Jeroen C. J.; Fonte, Steven J.; Sherwood, Stephen; Oyarzun, Pedro; Borja, Ross Mary; Dumble, Sam; Tittonell, Pablo",English,Article,10.1002/ldr.3558,http://dx.doi.org/10.1002/ldr.3558,"Here the SOC is measurd between July 2015 and July 2017, so it is a mean net change in soil. Biomass data is available for the crop only",LMP,Cropland,Full sun,NA,"Hordeum vulgare,Secale cereale",2,0,2,0,Cropland,Hedgerow,Others,NA,"Hordeum vulgare,Secale cereale,Alnus acuminata",3,1,2,1,NA,NA,NA,NA,Ecuador,1°51'24.0'S,78°39'16'W,-1.85666666666667,-78.6544444444445,3225,450,14,NA,Cambisols,0,20,20,121,200,121,200,BACI,2,NA,cropland,cropland,24,24,Table S4,sd to be determined,%,Done,"1,55",NA,NA,30.01,6.477236732776013,"1,50",NA,NA,29.04,5.042133600580571,4.4528,"3,0976",YES,"-0,03278982282",0,NO,NA,NA,NA,-1.3552,90,107,1107,Warm Temperate Dry,10,20,TRUE,"(5,10]",-78.6544444444445,-1.85666666666667,Others,Alley/Hedgerow,1,A:<0/+1,Before-After Designs,Cropland,"[0,15)",TRUE,TRUE,-1.3552,4.104196234907831,16.844426734631615
810,121,809,2020,"Caulfield, Mark; Groot, Jeroen C. J.; Fonte, Steven J.; Sherwood, Stephen; Oyarzun, Pedro; Borja, Ross Mary; Dumble, Sam; Tittonell, Pablo",English,Article,10.1002/ldr.3558,http://dx.doi.org/10.1002/ldr.3558,"Here the SOC is measurd between July 2015 and July 2017, so it is a mean net change in soil. Biomass data is available for the crop only",LMP,Cropland,Full sun,NA,"Hordeum vulgare,Secale cereale",2,0,2,0,Cropland,Hedgerow,Others,NA,"Hordeum vulgare,Secale cereale,Alnus acuminata,Phalaris tuberosa",4,1,3,1,NA,NA,NA,NA,Ecuador,1°51'24.0'S,78°39'16'W,-1.85666666666667,-78.6544444444445,3225,450,14,NA,Cambisols,0,20,20,121,200,121,200,BACI,2,NA,cropland,cropland,24,24,Table S4,sd to be determined,%,Done,"1,55",NA,NA,30.01,6.477236732776013,"1,34",NA,NA,25.94,4.503889311262397,4.4528,"2,904",YES,"-0,145585317",0,NO,NA,NA,NA,-1.5488,90,107,1107,Warm Temperate Dry,10,20,TRUE,"(5,10]",-78.6544444444445,-1.85666666666667,Others,Alley/Hedgerow,2,C+2+,Before-After Designs,Cropland,"[0,15)",TRUE,TRUE,-1.5488,3.944604372447462,15.559903655131636
811,124,810,1993,"MAZZARINO, MJ; SZOTT, L; JIMENEZ, M",English,Article,10.1016/0038-0717(93)90028-A,http://dx.doi.org/10.1016/0038-0717(93)90028-A,"Here we compare the two type of SAF (poeppigiana, and sepium) with two control: the first control is with N fertilizer, the second without",LMP,Cropland,Full sun,ferti,"Phaseolus vulgaris,zea mays,Manihot esculenta",3,0,3,1,Cropland,Alley cropping,"Beans, Maize",NA,"Phaseolus vulgaris,zea mays,Manihot esculenta,Erythrina poeppigiana",4,1,3,2,555,NO,NA,NA,Costa Rica,9°53'N,83°34'W,9.88333333333333,-83.5666666666667,602,2640,22,NA,Cambisols,0,10,10,100,47,100,47,RCBD,9,NA,cropland,cropland,3,3,Table 3,Extractool,g C kg-1,Done,"41,50",1.13 sdmax,"1,13",39.55,1.08,"45,00",1.13 sdmax,"1,13",42.89,1.08,NA,NA,YES,"0,08096906253","0,0004573272498",YES,"0,3706111111",NA,NA,NA,224,95,1533,Tropical Wet,5,10,TRUE,"(0,5]",-83.5666666666667,9.88333333333333,Beans/Maize,Alley/Hedgerow,1,A:<0/+1,Randomized Designs,Cropland,"[0,15)",FALSE,FALSE,0.3711111111111115,0.16970562748477142,0.028800000000000003
812,124,811,1993,"MAZZARINO, MJ; SZOTT, L; JIMENEZ, M",English,Article,10.1016/0038-0717(93)90028-A,http://dx.doi.org/10.1016/0038-0717(93)90028-A,"Here we compare the two type of SAF (poeppigiana, and sepium) with two control: the first control is with N fertilizer, the second without",LMP,Cropland,Full sun,ferti,"Phaseolus vulgaris,zea mays,Manihot esculenta",3,0,3,1,Cropland,Alley cropping,"Beans, Maize",NA,"Phaseolus vulgaris,zea mays,Manihot esculenta,Gliricidia sepium",4,1,3,2,555,NO,NA,NA,Costa Rica,9°53'N,83°34'W,9.88333333333333,-83.5666666666667,602,2640,22,NA,Cambisols,0,10,10,100,47,100,47,RCBD,9,NA,cropland,cropland,3,3,Table 3,Extractool,g C kg-1,Done,"41,50",1.13 sdmax,"1,13",39.55,1.08,"44,70",1.13 sdmax,"1,13",42.6,1.08,NA,NA,YES,"0,07428007438","0,0004601580503",YES,"0,3388444444",NA,NA,NA,224,95,1533,Tropical Wet,5,10,TRUE,"(0,5]",-83.5666666666667,9.88333333333333,Beans/Maize,Alley/Hedgerow,1,A:<0/+1,Randomized Designs,Cropland,"[0,15)",FALSE,FALSE,0.33888888888888935,0.16970562748477142,0.028800000000000003
813,124,812,1993,"MAZZARINO, MJ; SZOTT, L; JIMENEZ, M",English,Article,10.1016/0038-0717(93)90028-A,http://dx.doi.org/10.1016/0038-0717(93)90028-A,"Here we compare the two type of SAF (poeppigiana, and sepium) with two control: the first control is with N fertilizer, the second without",LMP,Cropland,Full sun,no ferti,"Phaseolus vulgaris,zea mays,Manihot esculenta",3,0,3,1,Cropland,Alley cropping,"Beans, Maize",NA,"Phaseolus vulgaris,zea mays,Manihot esculenta,Erythrina poeppigiana",4,1,3,2,3333,NO,NA,NA,Costa Rica,9°53'N,83°34'W,9.88333333333333,-83.5666666666667,602,2640,22,NA,Cambisols,0,10,10,100,47,100,47,RCBD,9,NA,cropland,cropland,3,3,Table 3,Extractool,g C kg-1,Done,"40,30",1.13 sdmax,"1,13",38.41,1.08,"45,00",1.13 sdmax,"1,13",42.89,1.08,NA,NA,YES,"0,1103110208","0,0004722642675",YES,"0,4976777778",NA,NA,NA,224,95,1533,Tropical Wet,5,10,TRUE,"(0,5]",-83.5666666666667,9.88333333333333,Beans/Maize,Alley/Hedgerow,1,A:<0/+1,Randomized Designs,Cropland,"[0,15)",FALSE,FALSE,0.4977777777777782,0.16970562748477142,0.028800000000000003
814,124,813,1993,"MAZZARINO, MJ; SZOTT, L; JIMENEZ, M",English,Article,10.1016/0038-0717(93)90028-A,http://dx.doi.org/10.1016/0038-0717(93)90028-A,"Here we compare the two type of SAF (poeppigiana, and sepium) with two control: the first control is with N fertilizer, the second without",LMP,Cropland,Full sun,no ferti,"Phaseolus vulgaris,zea mays,Manihot esculenta",3,0,3,1,Cropland,Alley cropping,"Beans, Maize",NA,"Phaseolus vulgaris,zea mays,Manihot esculenta,Gliricidia sepium",4,1,3,2,3333,NO,NA,NA,Costa Rica,9°53'N,83°34'W,9.88333333333333,-83.5666666666667,602,2640,22,NA,Cambisols,0,10,10,100,47,100,47,RCBD,9,NA,cropland,cropland,3,3,Table 3,Extractool,g C kg-1,Done,"40,30",1.13 sdmax,"1,13",38.41,1.08,"44,70",1.13 sdmax,"1,13",42.6,1.08,NA,NA,YES,"0,1036220327","0,000475095068",YES,"0,4659111111",NA,NA,NA,224,95,1533,Tropical Wet,5,10,TRUE,"(0,5]",-83.5666666666667,9.88333333333333,Beans/Maize,Alley/Hedgerow,1,A:<0/+1,Randomized Designs,Cropland,"[0,15)",FALSE,FALSE,0.4655555555555561,0.16970562748477142,0.028800000000000003
817,129,816,2005,"Sierra, J; Nygren, P",English,Article,10.1071/SR04167,http://dx.doi.org/10.1071/SR04167,NA,LMP,Grassland,Full sun,NA,Dichanthium aristatum,1,0,1,0,Grassland,SilvoPasture,Pasture,NA,"Dichanthium aristatum,Gliricidia sepium",2,1,1,1,NA,NO,NA,NA,Guadeloupe,16°25'N,61°30'W,16.4166666666667,-61.5,10,1300,26,NA,Cambisols,0,20,20,130,104,130,104,RCT,12,NA,cropland,cropland,3,3,Table 1,Extractool,g C kg-1,Done,"29,70",0.62 Sdmax,"0,62",69.19,1.44,"28,30",0.62 Sdmax,"0,62",65.93,1.44,NA,NA,YES,"-0,04828524116","0,0003052497448",YES,"-0,2717866667",NA,NA,NA,258,78,2010,Tropical Moist,10,20,TRUE,"(5,10]",-61.5,16.4166666666667,Pasture,SilvoPasture,1,A:<0/+1,Randomized Designs,Cropland,"[0,15)",FALSE,FALSE,-0.2716666666666659,0.1697056274847714,0.028799999999999992
818,129,817,2005,"Sierra, J; Nygren, P",English,Article,10.1071/SR04167,http://dx.doi.org/10.1071/SR04167,NA,LMP,Grassland,Full sun,NA,Dichanthium aristatum,1,0,1,0,Grassland,SilvoPasture,Pasture,NA,"Dichanthium aristatum,Gliricidia sepium",2,1,1,1,NA,NO,NA,NA,Guadeloupe,16°25'N,61°30'W,16.4166666666667,-61.5,10,1300,26,NA,Cambisols,0,20,20,130,104,130,104,RCT,12,NA,cropland,cropland,3,3,Table 1,Extractool,g C kg-1,Done,"29,70",0.62 Sdmax,"0,62",69.19,1.44,"33,10",0.62 Sdmax,"0,62",77.11,1.44,NA,NA,YES,"0,1083862366","0,0002622126572",YES,"0,6600533333",NA,NA,NA,258,78,2010,Tropical Moist,10,20,TRUE,"(5,10]",-61.5,16.4166666666667,Pasture,SilvoPasture,1,A:<0/+1,Randomized Designs,Cropland,"[0,15)",FALSE,FALSE,0.6600000000000001,0.1697056274847714,0.028799999999999992
836,139,835,2006,"Oelbermann, M.; Voroney, R. P.; Kass, D. C. L.; Schlonvoigt, A. M.",English,Article,NA,http://dx.doi.org/10.1016/j.geoderma.2005.02.009,Here we compare a SAF system that is 19 year old with its sole crop equivalent,LMP,Cropland,Full sun,NA,"zea mays,Phaseolus vulgaris",2,0,2,1,Cropland,Alley cropping,"Beans, Maize",NA,"zea mays,Phaseolus vulgaris,Erythrina poeppigiana",3,1,2,2,555,NO,Ferti+_ both,NA,Costa Rica,9°53'N,83°38'W,9.88333333333333,-83.6333,602,2648,21.7,NA,Cambisols,0,20,20,110,40,110,40,RCBD,19,NA,cropland,cropland,3,3,Fig 1,sd to be estimated,g C m-2,Done,"6 310,65",NA,NA,63.11,17.402717468724802,"8 254,44",NA,NA,82.54,17.18972495170206,NA,NA,YES,"0,2685121563",0,YES,"1,02304578",NA,NA,NA,NA,NA,1713,Tropical Wet,10,20,TRUE,"(5,10]",-83.6333,9.88333333333333,Beans/Maize,Alley/Hedgerow,1,A:<0/+1,Randomized Designs,Cropland,"[0,15)",TRUE,TRUE,1.0226315789473688,1.2874218037856437,1.6574549008626807
837,139,836,2006,"Oelbermann, M.; Voroney, R. P.; Kass, D. C. L.; Schlonvoigt, A. M.",English,Article,NA,http://dx.doi.org/10.1016/j.geoderma.2005.02.009,Here we compare a SAF system that is 19 year old with its sole crop equivalent,LMP,Cropland,Full sun,NA,"zea mays,Phaseolus vulgaris",2,0,2,1,Cropland,Alley cropping,"Beans, Maize",NA,"zea mays,Phaseolus vulgaris,Erythrina poeppigiana",3,1,2,2,555,NO,Ferti+_ both,NA,Costa Rica,9°53'N,83°38'W,9.88333333333333,-83.6333,602,2648,21.7,NA,Cambisols,20,40,20,110,40,110,40,RCBD,19,NA,cropland,cropland,3,3,Fig 1,sd to be estimated,g C m-2,Done,"5 192,31",NA,NA,51.92,14.317051037493135,"7 748,52",NA,NA,77.49,16.13801534416516,NA,NA,YES,"0,4003237087",0,YES,"1,345375273",NA,NA,NA,NA,NA,1713,Tropical Wet,30,20,FALSE,"(25,50]",-83.6333,9.88333333333333,Beans/Maize,Alley/Hedgerow,1,A:<0/+1,Randomized Designs,Cropland,"[30,45)",TRUE,TRUE,1.3457894736842102,1.1354444254898088,1.289234043375882
838,139,837,2006,"Oelbermann, M.; Voroney, R. P.; Kass, D. C. L.; Schlonvoigt, A. M.",English,Article,NA,http://dx.doi.org/10.1016/j.geoderma.2005.02.009,Here we compare a SAF system that is 19 year old with its sole crop equivalent,LMP,Cropland,Full sun,NA,"zea mays,Phaseolus vulgaris",2,0,2,1,Cropland,Alley cropping,"Beans, Maize",NA,"zea mays,Phaseolus vulgaris,Erythrina poeppigiana",3,1,2,2,555,NO,Ferti-_ both,NA,Costa Rica,9°53'N,83°38'W,9.88333333333333,-83.6333,602,2648,21.7,NA,Cambisols,0,20,20,110,40,110,40,RCBD,19,NA,cropland,cropland,3,3,Fig 1,sd to be estimated,g C m-2,Done,"8 467,46",NA,NA,84.67,23.347933577514322,"9 559,17",NA,NA,95.59,19.90750918503998,NA,NA,YES,"0,1212710058",0,YES,"0,5745873563",NA,NA,NA,NA,NA,1713,Tropical Wet,10,20,TRUE,"(5,10]",-83.6333,9.88333333333333,Beans/Maize,Alley/Hedgerow,1,A:<0/+1,Randomized Designs,Cropland,"[0,15)",TRUE,TRUE,0.5747368421052632,1.6148848181463047,2.6078529758794238
839,139,838,2006,"Oelbermann, M.; Voroney, R. P.; Kass, D. C. L.; Schlonvoigt, A. M.",English,Article,NA,http://dx.doi.org/10.1016/j.geoderma.2005.02.009,Here we compare a SAF system that is 19 year old with its sole crop equivalent,LMP,Cropland,Full sun,NA,"zea mays,Phaseolus vulgaris",2,0,2,1,Cropland,Alley cropping,"Beans, Maize",NA,"zea mays,Phaseolus vulgaris,Erythrina poeppigiana",3,1,2,2,555,NO,Ferti-_ both,NA,Costa Rica,9°53'N,83°38'W,9.88333333333333,-83.6333,602,2648,21.7,NA,Cambisols,20,40,20,110,40,110,40,RCBD,19,NA,cropland,cropland,3,3,Fig 1,sd to be estimated,g C m-2,Done,"5 644,97",NA,NA,56.45,15.566208225471637,"6 656,80",NA,NA,66.57,13.863823479946765,NA,NA,YES,"0,1648746433",0,YES,"0,5325443789",NA,NA,NA,NA,NA,1713,Tropical Wet,30,20,FALSE,"(25,50]",-83.6333,9.88333333333333,Beans/Maize,Alley/Hedgerow,1,A:<0/+1,Randomized Designs,Cropland,"[30,45)",TRUE,TRUE,0.5326315789473679,1.0971032621737116,1.2036355678721997
840,139,839,2006,"Oelbermann, M.; Voroney, R. P.; Kass, D. C. L.; Schlonvoigt, A. M.",English,Article,NA,http://dx.doi.org/10.1016/j.geoderma.2005.02.009,Here we compare a SAF system that is 19 year old with its sole crop equivalent,LMP,Cropland,Full sun,NA,"zea mays,Phaseolus vulgaris",2,0,2,1,Cropland,Alley cropping,"Beans, Maize",NA,"zea mays,Phaseolus vulgaris,Gliricidia sepium",3,1,2,2,3333,NO,Ferti+_ both,NA,Costa Rica,9°53'N,83°38'W,9.88333333333333,-83.6333,602,2648,21.7,NA,Cambisols,0,20,20,110,40,110,40,RCBD,19,NA,cropland,cropland,3,3,Fig 1,sd to be estimated,g C m-2,Done,"6 548,52",NA,NA,65.49,18.05900755865611,"7 156,12",NA,NA,71.56,14.903037527790156,NA,NA,YES,"0,08872811551",0,YES,"0,3197868084",NA,NA,NA,NA,NA,1713,Tropical Wet,10,20,TRUE,"(5,10]",-83.6333,9.88333333333333,Beans/Maize,Alley/Hedgerow,1,A:<0/+1,Randomized Designs,Cropland,"[0,15)",TRUE,TRUE,0.3194736842105267,1.2323302719050273,1.5186378990535185
841,139,840,2006,"Oelbermann, M.; Voroney, R. P.; Kass, D. C. L.; Schlonvoigt, A. M.",English,Article,NA,http://dx.doi.org/10.1016/j.geoderma.2005.02.009,Here we compare a SAF system that is 19 year old with its sole crop equivalent,LMP,Cropland,Full sun,NA,"zea mays,Phaseolus vulgaris",2,0,2,1,Cropland,Alley cropping,"Beans, Maize",NA,"zea mays,Phaseolus vulgaris,Gliricidia sepium",3,1,2,2,3333,NO,Ferti+_ both,NA,Costa Rica,9°53'N,83°38'W,9.88333333333333,-83.6333,602,2648,21.7,NA,Cambisols,20,40,20,110,40,110,40,RCBD,19,NA,cropland,cropland,3,3,Fig 1,sd to be estimated,g C m-2,Done,"5 130,80",NA,NA,51.31,14.148842232930908,"6 784,81",NA,NA,67.85,14.13039542007493,NA,NA,YES,"0,2794243872",0,YES,"0,8705307574",NA,NA,NA,NA,NA,1713,Tropical Wet,30,20,FALSE,"(25,50]",-83.6333,9.88333333333333,Beans/Maize,Alley/Hedgerow,1,A:<0/+1,Randomized Designs,Cropland,"[30,45)",TRUE,TRUE,0.8705263157894733,1.052444471870755,1.1076393663713127
842,139,841,2006,"Oelbermann, M.; Voroney, R. P.; Kass, D. C. L.; Schlonvoigt, A. M.",English,Article,NA,http://dx.doi.org/10.1016/j.geoderma.2005.02.009,Here we compare a SAF system that is 19 year old with its sole crop equivalent,LMP,Cropland,Full sun,NA,"zea mays,Phaseolus vulgaris",2,0,2,1,Cropland,Alley cropping,"Beans, Maize",NA,"zea mays,Phaseolus vulgaris,Gliricidia sepium",3,1,2,2,3333,NO,Ferti-_ both,NA,Costa Rica,9°53'N,83°38'W,9.88333333333333,-83.6333,602,2648,21.7,NA,Cambisols,0,20,20,110,40,110,40,RCBD,19,NA,cropland,cropland,3,3,Fig 1,sd to be estimated,g C m-2,Done,"6 109,70",NA,NA,61.1,16.848455670085333,"8 135,02",NA,NA,81.35,16.941896351114156,NA,NA,YES,"0,2862999023",0,YES,"1,065956029",NA,NA,NA,NA,NA,1713,Tropical Wet,10,20,TRUE,"(5,10]",-83.6333,9.88333333333333,Beans/Maize,Alley/Hedgerow,1,A:<0/+1,Randomized Designs,Cropland,"[0,15)",TRUE,TRUE,1.0657894736842102,1.2575514951635818,1.5814357629881601
843,139,842,2006,"Oelbermann, M.; Voroney, R. P.; Kass, D. C. L.; Schlonvoigt, A. M.",English,Article,NA,http://dx.doi.org/10.1016/j.geoderma.2005.02.009,Here we compare a SAF system that is 19 year old with its sole crop equivalent,LMP,Cropland,Full sun,NA,"zea mays,Phaseolus vulgaris",2,0,2,1,Cropland,Alley cropping,"Beans, Maize",NA,"zea mays,Phaseolus vulgaris,Gliricidia sepium",3,1,2,2,3333,NO,Ferti-_ both,NA,Costa Rica,9°53'N,83°38'W,9.88333333333333,-83.6333,602,2648,21.7,NA,Cambisols,20,40,20,110,40,110,40,RCBD,19,NA,cropland,cropland,3,3,Fig 1,sd to be estimated,g C m-2,Done,"5 670,89",NA,NA,56.71,15.637903781514554,"7 223,63",NA,NA,72.24,15.044653870983241,NA,NA,YES,"0,2420120356",0,YES,"0,8172329558",NA,NA,NA,NA,NA,1713,Tropical Wet,30,20,FALSE,"(25,50]",-83.6333,9.88333333333333,Beans/Maize,Alley/Hedgerow,1,A:<0/+1,Randomized Designs,Cropland,"[30,45)",TRUE,TRUE,0.8173684210526313,1.142099981527441,1.3043923678049814
844,139,843,2006,"Oelbermann, M.; Voroney, R. P.; Kass, D. C. L.; Schlonvoigt, A. M.",English,Article,NA,http://dx.doi.org/10.1016/j.geoderma.2005.02.009,Here we compare a SAF system that is 10 year old with its sole crop equivalent,LMP,Cropland,Full sun,NA,"zea mays,Phaseolus vulgaris",2,0,2,1,Cropland,Alley cropping,"Beans, Maize",NA,"zea mays,Phaseolus vulgaris,Erythrina poeppigiana",3,1,2,2,833,NA,Ferti+_ both,NA,Costa Rica,9°53'N,83°38'W,9.88333333333333,-83.6333,602,2648,21.7,NA,Cambisols,0,20,20,110,40,110,40,RCBD,10,NA,cropland,cropland,3,3,Fig 1,sd to be estimated,g C m-2,Done,"6 919,86",NA,NA,69.2,19.082047992960803,"7 547,04",NA,NA,75.47,15.717331501150404,NA,NA,YES,"0,08675958304",0,YES,"0,627177701",NA,NA,NA,NA,NA,1713,Tropical Wet,10,20,TRUE,"(5,10]",-83.6333,9.88333333333333,Beans/Maize,Alley/Hedgerow,1,A:<0/+1,Randomized Designs,Cropland,"[0,15)",TRUE,TRUE,0.6269999999999996,2.4721631522266367,6.111590651227141
845,139,844,2006,"Oelbermann, M.; Voroney, R. P.; Kass, D. C. L.; Schlonvoigt, A. M.",English,Article,NA,http://dx.doi.org/10.1016/j.geoderma.2005.02.009,Here we compare a SAF system that is 10 year old with its sole crop equivalent,LMP,Cropland,Full sun,NA,"zea mays,Phaseolus vulgaris",2,0,2,1,Cropland,Alley cropping,"Beans, Maize",NA,"zea mays,Phaseolus vulgaris,Erythrina poeppigiana",3,1,2,2,833,NA,Ferti+_ both,NA,Costa Rica,9°53'N,83°38'W,9.88333333333333,-83.6333,602,2648,21.7,NA,Cambisols,20,40,20,110,40,110,40,RCBD,10,NA,cropland,cropland,3,3,Fig 1,sd to be estimated,g C m-2,Done,"3 073,17",NA,NA,30.73,8.473863219995454,"3 073,17",NA,NA,30.73,6.399809156358182,NA,NA,YES,0,0,YES,0,NA,NA,NA,NA,NA,1713,Tropical Wet,30,20,FALSE,"(25,50]",-83.6333,9.88333333333333,Beans/Maize,Alley/Hedgerow,1,A:<0/+1,Randomized Designs,Cropland,"[30,45)",TRUE,TRUE,0,1.0619035507474197,1.1276391510899777
846,139,845,2006,"Oelbermann, M.; Voroney, R. P.; Kass, D. C. L.; Schlonvoigt, A. M.",English,Article,NA,http://dx.doi.org/10.1016/j.geoderma.2005.02.009,Here we compare a SAF system that is 10 year old with its sole crop equivalent,LMP,Cropland,Full sun,NA,"zea mays,Phaseolus vulgaris",2,0,2,1,Cropland,Alley cropping,"Beans, Maize",NA,"zea mays,Phaseolus vulgaris,Erythrina poeppigiana",3,1,2,2,833,NA,Ferti-_ both,NA,Costa Rica,9°53'N,83°38'W,9.88333333333333,-83.6333,602,2648,21.7,NA,Cambisols,0,20,20,110,40,110,40,RCBD,10,NA,cropland,cropland,3,3,Fig 1,sd to be estimated,g C m-2,Done,"7 317,07",NA,NA,73.17,20.17678398330841,"7 400,70",NA,NA,74.01,15.413272881941719,NA,NA,YES,"0,0113637586",0,YES,"0,083623693",NA,NA,NA,NA,NA,1713,Tropical Wet,10,20,TRUE,"(5,10]",-83.6333,9.88333333333333,Beans/Maize,Alley/Hedgerow,1,A:<0/+1,Randomized Designs,Cropland,"[0,15)",TRUE,TRUE,0.08400000000000034,2.539038386559547,6.4467159284229085
847,139,846,2006,"Oelbermann, M.; Voroney, R. P.; Kass, D. C. L.; Schlonvoigt, A. M.",English,Article,NA,http://dx.doi.org/10.1016/j.geoderma.2005.02.009,Here we compare a SAF system that is 10 year old with its sole crop equivalent,LMP,Cropland,Full sun,NA,"zea mays,Phaseolus vulgaris",2,0,2,1,Cropland,Alley cropping,"Beans, Maize",NA,"zea mays,Phaseolus vulgaris,Erythrina poeppigiana",3,1,2,2,833,NA,Ferti-_ both,NA,Costa Rica,9°53'N,83°38'W,9.88333333333333,-83.6333,602,2648,21.7,NA,Cambisols,20,40,20,110,40,110,40,RCBD,10,NA,cropland,cropland,3,3,Fig 1,sd to be estimated,g C m-2,Done,"3 282,23",NA,NA,32.82,9.05018518972505,"3 804,88",NA,NA,38.05,7.924267438966117,NA,NA,YES,"0,1477608818",0,YES,"0,522648084",NA,NA,NA,NA,NA,1713,Tropical Wet,30,20,FALSE,"(25,50]",-83.6333,9.88333333333333,Beans/Maize,Alley/Hedgerow,1,A:<0/+1,Randomized Designs,Cropland,"[30,45)",TRUE,TRUE,0.5229999999999997,1.2029125754292258,1.4469986641257728
848,139,847,2006,"Oelbermann, M.; Voroney, R. P.; Kass, D. C. L.; Schlonvoigt, A. M.",English,Article,NA,http://dx.doi.org/10.1016/j.geoderma.2005.02.009,Here we compare a SAF system that is 10 year old with its sole crop equivalent,LMP,Cropland,Full sun,NA,"zea mays,Phaseolus vulgaris",2,0,2,1,Cropland,Alley cropping,"Beans, Maize",NA,"zea mays,Phaseolus vulgaris,Gliricidia sepium",3,1,2,2,833,NA,Ferti+_ both,NA,Costa Rica,9°53'N,83°38'W,9.88333333333333,-83.6333,602,2648,21.7,NA,Cambisols,0,20,20,110,40,110,40,RCBD,10,NA,cropland,cropland,3,3,Fig 1,sd to be estimated,g C m-2,Done,"6 902,86",NA,NA,69.03,19.03517012939428,"7 337,14",NA,NA,73.37,15.279986911877637,NA,NA,YES,"0,06101410571",0,YES,"0,434285714",NA,NA,NA,NA,NA,1713,Tropical Wet,10,20,TRUE,"(5,10]",-83.6333,9.88333333333333,Beans/Maize,Alley/Hedgerow,1,A:<0/+1,Randomized Designs,Cropland,"[0,15)",TRUE,TRUE,0.43400000000000033,2.4409336367098065,5.958157018821361
849,139,848,2006,"Oelbermann, M.; Voroney, R. P.; Kass, D. C. L.; Schlonvoigt, A. M.",English,Article,NA,http://dx.doi.org/10.1016/j.geoderma.2005.02.009,Here we compare a SAF system that is 10 year old with its sole crop equivalent,LMP,Cropland,Full sun,NA,"zea mays,Phaseolus vulgaris",2,0,2,1,Cropland,Alley cropping,"Beans, Maize",NA,"zea mays,Phaseolus vulgaris,Gliricidia sepium",3,1,2,2,833,NA,Ferti+_ both,NA,Costa Rica,9°53'N,83°38'W,9.88333333333333,-83.6333,602,2648,21.7,NA,Cambisols,20,40,20,110,40,110,40,RCBD,10,NA,cropland,cropland,3,3,Fig 1,sd to be estimated,g C m-2,Done,"3 085,71",NA,NA,30.86,8.509710998016912,"3 771,43",NA,NA,37.71,7.8534592673695744,NA,NA,YES,"0,2006706953",0,YES,"0,685714285",NA,NA,NA,NA,NA,1713,Tropical Wet,30,20,FALSE,"(25,50]",-83.6333,9.88333333333333,Beans/Maize,Alley/Hedgerow,1,A:<0/+1,Randomized Designs,Cropland,"[30,45)",TRUE,TRUE,0.6850000000000002,1.157981017694172,1.3409200373400305
850,139,849,2006,"Oelbermann, M.; Voroney, R. P.; Kass, D. C. L.; Schlonvoigt, A. M.",English,Article,NA,http://dx.doi.org/10.1016/j.geoderma.2005.02.009,Here we compare a SAF system that is 10 year old with its sole crop equivalent,LMP,Cropland,Full sun,NA,"zea mays,Phaseolus vulgaris",2,0,2,1,Cropland,Alley cropping,"Beans, Maize",NA,"zea mays,Phaseolus vulgaris,Gliricidia sepium",3,1,2,2,833,NA,Ferti-_ both,NA,Costa Rica,9°53'N,83°38'W,9.88333333333333,-83.6333,602,2648,21.7,NA,Cambisols,0,20,20,110,40,110,40,RCBD,10,NA,cropland,cropland,3,3,Fig 1,sd to be estimated,g C m-2,Done,"7 314,29",NA,NA,73.14,20.168511419149613,"8 091,43",NA,NA,80.91,16.850262246695102,NA,NA,YES,"0,1009759173",0,YES,"0,777142857",NA,NA,NA,NA,NA,1713,Tropical Wet,10,20,TRUE,"(5,10]",-83.6333,9.88333333333333,Beans/Maize,Alley/Hedgerow,1,A:<0/+1,Randomized Designs,Cropland,"[0,15)",TRUE,TRUE,0.7769999999999996,2.6281175594839103,6.907001906467665
851,139,850,2006,"Oelbermann, M.; Voroney, R. P.; Kass, D. C. L.; Schlonvoigt, A. M.",English,Article,NA,http://dx.doi.org/10.1016/j.geoderma.2005.02.009,Here we compare a SAF system that is 10 year old with its sole crop equivalent,LMP,Cropland,Full sun,NA,"zea mays,Phaseolus vulgaris",2,0,2,1,Cropland,Alley cropping,"Beans, Maize",NA,"zea mays,Phaseolus vulgaris,Gliricidia sepium",3,1,2,2,833,NA,Ferti-_ both,NA,Costa Rica,9°53'N,83°38'W,9.88333333333333,-83.6333,602,2648,21.7,NA,Cambisols,20,40,20,110,40,110,40,RCBD,10,NA,cropland,cropland,3,3,Fig 1,sd to be estimated,g C m-2,Done,"3 291,43",NA,NA,32.91,9.075002882201444,"2 994,29",NA,NA,29.94,6.235284287060331,NA,NA,YES,"-0,09461597634",0,YES,"-0,297142857",NA,NA,NA,NA,NA,1713,Tropical Wet,30,20,FALSE,"(25,50]",-83.6333,9.88333333333333,Beans/Maize,Alley/Hedgerow,1,A:<0/+1,Randomized Designs,Cropland,"[30,45)",TRUE,TRUE,-0.29699999999999954,1.101065154531856,1.2123444745242598
868,148,867,2001,"Gabriela Avila, Francisco Jiménez Otárola, Muhammad Akbar Ibrahim, John Beer",Spanish,Study,https://repositorio.catie.ac.cr/bitstream/handle/11554/5765/Almacenamiento_fijacion_de_carbon.pdf?sequence=1&isAllowed=y,NA,NA,LMP,Cropland,Full sun,NA,Coffea arabica,1,1,0,0,Cropland,Shaded perennial,Coffee,NA,"Coffea arabica,Eucalyptus deglupta",2,2,0,0,277,NA,NA,NA,Costa Rica,NA,NA,10.085,-84.345,1050,2263,21.75,NA,Andosols,0,25,25,73,0,73,0,CI,5.5,NA,unknown,unknown,9,9,Table 1,NA,t C ha-1,Done,"153,90","37,00","37,00",153.9,37,"139,10","23,30","23,30",139.1,23.3,NA,NA,YES,"-0,1011099419","0,009539759928",YES,"-2,690909091",NA,NA,NA,NA,NA,1713,Tropical Montane,12.5,25,TRUE,"(10,15]",-84.345,10.085,Cocoa/Coffee,Shaded perennial,1,A:<0/+1,Control-Impact Designs,Unknown/mixed,"[0,15)",FALSE,FALSE,-2.690909090909093,7.950029887152096,63.20297520661156
869,148,868,2001,"Gabriela Avila, Francisco Jiménez Otárola, Muhammad Akbar Ibrahim, John Beer",Spanish,Study,https://repositorio.catie.ac.cr/bitstream/handle/11554/5765/Almacenamiento_fijacion_de_carbon.pdf?sequence=1&isAllowed=y,NA,NA,LMP,Cropland,Full sun,NA,Coffea arabica,1,1,0,0,Cropland,Shaded perennial,Coffee,NA,"Coffea arabica,Eucalyptus deglupta",2,2,0,0,156,NA,NA,NA,Costa Rica,NA,NA,10.085,-84.345,1050,2263,21.75,NA,Andosols,0,25,25,73,0,73,0,CI,6.5,NA,unknown,unknown,9,9,Table 1,NA,t C ha-1,Done,"153,90","37,00","37,00",153.9,37,"161,00","54,40","54,40",161,54.4,NA,NA,YES,"0,04510132414","0,01910757977",YES,"1,092307692",NA,NA,NA,NA,NA,1713,Tropical Montane,12.5,25,TRUE,"(10,15]",-84.345,10.085,Cocoa/Coffee,Shaded perennial,1,A:<0/+1,Control-Impact Designs,Unknown/mixed,"[0,15)",FALSE,FALSE,1.0923076923076915,10.121580436500238,102.44639053254436
870,148,869,2001,"Gabriela Avila, Francisco Jiménez Otárola, Muhammad Akbar Ibrahim, John Beer",Spanish,Study,https://repositorio.catie.ac.cr/bitstream/handle/11554/5765/Almacenamiento_fijacion_de_carbon.pdf?sequence=1&isAllowed=y,NA,NA,LMP,Cropland,Full sun,NA,Coffea arabica,1,1,0,0,Cropland,Shaded perennial,Coffee,NA,"Coffea arabica,Eucalyptus deglupta",2,2,0,0,156,NA,NA,NA,Costa Rica,NA,NA,10.085,-84.345,1050,2263,21.75,NA,Andosols,0,25,25,73,0,73,0,CI,10,NA,unknown,unknown,9,9,Table 1,NA,t C ha-1,Done,"153,90","37,00","37,00",153.9,37,"108,60","15,40","15,40",108.6,15.4,NA,NA,YES,"-0,3486316333","0,008656486781",YES,"-4,53",NA,NA,NA,NA,NA,1713,Tropical Montane,12.5,25,TRUE,"(10,15]",-84.345,10.085,Cocoa/Coffee,Shaded perennial,1,A:<0/+1,Control-Impact Designs,Unknown/mixed,"[0,15)",FALSE,FALSE,-4.530000000000001,4.007692602982419,16.0616
871,148,870,2001,"Gabriela Avila, Francisco Jiménez Otárola, Muhammad Akbar Ibrahim, John Beer",Spanish,Study,https://repositorio.catie.ac.cr/bitstream/handle/11554/5765/Almacenamiento_fijacion_de_carbon.pdf?sequence=1&isAllowed=y,NA,NA,LMP,Cropland,Full sun,NA,Coffea arabica,1,1,0,0,Cropland,Shaded perennial,Coffee,NA,"Coffea arabica,Erythrina poeppigiana",2,2,0,1,156,NA,NA,NA,Costa Rica,NA,NA,10.085,-84.345,1050,2263,21.75,NA,Andosols,0,25,25,73,0,73,0,CI,11,NA,unknown,unknown,9,9,Table 1,NA,t C ha-1,Done,"153,90","37,00","37,00",153.9,37,"184,40","13,80","13,80",184.4,13.8,NA,NA,YES,"0,1808042703","0,007044489563",YES,"2,541666667",NA,NA,NA,NA,NA,1713,Tropical Montane,12.5,25,TRUE,"(10,15]",-84.345,10.085,Cocoa/Coffee,Shaded perennial,1,A:<0/+1,Control-Impact Designs,Unknown/mixed,"[0,15)",FALSE,FALSE,2.772727272727273,3.589976864033739,12.887933884297517
878,148,877,2001,"Gabriela Avila, Francisco Jiménez Otárola, Muhammad Akbar Ibrahim, John Beer",Spanish,Study,https://repositorio.catie.ac.cr/bitstream/handle/11554/5765/Almacenamiento_fijacion_de_carbon.pdf?sequence=1&isAllowed=y,NA,NA,LMP,Grassland,Full sun,NA,Brachiaria brizantha,1,0,1,0,Grassland,SilvoPasture,Pasture,NA,"Brachiaria brizantha,Acacia mangium",2,1,1,0,370,NA,NA,NA,Costa Rica,NA,NA,10.21,-83.735,200,4380,24.6,NA,Andosols,0,25,25,73,0,73,0,CI,3.8,NA,unknown,unknown,9,9,Table 1,NA,t C ha-1,Done,"66,20","16,40","16,40",66.2,16.4,"86,60","17,50","17,50",86.6,17.5,NA,NA,YES,"0,2686193526","0,01135643696",YES,"5,1",NA,NA,NA,NA,NA,1713,Tropical Wet,12.5,25,TRUE,"(10,15]",-83.735,10.21,Pasture,SilvoPasture,1,A:<0/+1,Control-Impact Designs,Unknown/mixed,"[0,15)",FALSE,FALSE,5.368421052631577,6.311456847244227,39.83448753462604
879,148,878,2001,"Gabriela Avila, Francisco Jiménez Otárola, Muhammad Akbar Ibrahim, John Beer",Spanish,Study,https://repositorio.catie.ac.cr/bitstream/handle/11554/5765/Almacenamiento_fijacion_de_carbon.pdf?sequence=1&isAllowed=y,NA,NA,LMP,Grassland,Full sun,NA,Brachiaria brizantha,1,0,1,0,Grassland,SilvoPasture,Pasture,NA,"Brachiaria brizantha,Eucalyptus deglupta",2,1,1,0,370,NA,NA,NA,Costa Rica,NA,NA,10.21,-83.735,200,4380,24.6,NA,Andosols,0,25,25,73,0,73,0,CI,3.8,NA,unknown,unknown,9,9,Table 1,NA,t C ha-1,Done,"66,20","16,40","16,40",66.2,16.4,"87,30","0,40","0,40",87.3,0.4,NA,NA,YES,"0,2766699999","0,006821466382",YES,"5,275",NA,NA,NA,NA,NA,1713,Tropical Wet,12.5,25,TRUE,"(10,15]",-83.735,10.21,Pasture,SilvoPasture,1,A:<0/+1,Control-Impact Designs,Unknown/mixed,"[0,15)",FALSE,FALSE,5.552631578947367,4.317072979875764,18.63711911357341
884,148,883,2001,"Gabriela Avila, Francisco Jiménez Otárola, Muhammad Akbar Ibrahim, John Beer",Spanish,Study,https://repositorio.catie.ac.cr/bitstream/handle/11554/5765/Almacenamiento_fijacion_de_carbon.pdf?sequence=1&isAllowed=y,NA,NA,LMP,Grassland,Full sun,NA,ratana,1,0,0,0,Grassland,SilvoPasture,Pasture,NA,"Brachiaria brizantha,Acacia mangium",2,1,1,0,370,NA,NA,NA,Costa Rica,NA,NA,10.21,-83.735,200,4380,24.6,NA,Andosols,0,25,25,73,0,73,0,CI,3,NA,unknown,unknown,9,9,Table 1,NA,t C ha-1,Done,"84,20","11,10","11,10",84.2,11.1,"86,60","17,50","17,50",86.6,17.5,NA,NA,YES,"0,02810489432","0,006468289848",YES,"0,8",NA,NA,NA,NA,NA,1713,Tropical Wet,12.5,25,TRUE,"(10,15]",-83.735,10.21,Pasture,SilvoPasture,1,A:<0/+1,Control-Impact Designs,Unknown/mixed,"[0,15)",FALSE,FALSE,0.7999999999999972,6.9078055689037585,47.717777777777776
885,148,884,2001,"Gabriela Avila, Francisco Jiménez Otárola, Muhammad Akbar Ibrahim, John Beer",Spanish,Study,https://repositorio.catie.ac.cr/bitstream/handle/11554/5765/Almacenamiento_fijacion_de_carbon.pdf?sequence=1&isAllowed=y,NA,NA,LMP,Grassland,Full sun,NA,ratana,1,0,0,0,Grassland,SilvoPasture,Pasture,NA,"Brachiaria brizantha,Eucalyptus deglupta",2,1,1,0,370,NA,NA,NA,Costa Rica,NA,NA,10.21,-83.735,200,4380,24.6,NA,Andosols,0,25,25,73,0,73,0,CI,3,NA,unknown,unknown,9,9,Table 1,NA,t C ha-1,Done,"84,20","11,10","11,10",84.2,11.1,"87,30","0,40","0,40",87.3,0.4,NA,NA,YES,"0,0361555416","0,00193331927",YES,"1,033333333",NA,NA,NA,NA,NA,1713,Tropical Wet,12.5,25,TRUE,"(10,15]",-83.735,10.21,Pasture,SilvoPasture,1,A:<0/+1,Control-Impact Designs,Unknown/mixed,"[0,15)",FALSE,FALSE,1.0333333333333314,3.70240162297093,13.707777777777777
886,150,885,1999,Ibrahim Muhammad Akbar; López Alejandro; Schlönvoigt Andrea; Kleinn Christoph; Kanninen Markku,Spanish,Study,https://repositorio.catie.ac.cr/bitstream/handle/11554/5996/Cuantificacion_del_carbono.pdf?sequence=1&isAllowed=y,NA,NA,LMP,Grassland,Full sun,NA,Panicum maximum,1,0,1,0,Grassland,SilvoPasture,Pasture,NA,"Panicum maximum,Cordia alliodora",2,1,1,0,180,NA,NA,NA,Costa Rica,10°28'N,84°35'W,10.4666666666667,-84.5833333333333,250,3609,26.1,NA,Andosols,0,10,10,110,40,110,40,CI,3,Pastures,unknown,pasture,1,1,Figure 2,sd to be estimated,g C L-1,Done,"71,99",NA,NA,71.99,27.398725096655607,"69,09",NA,NA,69.09,26.919466016659186,NA,NA,YES,"-0,04114707126",0,YES,"-0,9673830567",NA,NA,NA,251,95,1713,Tropical Wet,5,10,TRUE,"(0,5]",-84.5833333333333,10.4666666666667,Pasture,SilvoPasture,1,A:<0/+1,Control-Impact Designs,Unknown/mixed,"[0,15)",TRUE,TRUE,-0.9666666666666638,12.80341876021216,163.9275319493527
887,150,886,1999,Ibrahim Muhammad Akbar; López Alejandro; Schlönvoigt Andrea; Kleinn Christoph; Kanninen Markku,Spanish,Study,https://repositorio.catie.ac.cr/bitstream/handle/11554/5996/Cuantificacion_del_carbono.pdf?sequence=1&isAllowed=y,NA,NA,LMP,Grassland,Full sun,NA,Panicum maximum,1,0,1,0,Grassland,SilvoPasture,Pasture,NA,"Panicum maximum,Cordia alliodora",2,1,1,0,180,NA,NA,NA,Costa Rica,10°28'N,84°35'W,10.4666666666667,-84.5833333333333,250,3609,26.1,NA,Andosols,10,20,10,110,40,110,40,CI,3,Pastures,unknown,pasture,1,1,Figure 2,sd to be estimated,g C L-1,Done,"48,99",NA,NA,48.99,18.645138803794392,"45,00",NA,NA,45,17.533303962218316,NA,NA,YES,"-0,08493747999",0,YES,"-1,329735033",NA,NA,NA,251,95,1713,Tropical Wet,15,10,FALSE,"(10,15]",-84.5833333333333,10.4666666666667,Pasture,SilvoPasture,1,A:<0/+1,Control-Impact Designs,Unknown/mixed,"[15,30)",TRUE,TRUE,-1.3300000000000007,8.53136662781852,72.78421653825554
891,150,890,1999,Ibrahim Muhammad Akbar; López Alejandro; Schlönvoigt Andrea; Kleinn Christoph; Kanninen Markku,Spanish,Study,https://repositorio.catie.ac.cr/bitstream/handle/11554/5996/Cuantificacion_del_carbono.pdf?sequence=1&isAllowed=y,NA,NA,LMP,Grassland,Full sun,NA,Panicum maximum,1,0,1,0,Grassland,SilvoPasture,Pasture,NA,"Panicum maximum,Cordia alliodora",2,1,1,0,153,NA,NA,NA,Costa Rica,10°28'N,84°35'W,10.4666666666667,-84.5833333333333,250,3609,26.1,NA,Cambisols,10,20,10,110,40,110,40,CI,12.6820185614849,Pastures,unknown,pasture,1,1,Figure 2,sd to be estimated,g C L-1,Done,"48,99",NA,NA,48.99,18.645138803794392,"47,97",NA,NA,47.97,18.690502023724722,NA,NA,YES,"-0,02105340921",0,YES,"-0,204121688",NA,NA,NA,251,95,1713,Tropical Wet,15,10,FALSE,"(10,15]",-84.5833333333333,10.4666666666667,Pasture,SilvoPasture,1,A:<0/+1,Control-Impact Designs,Unknown/mixed,"[15,30)",TRUE,TRUE,-0.08042883670725162,2.08171153257827,4.333522904869369
894,150,893,1999,Ibrahim Muhammad Akbar; López Alejandro; Schlönvoigt Andrea; Kleinn Christoph; Kanninen Markku,Spanish,Study,https://repositorio.catie.ac.cr/bitstream/handle/11554/5996/Cuantificacion_del_carbono.pdf?sequence=1&isAllowed=y,NA,NA,LMP,Grassland,Full sun,NA,Panicum maximum,1,0,1,0,Grassland,SilvoPasture,Pasture,NA,"Panicum maximum,Cordia alliodora",2,1,1,0,125,NA,NA,NA,Costa Rica,10°28'N,84°35'W,10.4666666666667,-84.5833333333333,250,3609,26.1,NA,Cambisols,0,10,10,110,40,110,40,CI,12,Pastures,unknown,pasture,1,1,Figure 2,sd to be estimated,g C L-1,Done,"71,99",NA,NA,71.99,27.398725096655607,"57,78",NA,NA,57.78,22.512762287488318,NA,NA,YES,"-0,2198773536",0,YES,"-2,030001403",NA,NA,NA,251,95,1713,Tropical Wet,5,10,TRUE,"(0,5]",-84.5833333333333,10.4666666666667,Pasture,SilvoPasture,1,A:<0/+1,Control-Impact Designs,Unknown/mixed,"[0,15)",TRUE,TRUE,-1.1841666666666661,2.9551210291240633,8.732740296771263
895,150,894,1999,Ibrahim Muhammad Akbar; López Alejandro; Schlönvoigt Andrea; Kleinn Christoph; Kanninen Markku,Spanish,Study,https://repositorio.catie.ac.cr/bitstream/handle/11554/5996/Cuantificacion_del_carbono.pdf?sequence=1&isAllowed=y,NA,NA,LMP,Grassland,Full sun,NA,Panicum maximum,1,0,1,0,Grassland,SilvoPasture,Pasture,NA,"Panicum maximum,Cordia alliodora",2,1,1,0,125,NA,NA,NA,Costa Rica,10°28'N,84°35'W,10.4666666666667,-84.5833333333333,250,3609,26.1,NA,Cambisols,10,20,10,110,40,110,40,CI,12,Pastures,unknown,pasture,1,1,Figure 2,sd to be estimated,g C L-1,Done,"48,99",NA,NA,48.99,18.645138803794392,"42,16",NA,NA,42.16,16.42675766771387,NA,NA,YES,"-0,1501522738",0,YES,"-0,97574653",NA,NA,NA,251,95,1713,Tropical Wet,15,10,FALSE,"(10,15]",-84.5833333333333,10.4666666666667,Pasture,SilvoPasture,1,A:<0/+1,Control-Impact Designs,Unknown/mixed,"[15,30)",TRUE,TRUE,-0.5691666666666672,2.07076134765318,4.288052558934415
896,150,895,1999,Ibrahim Muhammad Akbar; López Alejandro; Schlönvoigt Andrea; Kleinn Christoph; Kanninen Markku,Spanish,Study,https://repositorio.catie.ac.cr/bitstream/handle/11554/5996/Cuantificacion_del_carbono.pdf?sequence=1&isAllowed=y,NA,NA,LMP,Grassland,Full sun,NA,Panicum maximum,1,0,1,0,Grassland,SilvoPasture,Pasture,NA,"Panicum maximum,Cordia alliodora",2,1,1,0,125,NA,NA,NA,Costa Rica,10°28'N,84°35'W,10.4666666666667,-84.5833333333333,250,3609,26.1,NA,Cambisols,20,30,10,110,40,110,40,CI,12,Pastures,unknown,pasture,1,1,Figure 2,sd to be estimated,g C L-1,Done,"45,85",NA,NA,45.85,17.450083979464644,"28,89",NA,NA,28.89,11.256381143744159,NA,NA,YES,"-0,4618180445",0,YES,"-2,422543109",NA,NA,NA,251,95,1713,Tropical Wet,25,10,FALSE,"(15,25]",-84.5833333333333,10.4666666666667,Pasture,SilvoPasture,1,A:<0/+1,Control-Impact Designs,Unknown/mixed,"[15,30)",TRUE,TRUE,-1.4133333333333333,1.73046948379063,2.9945246343306096
897,150,896,1999,Ibrahim Muhammad Akbar; López Alejandro; Schlönvoigt Andrea; Kleinn Christoph; Kanninen Markku,Spanish,Study,https://repositorio.catie.ac.cr/bitstream/handle/11554/5996/Cuantificacion_del_carbono.pdf?sequence=1&isAllowed=y,NA,NA,LMP,Grassland,Full sun,NA,Panicum maximum,1,0,1,0,Grassland,SilvoPasture,Pasture,NA,"Panicum maximum,Cordia alliodora",2,1,1,0,125,NA,NA,NA,Costa Rica,10°28'N,84°35'W,10.4666666666667,-84.5833333333333,250,3609,26.1,NA,Cambisols,30,50,20,110,40,110,40,CI,12,Pastures,unknown,pasture,1,1,Figure 2,sd to be estimated,g C L-1,Done,"32,66",NA,NA,65.32,24.860185071725855,"23,79",NA,NA,47.58,18.53854672271883,NA,NA,YES,"-0,3169524547",0,YES,"-2,534697883",NA,NA,NA,251,95,1713,Tropical Wet,40,20,FALSE,"(25,50]",-84.5833333333333,10.4666666666667,Pasture,SilvoPasture,1,A:<0/+1,Control-Impact Designs,Unknown/mixed,"[30,45)",TRUE,TRUE,-1.4783333333333328,2.5842827776651567,6.678517474936737
928,151,927,2002,"Villanueva Cristóbal, Ibrahim Muhammad Akbar",Spanish,Study,https://repositorio.catie.ac.cr/bitstream/handle/11554/6284/Evaluacion_del_impacto.pdf?sequence=1&isAllowed=y,NA,NA,LMP,Grassland,Full sun,NA,Pennisetum clandestinum,1,0,1,0,Grassland,SilvoPasture,Pasture,NA,"Pennisetum clandestinum,Alnus acuminata",2,1,1,1,711,NA,NA,NA,Costa Rica,9°57'30''N,83°54'00''W,9.95833333333333,-83.9,2000,2700,17,NA,Cambisols,0,20,20,123,73,107,73,BA,4,Pastures,pasture,pasture,3,3,Table 1,NA,t C ha-1,Done,"65,10","15,80","15,80",65.1,15.8,"78,40","3,80","3,80",78.4,3.8,NA,"1,3",YES,"0,1858993781","0,0204180955",YES,NA,NA,NA,1.3,160,90,1290,Warm Temperate Moist,10,20,TRUE,"(5,10]",-83.9,9.95833333333333,Pasture,SilvoPasture,1,A:<0/+1,Before-After Designs,Grassland,"[0,15)",FALSE,FALSE,1.3,4.062634613154375,16.505000000000003
929,151,928,2002,"Villanueva Cristóbal, Ibrahim Muhammad Akbar",Spanish,Study,https://repositorio.catie.ac.cr/bitstream/handle/11554/6284/Evaluacion_del_impacto.pdf?sequence=1&isAllowed=y,NA,NA,LMP,Grassland,Full sun,NA,Pennisetum clandestinum,1,0,1,0,Grassland,SilvoPasture,Pasture,NA,"Pennisetum clandestinum,Alnus acuminata",2,1,1,1,711,NA,NA,NA,Costa Rica,9°57'30''N,83°54'00''W,9.95833333333333,-83.9,2000,2700,17,NA,Cambisols,20,40,20,123,73,107,73,BA,4,Pastures,pasture,pasture,3,3,Table 1,NA,t C ha-1,Done,"62,70","9,70","9,70",62.7,9.7,"65,70","5,40","5,40",65.7,5.4,NA,"0,85",YES,"0,04673747785","0,01022970286",YES,NA,NA,NA,0.85,160,90,1290,Warm Temperate Moist,30,20,FALSE,"(25,50]",-83.9,9.95833333333333,Pasture,SilvoPasture,1,A:<0/+1,Before-After Designs,Grassland,"[30,45)",FALSE,FALSE,0.85,2.775450413896815,7.703125000000001
930,151,929,2002,"Villanueva Cristóbal, Ibrahim Muhammad Akbar",Spanish,Study,https://repositorio.catie.ac.cr/bitstream/handle/11554/6284/Evaluacion_del_impacto.pdf?sequence=1&isAllowed=y,NA,NA,LMP,Grassland,Full sun,NA,Pennisetum clandestinum,1,0,1,0,Grassland,SilvoPasture,Pasture,NA,"Pennisetum clandestinum,Alnus acuminata",2,1,1,1,711,NA,NA,NA,Costa Rica,9°57'30''N,83°54'00''W,9.95833333333333,-83.9,2000,2700,17,NA,Cambisols,40,60,20,123,73,107,73,BA,4,Pastures,pasture,pasture,3,3,Table 1,NA,t C ha-1,Done,"56,80","9,00","9,00",56.8,9,"52,60","3,40","3,40",52.6,3.4,NA,"0,375",YES,"-0,07682020598","0,009761599324",YES,NA,NA,NA,0.375,160,90,1290,Warm Temperate Moist,50,20,FALSE,"(25,50]",-83.9,9.95833333333333,Pasture,SilvoPasture,1,A:<0/+1,Before-After Designs,Grassland,"[45,55)",FALSE,FALSE,0.375,2.405202694161139,5.785000000000001
932,153,931,2013,"Muhammad Ibrahim, Mario Chacón, César Cuartas, Juan Naranjo, Guillermo Ponce, Pedro Vega, Francisco Casasola, Jairo Rojas",Spanish,Study,https://repositorio.catie.ac.cr/bitstream/handle/11554/7934/Almacenamiento_de_carbono_en_el_suelo.pdf?sequence=2&isAllowed=y,NA,NA,LMP,Grassland,Full sun,degraded,Pasture,3,0,3,0,Grassland,SilvoPasture,Pasture,NA,"Leucaena leucocephala,Cynodon plectostachyus",2,1,1,1,NA,NA,NA,NA,Colombia,4°26'N,75°38'00''W,4.4333,-75.6333,1128,1950,21.6,NA,Cambisols,0,100,100,85,87,85,87,CI,12,NA,unknown,unknown,9,9,Figure 3,SE,t C ha-1,Done,"68,80","5,38 SE","16,14",68.8,16.14,"63,25","5,38 SE","16,14",63.25,16.14,NA,NA,YES,"-0,08410861733","0,01334995885",YES,"-0,8538461538",NA,NA,NA,NA,NA,1713,Tropical Montane,50,100,TRUE,"(25,50]",-75.6333,4.4333,Pasture,SilvoPasture,-1,A:<0/+1,Control-Impact Designs,Unknown/mixed,"[45,55)",FALSE,FALSE,-0.46249999999999974,1.902117241391813,3.6180500000000007
933,153,932,2013,"Muhammad Ibrahim, Mario Chacón, César Cuartas, Juan Naranjo, Guillermo Ponce, Pedro Vega, Francisco Casasola, Jairo Rojas",Spanish,Study,https://repositorio.catie.ac.cr/bitstream/handle/11554/7934/Almacenamiento_de_carbono_en_el_suelo.pdf?sequence=2&isAllowed=y,NA,NA,LMP,Grassland,Full sun,improved,Pasture,3,0,3,0,Grassland,SilvoPasture,Pasture,NA,"Leucaena leucocephala,Cynodon plectostachyus",2,1,1,1,NA,NA,NA,NA,Colombia,4°26'N,75°38'00''W,4.4333,-75.6333,1128,1950,21.6,NA,Cambisols,0,100,100,85,87,85,87,CI,12,NA,unknown,unknown,9,9,Figure 3,SE,t C ha-1,Done,"81,15","3,84 SE","11,52",81.15,11.52,"63,25","5,38 SE","16,14",63.25,16.14,NA,NA,YES,"-0,2492041664","0,009474243974",YES,"-2,753846154",NA,NA,NA,NA,NA,1713,Tropical Montane,50,100,TRUE,"(25,50]",-75.6333,4.4333,Pasture,SilvoPasture,-1,A:<0/+1,Control-Impact Designs,Unknown/mixed,"[45,55)",FALSE,FALSE,-1.4916666666666671,1.6524602869660743,2.7306250000000007
937,153,936,2013,"Muhammad Ibrahim, Mario Chacón, César Cuartas, Juan Naranjo, Guillermo Ponce, Pedro Vega, Francisco Casasola, Jairo Rojas",Spanish,Study,https://repositorio.catie.ac.cr/bitstream/handle/11554/7934/Almacenamiento_de_carbono_en_el_suelo.pdf?sequence=2&isAllowed=y,NA,NA,LMP,Grassland,Full sun,Ameliored,Brachiaria brizantha,1,0,1,0,Grassland,SilvoPasture,Pasture,low tree density,"Brachiaria brizantha,trees",2,1,1,0,<30,NA,NA,NA,Costa Rica,10°09'N,84°42'W,10.15,-84.7,280,2043,27.2,NA,Cambisols,0,100,100,100,143,100,143,CI,12,NA,unknown,unknown,9,9,Figure 3,SE,t C ha-1,Done,"139,48","18,25 SE","54,75",139.48,54.75,"117,53","20,63 SE","61,89",117.53,61.89,NA,NA,YES,"-0,1712276017","0,04793058383",YES,"-1,829166667",NA,NA,NA,231,99,1810,Tropical Wet,50,100,TRUE,"(25,50]",-84.7,10.15,Pasture,SilvoPasture,1,A:<0/+1,Control-Impact Designs,Unknown/mixed,"[45,55)",FALSE,FALSE,-1.8291666666666657,6.885943108972075,47.41621250000001
938,153,937,2013,"Muhammad Ibrahim, Mario Chacón, César Cuartas, Juan Naranjo, Guillermo Ponce, Pedro Vega, Francisco Casasola, Jairo Rojas",Spanish,Study,https://repositorio.catie.ac.cr/bitstream/handle/11554/7934/Almacenamiento_de_carbono_en_el_suelo.pdf?sequence=2&isAllowed=y,NA,NA,LMP,Grassland,Full sun,natural,Brachiaria brizantha,1,0,1,0,Grassland,SilvoPasture,Pasture,low tree density,"Brachiaria brizantha,trees",2,1,1,0,<30,NA,NA,NA,Costa Rica,10°09'N,84°42'W,10.15,-84.7,280,2043,27.2,NA,Cambisols,0,100,100,100,143,100,143,CI,15,NA,unknown,unknown,9,9,Figure 3,SE,t C ha-1,Done,"142,86","35,9 SE","107,70",142.86,107.7,"117,53","20,63 SE","61,89",117.53,61.89,NA,NA,YES,"-0,1951515098","0,09396234873",YES,"-2,110595238",NA,NA,NA,231,99,1810,Tropical Wet,50,100,TRUE,"(25,50]",-84.7,10.15,Pasture,SilvoPasture,1,A:<0/+1,Control-Impact Designs,Unknown/mixed,"[45,55)",FALSE,FALSE,-1.6886666666666674,8.281079398242719,68.576275999999993
942,153,941,2013,"Muhammad Ibrahim, Mario Chacón, César Cuartas, Juan Naranjo, Guillermo Ponce, Pedro Vega, Francisco Casasola, Jairo Rojas",Spanish,Study,https://repositorio.catie.ac.cr/bitstream/handle/11554/7934/Almacenamiento_de_carbono_en_el_suelo.pdf?sequence=2&isAllowed=y,NA,NA,LMP,Grassland,Full sun,Ameliored,Brachiaria brizantha,1,0,1,0,Grassland,SilvoPasture,Pasture,high tree density,"Brachiaria brizantha,trees",2,1,1,0,>30,NA,NA,NA,Costa Rica,10°09'N,84°42'W,10.15,-84.7,280,2043,27.2,NA,Cambisols,0,100,100,100,143,100,143,CI,12,NA,unknown,unknown,9,9,Figure 3,SE,t C ha-1,Done,"139,48","18,25 SE","54,75",139.48,54.75,"121,70","25,4 SE","76,20",121.7,76.2,NA,NA,YES,"-0,1363622218","0,06067976519",YES,"-1,481666667",NA,NA,NA,231,99,1810,Tropical Wet,50,100,TRUE,"(25,50]",-84.7,10.15,Pasture,SilvoPasture,1,A:<0/+1,Control-Impact Designs,Unknown/mixed,"[45,55)",FALSE,FALSE,-1.4816666666666656,7.819137180661304,61.138906250000005
943,153,942,2013,"Muhammad Ibrahim, Mario Chacón, César Cuartas, Juan Naranjo, Guillermo Ponce, Pedro Vega, Francisco Casasola, Jairo Rojas",Spanish,Study,https://repositorio.catie.ac.cr/bitstream/handle/11554/7934/Almacenamiento_de_carbono_en_el_suelo.pdf?sequence=2&isAllowed=y,NA,NA,LMP,Grassland,Full sun,natural,Brachiaria brizantha,1,0,1,0,Grassland,SilvoPasture,Pasture,high tree density,"Brachiaria brizantha,trees",2,1,1,0,>30,NA,NA,NA,Costa Rica,10°09'N,84°42'W,10.15,-84.7,280,2043,27.2,NA,Cambisols,0,100,100,100,143,100,143,CI,12,NA,unknown,unknown,9,9,Figure 3,SE,t C ha-1,Done,"142,86","35,9 SE","107,70",142.86,107.7,"121,70","25,4 SE","76,20",121.7,76.2,NA,NA,YES,"-0,1602861299","0,1067115301",YES,"-1,763095238",NA,NA,NA,231,99,1810,Tropical Wet,50,100,TRUE,"(25,50]",-84.7,10.15,Pasture,SilvoPasture,1,A:<0/+1,Control-Impact Designs,Unknown/mixed,"[45,55)",FALSE,FALSE,-1.7633333333333343,10.994231441988113,120.87312500000002
946,153,945,2013,"Muhammad Ibrahim, Mario Chacón, César Cuartas, Juan Naranjo, Guillermo Ponce, Pedro Vega, Francisco Casasola, Jairo Rojas",Spanish,Study,https://repositorio.catie.ac.cr/bitstream/handle/11554/7934/Almacenamiento_de_carbono_en_el_suelo.pdf?sequence=2&isAllowed=y,NA,NA,LMP,Grassland,Full sun,degraded,Pasture,3,0,3,0,Grassland,SilvoPasture,Pasture,low tree density,"Brachiaria brizantha,trees",2,1,1,0,<30,NA,NA,NA,Nicaragua,12°50'N,85°27'W,12.8333333333333,-85.45,302.5,1400,30,NA,Cambisols,0,100,100,85,87,85,87,CI,12,NA,unknown,unknown,9,9,Figure 3,SE,t C ha-1,Done,"63,12","7,61 SE","22,83",63.12,22.83,"106,03","24,7 SE","74,10",106.03,74.1,NA,NA,YES,"0,5187011467","0,06880323753",YES,"6,601701118",NA,NA,NA,231,99,1810,Tropical Moist,50,100,TRUE,"(25,50]",-85.45,12.8333333333333,Pasture,SilvoPasture,-1,A:<0/+1,Control-Impact Designs,Unknown/mixed,"[45,55)",FALSE,FALSE,3.5758333333333336,6.461434148081987,41.750131249999995
948,153,947,2013,"Muhammad Ibrahim, Mario Chacón, César Cuartas, Juan Naranjo, Guillermo Ponce, Pedro Vega, Francisco Casasola, Jairo Rojas",Spanish,Study,https://repositorio.catie.ac.cr/bitstream/handle/11554/7934/Almacenamiento_de_carbono_en_el_suelo.pdf?sequence=2&isAllowed=y,NA,NA,LMP,Grassland,Full sun,Ameliored,Pasture,3,0,3,0,Grassland,SilvoPasture,Pasture,low tree density,"Brachiaria brizantha,trees",2,1,1,0,<30,NA,NA,NA,Nicaragua,12°50'N,85°27'W,12.8333333333333,-85.45,302.5,1400,30,NA,Cambisols,0,100,100,85,87,85,87,CI,12,NA,unknown,unknown,9,9,Figure 3,SE,t C ha-1,Done,"97,30","8,24 SE","24,72",97.3,24.72,"106,03","24,7 SE","74,10",106.03,74.1,NA,NA,YES,"0,08592308375","0,06143888071",YES,"1,343076923",NA,NA,NA,231,99,1810,Tropical Moist,50,100,TRUE,"(25,50]",-85.45,12.8333333333333,Pasture,SilvoPasture,-1,A:<0/+1,Control-Impact Designs,Unknown/mixed,"[45,55)",FALSE,FALSE,0.7275000000000004,6.509548755482211,42.374224999999996
951,153,950,2013,"Muhammad Ibrahim, Mario Chacón, César Cuartas, Juan Naranjo, Guillermo Ponce, Pedro Vega, Francisco Casasola, Jairo Rojas",Spanish,Study,https://repositorio.catie.ac.cr/bitstream/handle/11554/7934/Almacenamiento_de_carbono_en_el_suelo.pdf?sequence=2&isAllowed=y,NA,NA,LMP,Grassland,Full sun,degraded,Pasture,3,0,3,0,Grassland,SilvoPasture,Pasture,high tree density,"Brachiaria brizantha,trees",2,1,1,0,>30,NA,NA,NA,Nicaragua,12°50'N,85°27'W,12.8333333333333,-85.45,302.5,1400,30,NA,Cambisols,0,100,100,85,87,85,87,CI,12,NA,unknown,unknown,9,9,Figure 3,SE,t C ha-1,Done,"63,12","7,61 SE","22,83",63.12,22.83,"91,02","3,17 SE","9,51",91.02,9.51,NA,NA,YES,"0,3660583363","0,01574912176",YES,"4,292470349",NA,NA,NA,231,99,1810,Tropical Moist,50,100,TRUE,"(25,50]",-85.45,12.8333333333333,Pasture,SilvoPasture,-1,A:<0/+1,Control-Impact Designs,Unknown/mixed,"[45,55)",FALSE,FALSE,2.3249999999999997,2.0609615474336245,4.2475625
953,153,952,2013,"Muhammad Ibrahim, Mario Chacón, César Cuartas, Juan Naranjo, Guillermo Ponce, Pedro Vega, Francisco Casasola, Jairo Rojas",Spanish,Study,https://repositorio.catie.ac.cr/bitstream/handle/11554/7934/Almacenamiento_de_carbono_en_el_suelo.pdf?sequence=2&isAllowed=y,NA,NA,LMP,Grassland,Full sun,Ameliored,Pasture,3,0,3,0,Grassland,SilvoPasture,Pasture,high tree density,"Brachiaria brizantha,trees",2,1,1,0,>30,NA,NA,NA,Nicaragua,12°50'N,85°27'W,12.8333333333333,-85.45,302.5,1400,30,NA,Cambisols,0,100,100,85,87,85,87,CI,12,NA,unknown,unknown,9,9,Figure 3,SE,t C ha-1,Done,"97,30","8,24 SE","24,72",97.3,24.72,"91,02","3,17 SE","9,51",91.02,9.51,NA,NA,YES,"-0,0667197266","0,008384764945",YES,"-0,9661538462",NA,NA,NA,231,99,1810,Tropical Moist,50,100,TRUE,"(25,50]",-85.45,12.8333333333333,Pasture,SilvoPasture,-1,A:<0/+1,Control-Impact Designs,Unknown/mixed,"[45,55)",FALSE,FALSE,-0.5233333333333334,2.2071828764286843,4.871656250000001
995,160,994,2002,Ruíz García Alfredo,Spanish,MSc thesis,https://repositorio.catie.ac.cr/bitstream/handle/11554/2148/Fijacion_y_almacenamiento.pdf?sequence=1&isAllowed=y,NA,NA,LMP,Grassland,Full sun,NA,"Paspalum notatum,Paspalum virgatum,Hyparrhenia rufa",3,0,3,0,Grassland,SilvoPasture,Pasture,NA,"Paspalum notatum,Paspalum virgatum,Hyparrhenia rufa,Cassia grandis,Platymiscium pleiostachyum,Pithecellobium saman,Guazuma ulmifolia,Eterolobium cyclocarpum,Cordia alliodora,Tabebuia rosea",10,7,3,4,NA,NA,NA,NA,Nicaragua,12°50'N,85°27'W,12.8333,-85.45,300,1500,27,NA,Acrisols,0,20,20,141,92,NA,NA,CI,9.5,NA,unknown,unknown,5,5,Cuadro 16,NA,t C ha-1,Done,"84,30","6,70","6,70",84.3,6.7,"73,50","6,10","6,10",73.5,6.1,NA,NA,YES,"-0,1370964588","0,00264092639",YES,"-1,136842105",NA,NA,NA,NA,NA,1713,Tropical Moist,10,20,TRUE,"(5,10]",-85.45,12.8333,Pasture,SilvoPasture,7,C+2+,Control-Impact Designs,Unknown/mixed,"[0,15)",FALSE,FALSE,-1.1368421052631577,0.953779477058888,0.9096952908587258
996,160,995,2002,Ruíz García Alfredo,Spanish,MSc thesis,https://repositorio.catie.ac.cr/bitstream/handle/11554/2148/Fijacion_y_almacenamiento.pdf?sequence=1&isAllowed=y,NA,NA,LMP,Grassland,Full sun,NA,"Paspalum notatum,Paspalum virgatum,Hyparrhenia rufa",3,0,3,0,Grassland,SilvoPasture,Pasture,NA,"Paspalum notatum,Paspalum virgatum,Hyparrhenia rufa,Cassia grandis,Platymiscium pleiostachyum,Pithecellobium saman,Guazuma ulmifolia,Eterolobium cyclocarpum,Cordia alliodora,Tabebuia rosea",10,7,3,4,NA,NA,NA,NA,Nicaragua,12°50'N,85°27'W,12.8333,-85.45,300,1500,27,NA,Acrisols,20,40,20,141,92,NA,NA,CI,9.5,NA,unknown,unknown,5,5,Cuadro 16,NA,t C ha-1,Done,"34,10","4,70","4,70",34.1,4.7,"33,80","4,30","4,30",33.8,4.3,NA,NA,YES,"-0,0088365818","0,00703634841",YES,"-0,03157894737",NA,NA,NA,NA,NA,1713,Tropical Moist,30,20,FALSE,"(25,50]",-85.45,12.8333,Pasture,SilvoPasture,7,C+2+,Control-Impact Designs,Unknown/mixed,"[30,45)",FALSE,FALSE,-0.031578947368421505,0.6705519287845467,0.4496398891966758
997,160,996,2002,Ruíz García Alfredo,Spanish,MSc thesis,https://repositorio.catie.ac.cr/bitstream/handle/11554/2148/Fijacion_y_almacenamiento.pdf?sequence=1&isAllowed=y,NA,NA,LMP,Grassland,Full sun,NA,"Paspalum notatum,Paspalum virgatum,Hyparrhenia rufa",3,0,3,0,Grassland,SilvoPasture,Pasture,NA,"Paspalum notatum,Paspalum virgatum,Hyparrhenia rufa,Cassia grandis,Platymiscium pleiostachyum,Pithecellobium saman,Guazuma ulmifolia,Eterolobium cyclocarpum,Cordia alliodora,Tabebuia rosea",10,7,3,4,NA,NA,NA,NA,Nicaragua,12°50'N,85°27'W,12.8333,-85.45,300,1500,27,NA,Acrisols,40,80,40,141,92,NA,NA,CI,9.5,NA,unknown,unknown,5,5,Cuadro 16,NA,t C ha-1,Done,"31,40","7,80","7,80",31.4,7.8,"48,00","7,10","7,10",48,7.1,NA,NA,YES,"0,424393118","0,01671713951",YES,"1,747368421",NA,NA,NA,NA,NA,1713,Tropical Moist,60,40,FALSE,"(50,100]",-85.45,12.8333,Pasture,SilvoPasture,7,C+2+,Control-Impact Designs,Unknown/mixed,"[55,75]",FALSE,FALSE,1.7473684210526317,1.1102643741962626,1.2326869806094185
1001,161,1000,2008,Rolando Hermes Cerda Bustillos,Spanish,MSc thesis,https://repositorio.catie.ac.cr/bitstream/handle/11554/5551/Soil_quality_in_cacao.pdf?sequence=1&isAllowed=y,NA,NA,LMP,Cropland,Full sun,NA,Theobroma cacao,1,1,0,0,Cropland,Shaded perennial,Cocoa,NA,"Theobroma cacao,Cordia alliodora",2,2,0,0,500-650,NA,NA,NA,Costa Rica,9°00'N,82°35'W,9.57,-82.88,200,2500,25.5,NA,Andosols,0,20,20,90,96,83,96,CI,20,NA,unknown,unknown,5,7,Table 7,MO,%,Done,"1,90","0,39","0,87",30.84,14.17,"2,44","0,91","2,40",36.64,36.01,NA,NA,YES,"0,1723882674","0,1801982593",YES,"0,2901209302",NA,NA,NA,216,94,1424,Tropical Wet,10,20,TRUE,"(5,10]",-82.88,9.57,Cocoa/Coffee,Shaded perennial,1,A:<0/+1,Control-Impact Designs,Unknown/mixed,"[0,15)",FALSE,FALSE,0.29000000000000004,1.934883071402507,3.7437724999999986
1002,161,1001,2008,Rolando Hermes Cerda Bustillos,Spanish,MSc thesis,https://repositorio.catie.ac.cr/bitstream/handle/11554/5551/Soil_quality_in_cacao.pdf?sequence=1&isAllowed=y,NA,NA,LMP,Cropland,Full sun,NA,Theobroma cacao,1,1,0,0,Cropland,Shaded perennial,Cocoa,NA,"Theobroma cacao,Cordia alliodora",2,2,0,0,600-800,NA,NA,NA,Costa Rica,9°00'N,82°35'W,9.57,-82.88,200,2500,25.5,NA,Andosols,0,20,20,90,96,92,96,CI,9,NA,unknown,unknown,5,7,Table 7,MO,%,Done,"1,90","0,39","0,87",30.84,14.17,"1,59","0,38","1,00",26.4,16.63,NA,NA,YES,"-0,1554466795","0,098928418",YES,"-0,4933457364",NA,NA,NA,216,94,1424,Tropical Wet,10,20,TRUE,"(5,10]",-82.88,9.57,Cocoa/Coffee,Shaded perennial,1,A:<0/+1,Control-Impact Designs,Unknown/mixed,"[0,15)",FALSE,FALSE,-0.49333333333333346,2.427582753417761,5.893158024691359
1003,161,1002,2008,Rolando Hermes Cerda Bustillos,Spanish,MSc thesis,https://repositorio.catie.ac.cr/bitstream/handle/11554/5551/Soil_quality_in_cacao.pdf?sequence=1&isAllowed=y,NA,NA,LMP,Cropland,Full sun,NA,Theobroma cacao,1,1,0,0,Cropland,Shaded perennial,Cocoa,NA,"Theobroma cacao,Cordia alliodora",2,2,0,0,500-650,NA,NA,NA,Costa Rica,9°00'N,82°35'W,9.57,-82.88,200,2500,25.5,NA,Andosols,0,20,20,96,96,83,96,CI,20,NA,unknown,unknown,7,7,Table 7,MO,%,Done,"1,65","0,40","1,05",28.66,18.16,"2,44","0,91","2,40",36.64,36.01,NA,NA,YES,"0,2457728894","0,1952890785",YES,"0,3992316279",NA,NA,NA,216,94,1424,Tropical Wet,10,20,TRUE,"(5,10]",-82.88,9.57,Cocoa/Coffee,Shaded perennial,1,A:<0/+1,Control-Impact Designs,Unknown/mixed,"[0,15)",FALSE,FALSE,0.399,2.016498016364013,4.06626425
1004,161,1003,2008,Rolando Hermes Cerda Bustillos,Spanish,MSc thesis,https://repositorio.catie.ac.cr/bitstream/handle/11554/5551/Soil_quality_in_cacao.pdf?sequence=1&isAllowed=y,NA,NA,LMP,Cropland,Full sun,NA,Theobroma cacao,1,1,0,0,Cropland,Shaded perennial,Cocoa,NA,"Theobroma cacao,Cordia alliodora",2,2,0,0,600-800,NA,NA,NA,Costa Rica,9°00'N,82°35'W,9.57,-82.88,200,2500,25.5,NA,Andosols,0,20,20,96,96,92,96,CI,9,NA,unknown,unknown,7,7,Table 7,MO,%,Done,"1,65","0,40","1,05",28.66,18.16,"1,59","0,38","1,00",26.4,16.63,NA,NA,YES,"-0,0820620574","0,1140192372",YES,"-0,2508775194",NA,NA,NA,216,94,1424,Tropical Wet,10,20,TRUE,"(5,10]",-82.88,9.57,Cocoa/Coffee,Shaded perennial,1,A:<0/+1,Control-Impact Designs,Unknown/mixed,"[0,15)",FALSE,FALSE,-0.2511111111111113,2.7360025359168088,7.485709876543209
1007,162,1006,2003,Raúl Armando Ramos Veintimilla,Spanish,MSc thesis,https://repositorio.catie.ac.cr/bitstream/handle/11554/5156/Fraccionamiento_del_carbono.pdf?sequence=1&isAllowed=y,NA,NA,LMP,Grassland,Full sun,NA,"Hyparrhenia rufa,Sporobulus poiretii,Eleusine indica,Panicum trichoides,Digitaria ciliaris",5,0,5,0,Grassland,SilvoPasture,Pasture,NA,"Brachiaría brizantha,Cordia alliodora,Cordia sp.,Acrocomia aculeata,Diphysa americana,Clethra sp.,Psidium guajava,Guazuma umbifolia",8,7,0,1,NA,NA,NA,NA,Costa Rica,10°09'N,84°42',10.15,-84.7,175,2043,27.2,NA,Cambisols,0,20,20,114,143,112,143,CI,3,Pastures,unknown,pasture,5,5,Figure 15,NA,t C ha-1,Done,"63,11","3,57","3,57",63.11,3.57,"64,44","3,05","3,05",64.44,3.05,NA,NA,YES,"0,02085532271","0,001089129871",YES,"0,4433333333",NA,NA,NA,253,103,1604,Tropical Wet,10,20,TRUE,"(5,10]",-84.7,10.15,Pasture,SilvoPasture,3,C+2+,Control-Impact Designs,Unknown/mixed,"[0,15)",FALSE,FALSE,0.44333333333333275,1.565155299358856,2.4497111111111103
1008,162,1007,2003,Raúl Armando Ramos Veintimilla,Spanish,MSc thesis,https://repositorio.catie.ac.cr/bitstream/handle/11554/5156/Fraccionamiento_del_carbono.pdf?sequence=1&isAllowed=y,NA,NA,LMP,Grassland,Full sun,NA,"Hyparrhenia rufa,Sporobulus poiretii,Eleusine indica,Panicum trichoides,Digitaria ciliaris",5,0,5,0,Grassland,SilvoPasture,Pasture,NA,"Brachiaría brizantha,Cordia alliodora,Cordia sp.,Acrocomia aculeata,Diphysa americana,Clethra sp.,Psidium guajava,Guazuma umbifolia",8,7,0,1,NA,NA,NA,NA,Costa Rica,10°09'N,84°42',10.15,-84.7,175,2043,27.2,NA,Cambisols,20,40,20,123,143,121,143,CI,3,Pastures,unknown,pasture,5,5,Figure 15,NA,t C ha-1,Done,"30,50","2,18","2,18",30.5,2.18,"35,90","2,96","2,96",35.9,2.96,NA,NA,YES,"0,1630901949","0,002382459252",YES,"1,801016703",NA,NA,NA,253,103,1604,Tropical Wet,30,20,FALSE,"(25,50]",-84.7,10.15,Pasture,SilvoPasture,3,C+2+,Control-Impact Designs,Unknown/mixed,"[30,45)",FALSE,FALSE,1.7999999999999996,1.225379759729838,1.5015555555555553
1009,162,1008,2003,Raúl Armando Ramos Veintimilla,Spanish,MSc thesis,https://repositorio.catie.ac.cr/bitstream/handle/11554/5156/Fraccionamiento_del_carbono.pdf?sequence=1&isAllowed=y,NA,NA,LMP,Grassland,Full sun,NA,"Hyparrhenia rufa,Sporobulus poiretii,Eleusine indica,Panicum trichoides,Digitaria ciliaris",5,0,5,0,Grassland,SilvoPasture,Pasture,NA,"Brachiaría brizantha,Cordia alliodora,Cordia sp.,Acrocomia aculeata,Diphysa americana,Clethra sp.,Psidium guajava,Guazuma umbifolia",8,7,0,1,NA,NA,NA,NA,Costa Rica,10°09'N,84°42',10.15,-84.7,175,2043,27.2,NA,Cambisols,40,60,20,129,143,121,143,CI,3,Pastures,unknown,pasture,5,5,Figure 15,NA,t C ha-1,Done,"25,97","2,27","2,27",25.97,2.27,"29,63","1,66","1,66",29.63,1.66,NA,NA,YES,"0,1318521311","0,002147021417",YES,"1,220043573",NA,NA,NA,253,103,1604,Tropical Wet,50,20,FALSE,"(25,50]",-84.7,10.15,Pasture,SilvoPasture,3,C+2+,Control-Impact Designs,Unknown/mixed,"[45,55)",FALSE,FALSE,1.22,0.9374018467136825,0.8787222222222224
1010,162,1009,2003,Raúl Armando Ramos Veintimilla,Spanish,MSc thesis,https://repositorio.catie.ac.cr/bitstream/handle/11554/5156/Fraccionamiento_del_carbono.pdf?sequence=1&isAllowed=y,NA,NA,LMP,Grassland,Full sun,NA,"Hyparrhenia rufa,Sporobulus poiretii,Eleusine indica,Panicum trichoides,Digitaria ciliaris",5,0,5,0,Grassland,SilvoPasture,Pasture,NA,"Brachiaría brizantha,Cordia alliodora,Cordia sp.,Acrocomia aculeata,Diphysa americana,Clethra sp.,Psidium guajava,Guazuma umbifolia",8,7,0,1,NA,NA,NA,NA,Costa Rica,10°09'N,84°42',10.15,-84.7,175,2043,27.2,NA,Cambisols,60,80,20,129,143,121,143,CI,3,Pastures,unknown,pasture,5,5,Figure 15,NA,t C ha-1,Done,"14,64","0,87","0,87",14.64,0.87,"17,43","1,66","1,66",17.43,1.66,NA,NA,YES,"0,1743533869","0,002513616779",YES,"0,9295570067",NA,NA,NA,253,103,1604,Tropical Wet,70,20,FALSE,"(50,100]",-84.7,10.15,Pasture,SilvoPasture,3,C+2+,Control-Impact Designs,Unknown/mixed,"[55,75]",FALSE,FALSE,0.9299999999999997,0.6247221604663771,0.3902777777777778
1019,163,1018,2022,Leonel Salas Juárez,Spanish,MSc thesis,https://repositorio.catie.ac.cr/bitstream/handle/11554/12078/BCO22108412e.pdf?sequence=1&isAllowed=y,NA,NA,LMP,Grassland,Full sun,NA,Brachiaría brizantha,1,0,1,0,Grassland,SilvoPasture,Pasture,NA,"Brachiaría brizantha,Leucaena diversifolia",2,1,0,1,2304,NA,NA,NA,Costa Rica,"9°53'31,6536""N","83°40'30,36""W",9.892126,-83.6751,640,2700,21.8,NA,Cambisols,0,10,10,112,0,109,0,BACI,4,NA,unknown,unknown,4,4,Table 13,NA,t C ha-1,Done,"34,09","4,58 SE","9,16",34.09,9.16,"30,87","3,23 SE","6,46",30.87,6.46,5.375,"3,360201525",YES,"-0,09921924764","0,0289979138",NO,NA,NA,NA,-2.014798475,NA,NA,1713,Tropical Wet,5,10,TRUE,"(0,5]",-83.6751,9.892126,Pasture,SilvoPasture,1,A:<0/+1,Before-After Designs,Unknown/mixed,"[0,15)",FALSE,FALSE,-2.014798475,2.802200028548997,7.8523249999999996
1020,163,1019,2022,Leonel Salas Juárez,Spanish,MSc thesis,https://repositorio.catie.ac.cr/bitstream/handle/11554/12078/BCO22108412e.pdf?sequence=1&isAllowed=y,NA,NA,LMP,Grassland,Full sun,NA,Brachiaría brizantha,1,0,1,0,Grassland,SilvoPasture,Pasture,NA,"Brachiaría brizantha,Leucaena diversifolia",2,1,0,1,2304,NA,NA,NA,Costa Rica,"9°53'31,6536""N","83°40'30,36""W",9.892126,-83.6751,640,2700,21.8,NA,Cambisols,10,20,10,117,0,111,0,BACI,4,NA,unknown,unknown,4,4,Table 13,NA,t C ha-1,Done,"19,61","0,81 SE","1,62",19.61,1.62,"22,44","2,03 SE","4,06",22.44,4.06,-2.3625,"-1,705",YES,"0,1348054404","0,009889777982",NO,NA,NA,NA,0.6574999999999998,NA,NA,1713,Tropical Wet,15,10,FALSE,"(10,15]",-83.6751,9.892126,Pasture,SilvoPasture,1,A:<0/+1,Before-After Designs,Unknown/mixed,"[15,30)",FALSE,FALSE,0.6574999999999998,1.0928174595969813,1.1942499999999998
1023,164,1022,2005,Jairo Rojas Molina,Spanish,MSc thesis,https://repositorio.catie.ac.cr/bitstream/handle/11554/689/Secuestro_de_carbono.pdf?sequence=1&isAllowed=y,NA,NA,LMP,Grassland,Full sun,NA,Brachiaría brizantha,1,0,1,0,Grassland,SilvoPasture,Pasture,NA,"Brachiaria brizantha,Pithecellobium saman",2,1,1,1,NA,NA,NA,NA,Costa Rica,10°28'37''N,85°9'5''W,10.4769444444444,-85.1513888888889,50,1500,28,NA,Cambisols,0,20,20,119,45,119,45,RCBD,4.5,Pastures,pasture,pasture,2,2,Figure 19,NA,t C ha-1,Done,"51,08","2,23","2,23",51.08,2.23,"68,71","5,58","5,58",68.71,5.58,NA,NA,YES,"0,2963777795",#VALUE!,YES,"3,916239318",NA,NA,NA,261,103,1962,Tropical Moist,10,20,TRUE,"(5,10]",-85.1513888888889,10.4769444444444,Pasture,SilvoPasture,1,A:<0/+1,Randomized Designs,Grassland,"[0,15)",FALSE,FALSE,3.917777777777777,1.3353558734067767,1.7831753086419755
1024,164,1023,2005,Jairo Rojas Molina,Spanish,MSc thesis,https://repositorio.catie.ac.cr/bitstream/handle/11554/689/Secuestro_de_carbono.pdf?sequence=1&isAllowed=y,NA,NA,LMP,Grassland,Full sun,NA,Brachiaría brizantha,1,0,1,0,Grassland,SilvoPasture,Pasture,NA,"Brachiaria brizantha,Pithecellobium saman",2,1,1,1,NA,NA,NA,NA,Costa Rica,10°28'37''N,85°9'5''W,10.4769444444444,-85.1513888888889,50,1500,28,NA,Cambisols,20,40,20,119,45,119,45,RCBD,4.5,Pastures,pasture,pasture,2,2,Figure 19,NA,t C ha-1,Done,"19,41","1,78","1,78",19.41,1.78,"30,34","10,26","10,26",30.34,10.26,NA,NA,YES,"0,446746767",#VALUE!,YES,"2,429059829",NA,NA,NA,261,103,1962,Tropical Moist,30,20,FALSE,"(25,50]",-85.1513888888889,10.4769444444444,Pasture,SilvoPasture,1,A:<0/+1,Randomized Designs,Grassland,"[30,45)",FALSE,FALSE,2.428888888888889,2.3140579503398064,5.354864197530866
1025,164,1024,2005,Jairo Rojas Molina,Spanish,MSc thesis,https://repositorio.catie.ac.cr/bitstream/handle/11554/689/Secuestro_de_carbono.pdf?sequence=1&isAllowed=y,NA,NA,LMP,Grassland,Full sun,NA,Brachiaría brizantha,1,0,1,0,Grassland,SilvoPasture,Pasture,NA,"Brachiaria brizantha,Pithecellobium saman",2,1,1,1,NA,NA,NA,NA,Costa Rica,10°28'37''N,85°9'5''W,10.4769444444444,-85.1513888888889,50,1500,28,NA,Cambisols,40,60,20,119,45,119,45,RCBD,4.5,Pastures,pasture,pasture,2,2,Figure 19,NA,t C ha-1,Done,"17,40","7,58","7,58",17.4,7.58,"25,65","3,57","3,57",25.65,3.57,NA,NA,YES,"0,3882233015",#VALUE!,YES,"1,834188033",NA,NA,NA,261,103,1962,Tropical Moist,50,20,FALSE,"(25,50]",-85.1513888888889,10.4769444444444,Pasture,SilvoPasture,1,A:<0/+1,Randomized Designs,Grassland,"[45,55)",FALSE,FALSE,1.8333333333333333,1.8619159122252356,3.466730864197531
1026,164,1025,2005,Jairo Rojas Molina,Spanish,MSc thesis,https://repositorio.catie.ac.cr/bitstream/handle/11554/689/Secuestro_de_carbono.pdf?sequence=1&isAllowed=y,NA,NA,LMP,Grassland,Full sun,NA,Brachiaría brizantha,1,0,1,0,Grassland,SilvoPasture,Pasture,NA,"Brachiaria brizantha,Dalbergia retusa",2,1,1,1,NA,NA,NA,NA,Costa Rica,10°28'37''N,85°9'5''W,10.4769444444444,-85.1513888888889,50,1500,28,NA,Cambisols,0,20,20,119,45,119,45,RCBD,4.5,Pastures,pasture,pasture,2,2,Figure 19,NA,t C ha-1,Done,"51,08","2,23","2,23",51.08,2.23,"60,68","5,58","5,58",60.68,5.58,NA,NA,YES,"0,1720800629",#VALUE!,YES,"2,131623933",NA,NA,NA,261,103,1962,Tropical Moist,10,20,TRUE,"(5,10]",-85.1513888888889,10.4769444444444,Pasture,SilvoPasture,1,A:<0/+1,Randomized Designs,Grassland,"[0,15)",FALSE,FALSE,2.1333333333333337,1.3353558734067767,1.7831753086419755
1027,164,1026,2005,Jairo Rojas Molina,Spanish,MSc thesis,https://repositorio.catie.ac.cr/bitstream/handle/11554/689/Secuestro_de_carbono.pdf?sequence=1&isAllowed=y,NA,NA,LMP,Grassland,Full sun,NA,Brachiaría brizantha,1,0,1,0,Grassland,SilvoPasture,Pasture,NA,"Brachiaria brizantha,Dalbergia retusa",2,1,1,1,NA,NA,NA,NA,Costa Rica,10°28'37''N,85°9'5''W,10.4769444444444,-85.1513888888889,50,1500,28,NA,Cambisols,20,40,20,119,45,119,45,RCBD,4.5,Pastures,pasture,pasture,2,2,Figure 19,NA,t C ha-1,Done,"19,41","1,78","1,78",19.41,1.78,"26,55","7,14","7,14",26.55,7.14,NA,NA,YES,"0,3132153745",#VALUE!,YES,"1,586324787",NA,NA,NA,261,103,1962,Tropical Moist,30,20,FALSE,"(25,50]",-85.1513888888889,10.4769444444444,Pasture,SilvoPasture,1,A:<0/+1,Randomized Designs,Grassland,"[30,45)",FALSE,FALSE,1.586666666666667,1.6352294360859503,2.673975308641975
1028,164,1027,2005,Jairo Rojas Molina,Spanish,MSc thesis,https://repositorio.catie.ac.cr/bitstream/handle/11554/689/Secuestro_de_carbono.pdf?sequence=1&isAllowed=y,NA,NA,LMP,Grassland,Full sun,NA,Brachiaría brizantha,1,0,1,0,Grassland,SilvoPasture,Pasture,NA,"Brachiaria brizantha,Dalbergia retusa",2,1,1,1,NA,NA,NA,NA,Costa Rica,10°28'37''N,85°9'5''W,10.4769444444444,-85.1513888888889,50,1500,28,NA,Cambisols,40,60,20,119,45,119,45,RCBD,4.5,Pastures,pasture,pasture,2,2,Figure 19,NA,t C ha-1,Done,"17,40","7,58","7,58",17.4,7.58,"24,09","3,57","3,57",24.09,3.57,NA,NA,YES,"0,3254224003",#VALUE!,YES,"1,487179487",NA,NA,NA,261,103,1962,Tropical Moist,50,20,FALSE,"(25,50]",-85.1513888888889,10.4769444444444,Pasture,SilvoPasture,1,A:<0/+1,Randomized Designs,Grassland,"[45,55)",FALSE,FALSE,1.486666666666667,1.8619159122252356,3.466730864197531
1029,164,1028,2005,Jairo Rojas Molina,Spanish,MSc thesis,https://repositorio.catie.ac.cr/bitstream/handle/11554/689/Secuestro_de_carbono.pdf?sequence=1&isAllowed=y,NA,NA,LMP,Grassland,Full sun,NA,Brachiaría brizantha,1,0,1,0,Grassland,SilvoPasture,Pasture,NA,"Brachiaria brizantha,Diphysa robinioides",2,1,1,1,NA,NA,NA,NA,Costa Rica,10°28'37''N,85°9'5''W,10.4769444444444,-85.1513888888889,50,1500,28,NA,Cambisols,0,20,20,119,45,119,45,RCBD,4.5,Pastures,pasture,pasture,2,2,Figure 19,NA,t C ha-1,Done,"51,08","2,23","2,23",51.08,2.23,"62,46","8,03","8,03",62.46,8.03,NA,NA,YES,"0,2010675997",#VALUE!,YES,"2,528205129",NA,NA,NA,261,103,1962,Tropical Moist,10,20,TRUE,"(5,10]",-85.1513888888889,10.4769444444444,Pasture,SilvoPasture,1,A:<0/+1,Randomized Designs,Grassland,"[0,15)",FALSE,FALSE,2.5288888888888894,1.851976588391607,3.429817283950616
1030,164,1029,2005,Jairo Rojas Molina,Spanish,MSc thesis,https://repositorio.catie.ac.cr/bitstream/handle/11554/689/Secuestro_de_carbono.pdf?sequence=1&isAllowed=y,NA,NA,LMP,Grassland,Full sun,NA,Brachiaría brizantha,1,0,1,0,Grassland,SilvoPasture,Pasture,NA,"Brachiaria brizantha,Diphysa robinioides",2,1,1,1,NA,NA,NA,NA,Costa Rica,10°28'37''N,85°9'5''W,10.4769444444444,-85.1513888888889,50,1500,28,NA,Cambisols,20,40,20,119,45,119,45,RCBD,4.5,Pastures,pasture,pasture,2,2,Figure 19,NA,t C ha-1,Done,"19,41","1,78","1,78",19.41,1.78,"33,68","6,25","6,25",33.68,6.25,NA,NA,YES,"0,5513717179",#VALUE!,YES,"3,172649571",NA,NA,NA,261,103,1962,Tropical Moist,30,20,FALSE,"(25,50]",-85.1513888888889,10.4769444444444,Pasture,SilvoPasture,1,A:<0/+1,Randomized Designs,Grassland,"[30,45)",FALSE,FALSE,3.171111111111111,1.4441179118097929,2.0854765432098765
1031,164,1030,2005,Jairo Rojas Molina,Spanish,MSc thesis,https://repositorio.catie.ac.cr/bitstream/handle/11554/689/Secuestro_de_carbono.pdf?sequence=1&isAllowed=y,NA,NA,LMP,Grassland,Full sun,NA,Brachiaría brizantha,1,0,1,0,Grassland,SilvoPasture,Pasture,NA,"Brachiaria brizantha,Diphysa robinioides",2,1,1,1,NA,NA,NA,NA,Costa Rica,10°28'37''N,85°9'5''W,10.4769444444444,-85.1513888888889,50,1500,28,NA,Cambisols,40,60,20,119,45,119,45,RCBD,4.5,Pastures,pasture,pasture,2,2,Figure 19,NA,t C ha-1,Done,"17,40","7,58","7,58",17.4,7.58,"24,54","3,57","3,57",24.54,3.57,NA,NA,YES,"0,3437715392",#VALUE!,YES,"1,586324787",NA,NA,NA,261,103,1962,Tropical Moist,50,20,FALSE,"(25,50]",-85.1513888888889,10.4769444444444,Pasture,SilvoPasture,1,A:<0/+1,Randomized Designs,Grassland,"[45,55)",FALSE,FALSE,1.586666666666667,1.8619159122252356,3.466730864197531
1032,164,1031,2005,Jairo Rojas Molina,Spanish,MSc thesis,https://repositorio.catie.ac.cr/bitstream/handle/11554/689/Secuestro_de_carbono.pdf?sequence=1&isAllowed=y,NA,NA,LMP,Grassland,Full sun,NA,Hyparrhenia rufa,1,0,1,0,Grassland,SilvoPasture,Pasture,NA,"Hyparrhenia rufa,Pithecellobium saman",2,1,1,1,NA,NA,NA,NA,Costa Rica,10°28'37''N,85°9'5''W,10.4769444444444,-85.1513888888889,50,1500,28,NA,Cambisols,0,20,20,119,45,119,45,RCBD,4.5,Pastures,pasture,pasture,2,2,Figure 19,NA,t C ha-1,Done,"64,02","19,63","19,63",64.02,19.63,"62,46","22,08","22,08",62.46,22.08,NA,NA,YES,"-0,02469261257",#VALUE!,YES,"-0,3470085467",NA,NA,NA,261,103,1962,Tropical Moist,10,20,TRUE,"(5,10]",-85.1513888888889,10.4769444444444,Pasture,SilvoPasture,1,A:<0/+1,Randomized Designs,Grassland,"[0,15)",FALSE,FALSE,-0.34666666666666557,6.565391115069015,43.10436049382716
1033,164,1032,2005,Jairo Rojas Molina,Spanish,MSc thesis,https://repositorio.catie.ac.cr/bitstream/handle/11554/689/Secuestro_de_carbono.pdf?sequence=1&isAllowed=y,NA,NA,LMP,Grassland,Full sun,NA,Hyparrhenia rufa,1,0,1,0,Grassland,SilvoPasture,Pasture,NA,"Hyparrhenia rufa,Pithecellobium saman",2,1,1,1,NA,NA,NA,NA,Costa Rica,10°28'37''N,85°9'5''W,10.4769444444444,-85.1513888888889,50,1500,28,NA,Cambisols,20,40,20,119,45,119,45,RCBD,4.5,Pastures,pasture,pasture,2,2,Figure 19,NA,t C ha-1,Done,"29,00","11,38","11,38",29,11.38,"23,65","4,68","4,68",23.65,4.68,NA,NA,YES,"-0,2040953562",#VALUE!,YES,"-1,189743589",NA,NA,NA,261,103,1962,Tropical Moist,30,20,FALSE,"(25,50]",-85.1513888888889,10.4769444444444,Pasture,SilvoPasture,1,A:<0/+1,Randomized Designs,Grassland,"[30,45)",FALSE,FALSE,-1.188888888888889,2.7343882336540433,7.4768790123456785
1034,164,1033,2005,Jairo Rojas Molina,Spanish,MSc thesis,https://repositorio.catie.ac.cr/bitstream/handle/11554/689/Secuestro_de_carbono.pdf?sequence=1&isAllowed=y,NA,NA,LMP,Grassland,Full sun,NA,Hyparrhenia rufa,1,0,1,0,Grassland,SilvoPasture,Pasture,NA,"Hyparrhenia rufa,Pithecellobium saman",2,1,1,1,NA,NA,NA,NA,Costa Rica,10°28'37''N,85°9'5''W,10.4769444444444,-85.1513888888889,50,1500,28,NA,Cambisols,40,60,20,119,45,119,45,RCBD,4.5,Pastures,pasture,pasture,2,2,Figure 19,NA,t C ha-1,Done,"19,85","13,38","13,38",19.85,13.38,"16,95","3,35","3,35",16.95,3.35,NA,NA,YES,"-0,1579030295",#VALUE!,YES,"-0,6444444444",NA,NA,NA,261,103,1962,Tropical Moist,50,20,FALSE,"(25,50]",-85.1513888888889,10.4769444444444,Pasture,SilvoPasture,1,A:<0/+1,Randomized Designs,Grassland,"[45,55)",FALSE,FALSE,-0.6444444444444449,3.0651115219474985,9.394908641975311
1035,164,1034,2005,Jairo Rojas Molina,Spanish,MSc thesis,https://repositorio.catie.ac.cr/bitstream/handle/11554/689/Secuestro_de_carbono.pdf?sequence=1&isAllowed=y,NA,NA,LMP,Grassland,Full sun,NA,Hyparrhenia rufa,1,0,1,0,Grassland,SilvoPasture,Pasture,NA,"Hyparrhenia rufa,Dalbergia retusa",2,1,1,1,NA,NA,NA,NA,Costa Rica,10°28'37''N,85°9'5''W,10.4769444444444,-85.1513888888889,50,1500,28,NA,Cambisols,0,20,20,119,45,119,45,RCBD,4.5,Pastures,pasture,pasture,2,2,Figure 19,NA,t C ha-1,Done,"64,02","19,63","19,63",64.02,19.63,"62,02","15,84","15,84",62.02,15.84,NA,NA,YES,"-0,03186110195",#VALUE!,YES,"-0,4461538444",NA,NA,NA,261,103,1962,Tropical Moist,10,20,TRUE,"(5,10]",-85.1513888888889,10.4769444444444,Pasture,SilvoPasture,1,A:<0/+1,Randomized Designs,Grassland,"[0,15)",FALSE,FALSE,-0.44444444444444287,5.605299520636644,31.419382716049387
1036,164,1035,2005,Jairo Rojas Molina,Spanish,MSc thesis,https://repositorio.catie.ac.cr/bitstream/handle/11554/689/Secuestro_de_carbono.pdf?sequence=1&isAllowed=y,NA,NA,LMP,Grassland,Full sun,NA,Hyparrhenia rufa,1,0,1,0,Grassland,SilvoPasture,Pasture,NA,"Hyparrhenia rufa,Dalbergia retusa",2,1,1,1,NA,NA,NA,NA,Costa Rica,10°28'37''N,85°9'5''W,10.4769444444444,-85.1513888888889,50,1500,28,NA,Cambisols,20,40,20,119,45,119,45,RCBD,4.5,Pastures,pasture,pasture,2,2,Figure 19,NA,t C ha-1,Done,"29,00","11,38","11,38",29,11.38,"27,88","6,69","6,69",27.88,6.69,NA,NA,YES,"-0,03922071332",#VALUE!,YES,"-0,2478632489",NA,NA,NA,261,103,1962,Tropical Moist,30,20,FALSE,"(25,50]",-85.1513888888889,10.4769444444444,Pasture,SilvoPasture,1,A:<0/+1,Randomized Designs,Grassland,"[30,45)",FALSE,FALSE,-0.2488888888888891,2.933505887180637,8.605456790123457
1037,164,1036,2005,Jairo Rojas Molina,Spanish,MSc thesis,https://repositorio.catie.ac.cr/bitstream/handle/11554/689/Secuestro_de_carbono.pdf?sequence=1&isAllowed=y,NA,NA,LMP,Grassland,Full sun,NA,Hyparrhenia rufa,1,0,1,0,Grassland,SilvoPasture,Pasture,NA,"Hyparrhenia rufa,Dalbergia retusa",2,1,1,1,NA,NA,NA,NA,Costa Rica,10°28'37''N,85°9'5''W,10.4769444444444,-85.1513888888889,50,1500,28,NA,Cambisols,40,60,20,119,45,119,45,RCBD,4.5,Pastures,pasture,pasture,2,2,Figure 19,NA,t C ha-1,Done,"19,85","13,38","13,38",19.85,13.38,"23,65","4,68","4,68",23.65,4.68,NA,NA,YES,"0,1748027247",#VALUE!,YES,"0,8427350444",NA,NA,NA,261,103,1962,Tropical Moist,50,20,FALSE,"(25,50]",-85.1513888888889,10.4769444444444,Pasture,SilvoPasture,1,A:<0/+1,Randomized Designs,Grassland,"[45,55)",FALSE,FALSE,0.8444444444444438,3.1499700174939935,9.92231111111111
1038,164,1037,2005,Jairo Rojas Molina,Spanish,MSc thesis,https://repositorio.catie.ac.cr/bitstream/handle/11554/689/Secuestro_de_carbono.pdf?sequence=1&isAllowed=y,NA,NA,LMP,Grassland,Full sun,NA,Hyparrhenia rufa,1,0,1,0,Grassland,SilvoPasture,Pasture,NA,"Hyparrhenia rufa,Diphysa robinioides",2,1,1,1,NA,NA,NA,NA,Costa Rica,10°28'37''N,85°9'5''W,10.4769444444444,-85.1513888888889,50,1500,28,NA,Cambisols,0,20,20,119,45,119,45,RCBD,6,Pastures,pasture,pasture,2,2,Figure 19,NA,t C ha-1,Done,"64,02","19,63","19,63",64.02,19.63,"50,64","2,01","2,01",50.64,2.01,NA,NA,YES,"-0,2345321982",#VALUE!,YES,"-2,974358973",NA,NA,NA,261,103,1962,Tropical Moist,10,20,TRUE,"(5,10]",-85.1513888888889,10.4769444444444,Pasture,SilvoPasture,1,A:<0/+1,Randomized Designs,Grassland,"[0,15)",FALSE,FALSE,-2.229999999999999,3.28877298969962,10.816027777777776
1039,164,1038,2005,Jairo Rojas Molina,Spanish,MSc thesis,https://repositorio.catie.ac.cr/bitstream/handle/11554/689/Secuestro_de_carbono.pdf?sequence=1&isAllowed=y,NA,NA,LMP,Grassland,Full sun,NA,Hyparrhenia rufa,1,0,1,0,Grassland,SilvoPasture,Pasture,NA,"Hyparrhenia rufa,Diphysa robinioides",2,1,1,1,NA,NA,NA,NA,Costa Rica,10°28'37''N,85°9'5''W,10.4769444444444,-85.1513888888889,50,1500,28,NA,Cambisols,20,40,20,119,45,119,45,RCBD,4.5,Pastures,pasture,pasture,2,2,Figure 19,NA,t C ha-1,Done,"29,00","11,38","11,38",29,11.38,"25,65","3,79","3,79",25.65,3.79,NA,NA,YES,"-0,1226023222",#VALUE!,YES,"-0,7435897444",NA,NA,NA,261,103,1962,Tropical Moist,30,20,FALSE,"(25,50]",-85.1513888888889,10.4769444444444,Pasture,SilvoPasture,1,A:<0/+1,Randomized Designs,Grassland,"[30,45)",FALSE,FALSE,-0.7444444444444448,2.6654487959723814,7.104617283950618
1040,164,1039,2005,Jairo Rojas Molina,Spanish,MSc thesis,https://repositorio.catie.ac.cr/bitstream/handle/11554/689/Secuestro_de_carbono.pdf?sequence=1&isAllowed=y,NA,NA,LMP,Grassland,Full sun,NA,Hyparrhenia rufa,1,0,1,0,Grassland,SilvoPasture,Pasture,NA,"Hyparrhenia rufa,Diphysa robinioides",2,1,1,1,NA,NA,NA,NA,Costa Rica,10°28'37''N,85°9'5''W,10.4769444444444,-85.1513888888889,50,1500,28,NA,Cambisols,40,60,20,119,45,119,45,RCBD,4.5,Pastures,pasture,pasture,2,2,Figure 19,NA,t C ha-1,Done,"19,85","13,38","13,38",19.85,13.38,"20,30","0,89","0,89",20.3,0.89,NA,NA,YES,"0,02222313698",#VALUE!,YES,"0,0991453",NA,NA,NA,261,103,1962,Tropical Moist,50,20,FALSE,"(25,50]",-85.1513888888889,10.4769444444444,Pasture,SilvoPasture,1,A:<0/+1,Randomized Designs,Grassland,"[45,55)",FALSE,FALSE,0.09999999999999984,2.9799038844388637,8.879827160493829
1041,165,1040,2012,Ángel Oswaldo Jadán Maza,Spanish,MSc thesis,https://repositorio.catie.ac.cr/bitstream/handle/11554/5241/Influencia_del_uso_de_la_tierra.pdf?sequence=1&isAllowed=y,NA,NA,LMP,Cropland,Full sun,NA,"Manihot esculenta,Musa × paradisiaca",2,0,1,0,Cropland,Other,"Banana, cocoa",NA,"Manihot esculenta,Musa × paradisiaca,guava Psidium guajava,Bactris gasipaes,Persea americana,porotón,huanchaso,uvilla,paso,avio,Theobroma cacao,Theobroma cacao,pitón,Annona cherimola,Citrus × aurantium,Oenocarpus bataua,Mauritia flexuosa,Ilex guayusa,Inga edulis,Selenicereus undatus,limón – mandarina,lima,Chrysophyllum cainito,Laurus nobilis,Cedrela",25,12,3,1,NA,NA,NA,NA,Ecuador,0°32'32''S,77°37'39''W,0.542222,-77.6275,700,95,28,NA,Andosols,0,30,30,73,0,73,0,CI,20.6,NA,unknown,unknown,7,6,Table 16,SE,t C ha-1,Done,"45,80","6,4 SE","16,93",45.8,16.93,"64,70","9,2 SE","22,54",64.7,22.54,NA,NA,YES,"0,3454771104","0,0397460517",YES,"0,9174757282",NA,NA,NA,106,95,826,Tropical Dry,15,30,TRUE,"(10,15]",-77.6275,0.542222,Cocoa/Coffee,Other,23,C+2+,Control-Impact Designs,Unknown/mixed,"[15,30)",FALSE,FALSE,0.9174757281553401,1.3684469463453175,1.8726470449618242
1042,165,1041,2012,Ángel Oswaldo Jadán Maza,Spanish,MSc thesis,https://repositorio.catie.ac.cr/bitstream/handle/11554/5241/Influencia_del_uso_de_la_tierra.pdf?sequence=1&isAllowed=y,NA,NA,LMP,Cropland,Full sun,NA,Theobroma cacao,1,1,0,0,Cropland,Other,Cocoa,NA,"Theobroma cacao,Laurus nobilis,Cedrela,ahuano,chucho,Chlorophora tinctoria,sangre,Terminalia amazonia,Myroxylon balsamum,avio,Chrysophyllum cainito,Theobroma cacao,Annona cherimola,Bactris gasipaes,guava Psidium guajava,Ilex guayusa,Mauritia flexuosa,paso,porotón,uvilla,Persea americana,lima,limón-mandarina,Citrus × aurantium",24,13,1,1,NA,NA,NA,NA,Ecuador,0°32'32''S,77°37'39''W,0.542222,-77.6275,700,95,28,NA,Andosols,0,30,30,73,0,73,0,CI,20.7,NA,unknown,unknown,7,15,Table 16,SE,t C ha-1,Done,"74,90","6,8 SE","17,99",74.9,17.99,"69,20","4,9 SE","18,98",69.2,18.98,NA,NA,YES,"-0,0791530279","0,01325635923",YES,"-0,2753623188",NA,NA,NA,106,95,826,Tropical Dry,15,30,TRUE,"(10,15]",-77.6275,0.542222,Cocoa/Coffee,Other,23,C+2+,Control-Impact Designs,Unknown/mixed,"[15,30)",FALSE,FALSE,-0.2753623188405799,1.2633385972512732,1.5960244113048145
1043,165,1042,2012,Ángel Oswaldo Jadán Maza,Spanish,MSc thesis,https://repositorio.catie.ac.cr/bitstream/handle/11554/5241/Influencia_del_uso_de_la_tierra.pdf?sequence=1&isAllowed=y,NA,NA,LMP,Cropland,Full sun,NA,Theobroma cacao,1,1,0,0,Cropland,Other,Cocoa,NA,"Theobroma cacao,Cedrela,Laurus nobilis,pigue,tamburo,yuyun,avio,Chrysophyllum cainito,Theobroma cacao,Annona cherimola,Bactris gasipaes,guava Psidium guajava,Ilex guayusa,Mauritia flexuosa,paso,porotón,uvilla,Persea americana,Citrus",19,11,0,0,NA,NA,NA,NA,Ecuador,0°32'32''S,77°37'39''W,0.542222,-77.6275,700,95,28,NA,Andosols,0,30,30,73,0,73,0,CI,21.4,NA,unknown,unknown,8,11,Table 16,SE,t C ha-1,Done,"73,60","8,9 SE","25,17",73.6,25.17,"65,10","7,1 SE","23,55",65.1,23.55,NA,NA,YES,"-0,1227204765","0,02651732636",YES,"-0,3971962617",NA,NA,NA,106,95,826,Tropical Dry,15,30,TRUE,"(10,15]",-77.6275,0.542222,Cocoa/Coffee,Other,18,C+2+,Control-Impact Designs,Unknown/mixed,"[15,30)",FALSE,FALSE,-0.39719626168224303,1.610714111068031,2.5943999475936774
1056,166,1055,2004,John Jairo Zuluaga Peláez,Spanish,MSc thesis,https://repositorio.catie.ac.cr/bitstream/handle/11554/4822/Dinamica_de_la_materia_organica.pdf?sequence=1&isAllowed=y,NA,NA,LMP,Cropland,Full sun,NA,Coffea arabica,1,1,0,0,Cropland,Shaded perennial,Coffee,NA,"Coffea arabica,Erythrina poeppigiana",2,2,0,1,NA,YES,NA,NA,Costa Rica,9°53'44''N,83°40'7''W,9.89555555555556,-83.6686111111111,600,2651,21.8,NA,Acrisols,0,10,10,119,45,119,45,CI,2.5,NA,unknown,unknown,4,4,Cuadro 10,EXtractool,%,Done,"2,72",0.328 SDMax,"0,33",30.91,3.73,"3,26",0.328 SDMax,"0,33",37.05,3.73,NA,NA,YES,"0,1810953151","0,006166149564",YES,30.12,NA,NA,NA,187,94,1592,Tropical Wet,5,10,TRUE,"(0,5]",-83.6686111111111,9.89555555555556,Cocoa/Coffee,Shaded perennial,1,A:<0/+1,Control-Impact Designs,Unknown/mixed,"[0,15)",FALSE,FALSE,2.4559999999999986,2.1100066350606577,4.452127999999999
1057,166,1056,2004,John Jairo Zuluaga Peláez,Spanish,MSc thesis,https://repositorio.catie.ac.cr/bitstream/handle/11554/4822/Dinamica_de_la_materia_organica.pdf?sequence=1&isAllowed=y,NA,NA,LMP,Cropland,Full sun,NA,Coffea arabica,1,1,0,0,Cropland,Shaded perennial,Coffee,NA,"Coffea arabica,Erythrina poeppigiana",2,2,0,1,NA,YES,NA,NA,Costa Rica,9°53'44''N,83°40'7''W,9.89555555555556,-83.6686111111111,600,2651,21.8,NA,Acrisols,0,10,10,119,45,119,45,CI,2.5,NA,unknown,unknown,4,4,Cuadro 10,EXtractool,%,Done,"2,72",0.328 SDMax,"0,33",30.91,3.73,"3,42",0.328 SDMax,"0,33",38.87,3.73,NA,NA,YES,"0,2290086708","0,005934891583",YES,30.12,NA,NA,NA,187,94,1592,Tropical Wet,5,10,TRUE,"(0,5]",-83.6686111111111,9.89555555555556,Cocoa/Coffee,Shaded perennial,1,A:<0/+1,Control-Impact Designs,Unknown/mixed,"[0,15)",FALSE,FALSE,3.183999999999999,2.1100066350606577,4.452127999999999
1058,166,1057,2004,John Jairo Zuluaga Peláez,Spanish,MSc thesis,https://repositorio.catie.ac.cr/bitstream/handle/11554/4822/Dinamica_de_la_materia_organica.pdf?sequence=1&isAllowed=y,NA,NA,LMP,Cropland,Full sun,NA,Coffea arabica,1,1,0,0,Cropland,Shaded perennial,Coffee,NA,"Coffea arabica,Erythrina poeppigiana",2,2,0,1,NA,YES,NA,NA,Costa Rica,9°53'44''N,83°40'7''W,9.89555555555556,-83.6686111111111,600,2651,21.8,NA,Acrisols,0,10,10,119,45,119,45,CI,2.5,NA,unknown,unknown,4,4,Cuadro 10,EXtractool,%,Done,"2,72",0.328 SDMax,"0,33",30.91,3.73,"2,85",0.328 SDMax,"0,33",32.39,3.73,NA,NA,YES,"0,04668711397","0,006946676406",YES,30.12,NA,NA,NA,187,94,1592,Tropical Wet,5,10,TRUE,"(0,5]",-83.6686111111111,9.89555555555556,Cocoa/Coffee,Shaded perennial,1,A:<0/+1,Control-Impact Designs,Unknown/mixed,"[0,15)",FALSE,FALSE,0.5920000000000002,2.1100066350606577,4.452127999999999
1059,166,1058,2004,John Jairo Zuluaga Peláez,Spanish,MSc thesis,https://repositorio.catie.ac.cr/bitstream/handle/11554/4822/Dinamica_de_la_materia_organica.pdf?sequence=1&isAllowed=y,NA,NA,LMP,Cropland,Full sun,NA,Coffea arabica,1,1,0,0,Cropland,Shaded perennial,Coffee,NA,"Coffea arabica,Erythrina poeppigiana",2,2,0,1,NA,NO,NA,NA,Costa Rica,9°53'44''N,83°40'7''W,9.89555555555556,-83.6686111111111,600,2651,21.8,NA,Acrisols,0,10,10,119,45,119,45,CI,2.5,NA,unknown,unknown,4,4,Cuadro 10,EXtractool,%,Done,"2,72",0.328 SDMax,"0,33",30.91,3.73,"3,11",0.328 SDMax,"0,33",35.34,3.73,NA,NA,YES,"0,1339908459","0,006416162459",YES,30.12,NA,NA,NA,187,94,1592,Tropical Wet,5,10,TRUE,"(0,5]",-83.6686111111111,9.89555555555556,Cocoa/Coffee,Shaded perennial,1,A:<0/+1,Control-Impact Designs,Unknown/mixed,"[0,15)",FALSE,FALSE,1.7720000000000014,2.1100066350606577,4.452127999999999
1060,166,1059,2004,John Jairo Zuluaga Peláez,Spanish,MSc thesis,https://repositorio.catie.ac.cr/bitstream/handle/11554/4822/Dinamica_de_la_materia_organica.pdf?sequence=1&isAllowed=y,NA,NA,LMP,Cropland,Full sun,NA,Coffea arabica,1,1,0,0,Cropland,Shaded perennial,Coffee,NA,"Coffea arabica,Erythrina poeppigiana",2,2,0,1,NA,NO,NA,NA,Costa Rica,9°53'44''N,83°40'7''W,9.89555555555556,-83.6686111111111,600,2651,21.8,NA,Acrisols,0,10,10,119,45,119,45,CI,2.5,NA,unknown,unknown,4,4,Cuadro 10,EXtractool,%,Done,"2,72",0.328 SDMax,"0,33",30.91,3.73,"2,83",0.328 SDMax,"0,33",32.16,3.73,NA,NA,YES,"0,03964483135","0,006993644554",YES,30.12,NA,NA,NA,187,94,1592,Tropical Wet,5,10,TRUE,"(0,5]",-83.6686111111111,9.89555555555556,Cocoa/Coffee,Shaded perennial,1,A:<0/+1,Control-Impact Designs,Unknown/mixed,"[0,15)",FALSE,FALSE,0.49999999999999856,2.1100066350606577,4.452127999999999
1061,166,1060,2004,John Jairo Zuluaga Peláez,Spanish,MSc thesis,https://repositorio.catie.ac.cr/bitstream/handle/11554/4822/Dinamica_de_la_materia_organica.pdf?sequence=1&isAllowed=y,NA,NA,LMP,Cropland,Full sun,NA,Coffea arabica,1,1,0,0,Cropland,Shaded perennial,Coffee,NA,"Coffea arabica,Erythrina poeppigiana",2,2,0,1,NA,NO,NA,NA,Costa Rica,9°53'44''N,83°40'7''W,9.89555555555556,-83.6686111111111,600,2651,21.8,NA,Acrisols,0,10,10,119,45,119,45,CI,2.5,NA,unknown,unknown,4,4,Cuadro 10,EXtractool,%,Done,"2,72",0.328 SDMax,"0,33",30.91,3.73,"2,72",0.328 SDMax,"0,33",30.91,3.73,NA,NA,YES,0,"0,007270761246",YES,30.12,NA,NA,NA,187,94,1592,Tropical Wet,5,10,TRUE,"(0,5]",-83.6686111111111,9.89555555555556,Cocoa/Coffee,Shaded perennial,1,A:<0/+1,Control-Impact Designs,Unknown/mixed,"[0,15)",FALSE,FALSE,0,2.1100066350606577,4.452127999999999
1062,166,1061,2004,John Jairo Zuluaga Peláez,Spanish,MSc thesis,https://repositorio.catie.ac.cr/bitstream/handle/11554/4822/Dinamica_de_la_materia_organica.pdf?sequence=1&isAllowed=y,NA,NA,LMP,Cropland,Full sun,NA,Coffea arabica,1,1,0,0,Cropland,Shaded perennial,Coffee,NA,"Coffea arabica,Erythrina poeppigiana",2,2,0,1,NA,YES,NA,NA,Costa Rica,9°53'44''N,83°40'7''W,9.89555555555556,-83.6686111111111,600,2651,21.8,NA,Acrisols,0,10,10,119,45,119,45,CI,4,NA,unknown,unknown,4,4,Cuadro 12,EXtractool,%,Done,"3,40",0.27 SDmax,"0,27",38.64,3.07,"4,27",0.27 SDmax,"0,27",48.53,3.07,NA,NA,YES,"0,2278383956","0,002576123811",YES,"2,47177875",NA,NA,NA,187,94,1592,Tropical Wet,5,10,TRUE,"(0,5]",-83.6686111111111,9.89555555555556,Cocoa/Coffee,Shaded perennial,1,A:<0/+1,Control-Impact Designs,Unknown/mixed,"[0,15)",FALSE,FALSE,2.4725,1.0854089091213504,1.1781125
1063,166,1062,2004,John Jairo Zuluaga Peláez,Spanish,MSc thesis,https://repositorio.catie.ac.cr/bitstream/handle/11554/4822/Dinamica_de_la_materia_organica.pdf?sequence=1&isAllowed=y,NA,NA,LMP,Cropland,Full sun,NA,Coffea arabica,1,1,0,0,Cropland,Shaded perennial,Coffee,NA,"Coffea arabica,Erythrina poeppigiana",2,2,0,1,NA,YES,NA,NA,Costa Rica,9°53'44''N,83°40'7''W,9.89555555555556,-83.6686111111111,600,2651,21.8,NA,Acrisols,0,10,10,119,45,119,45,CI,4,NA,unknown,unknown,4,4,Cuadro 12,EXtractool,%,Done,"3,40",0.27 SDmax,"0,27",38.64,3.07,"4,12",0.27 SDmax,"0,27",46.82,3.07,NA,NA,YES,"0,1920777317","0,002650232746",YES,"2,04561",NA,NA,NA,187,94,1592,Tropical Wet,5,10,TRUE,"(0,5]",-83.6686111111111,9.89555555555556,Cocoa/Coffee,Shaded perennial,1,A:<0/+1,Control-Impact Designs,Unknown/mixed,"[0,15)",FALSE,FALSE,2.045,1.0854089091213504,1.1781125
1064,166,1063,2004,John Jairo Zuluaga Peláez,Spanish,MSc thesis,https://repositorio.catie.ac.cr/bitstream/handle/11554/4822/Dinamica_de_la_materia_organica.pdf?sequence=1&isAllowed=y,NA,NA,LMP,Cropland,Full sun,NA,Coffea arabica,1,1,0,0,Cropland,Shaded perennial,Coffee,NA,"Coffea arabica,Erythrina poeppigiana",2,2,0,1,NA,YES,NA,NA,Costa Rica,9°53'44''N,83°40'7''W,9.89555555555556,-83.6686111111111,600,2651,21.8,NA,Acrisols,0,10,10,119,45,119,45,CI,4,NA,unknown,unknown,4,4,Cuadro 12,EXtractool,%,Done,"3,40",0.27 SDmax,"0,27",38.64,3.07,"3,81",0.27 SDmax,"0,27",43.3,3.07,NA,NA,YES,"0,1138537575","0,002832059604",YES,"1,16486125",NA,NA,NA,187,94,1592,Tropical Wet,5,10,TRUE,"(0,5]",-83.6686111111111,9.89555555555556,Cocoa/Coffee,Shaded perennial,1,A:<0/+1,Control-Impact Designs,Unknown/mixed,"[0,15)",FALSE,FALSE,1.1649999999999991,1.0854089091213504,1.1781125
1065,166,1064,2004,John Jairo Zuluaga Peláez,Spanish,MSc thesis,https://repositorio.catie.ac.cr/bitstream/handle/11554/4822/Dinamica_de_la_materia_organica.pdf?sequence=1&isAllowed=y,NA,NA,LMP,Cropland,Full sun,NA,Coffea arabica,1,1,0,0,Cropland,Shaded perennial,Coffee,NA,"Coffea arabica,Erythrina poeppigiana",2,2,0,1,NA,NO,NA,NA,Costa Rica,9°53'44''N,83°40'7''W,9.89555555555556,-83.6686111111111,600,2651,21.8,NA,Acrisols,0,10,10,119,45,119,45,CI,4,NA,unknown,unknown,4,4,Cuadro 12,EXtractool,%,Done,"3,40",0.27 SDmax,"0,27",38.64,3.07,"3,49",0.27 SDmax,"0,27",39.66,3.07,NA,NA,YES,"0,02612630459","0,003072850227",YES,"0,25570125",NA,NA,NA,187,94,1592,Tropical Wet,5,10,TRUE,"(0,5]",-83.6686111111111,9.89555555555556,Cocoa/Coffee,Shaded perennial,1,A:<0/+1,Control-Impact Designs,Unknown/mixed,"[0,15)",FALSE,FALSE,0.254999999999999,1.0854089091213504,1.1781125
1066,166,1065,2004,John Jairo Zuluaga Peláez,Spanish,MSc thesis,https://repositorio.catie.ac.cr/bitstream/handle/11554/4822/Dinamica_de_la_materia_organica.pdf?sequence=1&isAllowed=y,NA,NA,LMP,Cropland,Full sun,NA,Coffea arabica,1,1,0,0,Cropland,Shaded perennial,Coffee,NA,"Coffea arabica,Erythrina poeppigiana",2,2,0,1,NA,NO,NA,NA,Costa Rica,9°53'44''N,83°40'7''W,9.89555555555556,-83.6686111111111,600,2651,21.8,NA,Acrisols,0,10,10,119,45,119,45,CI,4,NA,unknown,unknown,4,4,Cuadro 12,EXtractool,%,Done,"3,40",0.27 SDmax,"0,27",38.64,3.07,"3,42",0.27 SDmax,"0,27",38.87,3.07,NA,NA,YES,"0,005865119452","0,003134728839",YES,"0,0568225",NA,NA,NA,187,94,1592,Tropical Wet,5,10,TRUE,"(0,5]",-83.6686111111111,9.89555555555556,Cocoa/Coffee,Shaded perennial,1,A:<0/+1,Control-Impact Designs,Unknown/mixed,"[0,15)",FALSE,FALSE,0.05749999999999922,1.0854089091213504,1.1781125
1067,166,1066,2004,John Jairo Zuluaga Peláez,Spanish,MSc thesis,https://repositorio.catie.ac.cr/bitstream/handle/11554/4822/Dinamica_de_la_materia_organica.pdf?sequence=1&isAllowed=y,NA,NA,LMP,Cropland,Full sun,NA,Coffea arabica,1,1,0,0,Cropland,Shaded perennial,Coffee,NA,"Coffea arabica,Erythrina poeppigiana",2,2,0,1,NA,NO,NA,NA,Costa Rica,9°53'44''N,83°40'7''W,9.89555555555556,-83.6686111111111,600,2651,21.8,NA,Acrisols,0,10,10,119,45,119,45,CI,4,NA,unknown,unknown,4,4,Cuadro 12,EXtractool,%,Done,"3,40",0.27 SDmax,"0,27",38.64,3.07,"3,05",0.27 SDmax,"0,27",34.66,3.07,NA,NA,YES,"-0,108633841","0,003535707859",YES,"-0,99439375",NA,NA,NA,187,94,1592,Tropical Wet,5,10,TRUE,"(0,5]",-83.6686111111111,9.89555555555556,Cocoa/Coffee,Shaded perennial,1,A:<0/+1,Control-Impact Designs,Unknown/mixed,"[0,15)",FALSE,FALSE,-0.995000000000001,1.0854089091213504,1.1781125
1068,167,1067,2012,Martin Raimo Andreas Noponen,English,PhD thesis,https://repositorio.catie.ac.cr/handle/11554/4597,NA,NA,LMP,Cropland,Full sun,NA,Coffea arabica,1,1,0,0,Cropland,Shaded perennial,Coffee,NA,"Coffea arabica,Erythrina poeppigiana",2,2,0,1,269-583,NA,NA,NA,Costa Rica,9°53'44''N,83°40'7''W,9.89555555555556,-83.6686111111111,685,2600,22,NA,Cambisols,0,10,10,119,45,825,43,BACI,10,Sugar cane,cropland,cropland,12,12,Annex 5,change SE (diviser par 10 et le mettre au bon endroit),Mg C ha-1 change,Done,NA,"0,82 SE","2,84",NA,2.84,NA,"0,71 SE","2,46",NA,2.46,0.085,"0,276",NO,NA,NA,NO,NA,NA,NA,0.191,187,94,1592,Tropical Wet,5,10,TRUE,"(0,5]",-83.6686111111111,9.89555555555556,Cocoa/Coffee,Shaded perennial,1,A:<0/+1,Before-After Designs,Cropland,"[0,15)",FALSE,FALSE,0.191,0.37572862547322633,0.141172
1069,167,1068,2012,Martin Raimo Andreas Noponen,English,PhD thesis,https://repositorio.catie.ac.cr/handle/11554/4597,NA,NA,LMP,Cropland,Full sun,NA,Coffea arabica,1,1,0,0,Cropland,Shaded perennial,Coffee,NA,"Coffea arabica,Erythrina poeppigiana",2,2,0,1,269-583,NA,NA,NA,Costa Rica,9°53'44''N,83°40'7''W,9.89555555555556,-83.6686111111111,685,2600,22,NA,Cambisols,10,20,10,119,45,825,43,BACI,10,Sugar cane,cropland,cropland,12,12,Annex 5,change SE (diviser par 10 et le mettre au bon endroit),Mg C ha-1 change,Done,NA,"0,74 SE","2,56",NA,2.56,NA,"0,41 SE","1,42",NA,1.42,-0.155,"-0,393",NO,NA,NA,NO,NA,NA,NA,-0.23800000000000002,187,94,1592,Tropical Wet,15,10,FALSE,"(10,15]",-83.6686111111111,9.89555555555556,Cocoa/Coffee,Shaded perennial,1,A:<0/+1,Before-After Designs,Cropland,"[15,30)",FALSE,FALSE,-0.23800000000000002,0.29274562336608895,0.0857
1070,167,1069,2012,Martin Raimo Andreas Noponen,English,PhD thesis,https://repositorio.catie.ac.cr/handle/11554/4597,NA,NA,LMP,Cropland,Full sun,NA,Coffea arabica,1,1,0,0,Cropland,Shaded perennial,Coffee,NA,"Coffea arabica,Erythrina poeppigiana",2,2,0,1,269-583,NA,NA,NA,Costa Rica,9°53'44''N,83°40'7''W,9.89555555555556,-83.6686111111111,685,2600,22,NA,Cambisols,20,40,20,119,45,825,43,BACI,10,Sugar cane,cropland,cropland,12,12,Annex 5,change SE (diviser par 10 et le mettre au bon endroit),Mg C ha-1 change,Done,NA,"2,66 SE","9,21",NA,9.21,NA,"1,71 SE","5,92",NA,5.92,-0.853,"-1,269",NO,NA,NA,NO,NA,NA,NA,-0.4159999999999999,187,94,1592,Tropical Wet,30,20,FALSE,"(25,50]",-83.6686111111111,9.89555555555556,Cocoa/Coffee,Shaded perennial,1,A:<0/+1,Before-After Designs,Cropland,"[30,45)",FALSE,FALSE,-0.4159999999999999,1.0948538715280685,1.1987050000000001
1071,167,1070,2012,Martin Raimo Andreas Noponen,English,PhD thesis,https://repositorio.catie.ac.cr/handle/11554/4597,NA,NA,LMP,Cropland,Full sun,NA,Coffea arabica,1,1,0,0,Cropland,Shaded perennial,Coffee,NA,"Coffea arabica,Terminalia amazonia",2,2,0,0,216,NA,NA,NA,Costa Rica,9°53'44''N,83°40'7''W,9.89555555555556,-83.6686111111111,685,2600,22,NA,Cambisols,0,10,10,84,43,86,43,BACI,10,Sugar cane,cropland,cropland,12,12,Annex 5,change SE (diviser par 10 et le mettre au bon endroit),Mg C ha-1 change,Done,NA,"0,82 SE","2,84",NA,2.84,NA,"0,76 SE","2,63",NA,2.63,0.085,"0,145",NO,NA,NA,NO,NA,NA,NA,0.059999999999999984,187,94,1592,Tropical Wet,5,10,TRUE,"(0,5]",-83.6686111111111,9.89555555555556,Cocoa/Coffee,Shaded perennial,1,A:<0/+1,Before-After Designs,Cropland,"[0,15)",FALSE,FALSE,0.059999999999999984,0.38707234465923807,0.14982499999999999
1072,167,1071,2012,Martin Raimo Andreas Noponen,English,PhD thesis,https://repositorio.catie.ac.cr/handle/11554/4597,NA,NA,LMP,Cropland,Full sun,NA,Coffea arabica,1,1,0,0,Cropland,Shaded perennial,Coffee,NA,"Coffea arabica,Terminalia amazonia",2,2,0,0,216,NA,NA,NA,Costa Rica,9°53'44''N,83°40'7''W,9.89555555555556,-83.6686111111111,685,2600,22,NA,Cambisols,10,20,10,84,43,86,43,BACI,10,Sugar cane,cropland,cropland,12,12,Annex 5,change SE (diviser par 10 et le mettre au bon endroit),Mg C ha-1 change,Done,NA,"0,74 SE","2,56",NA,2.56,NA,"0,68 SE","2,36",NA,2.36,-0.155,"-0,172",NO,NA,NA,NO,NA,NA,NA,-0.016999999999999987,187,94,1592,Tropical Wet,15,10,FALSE,"(10,15]",-83.6686111111111,9.89555555555556,Cocoa/Coffee,Shaded perennial,1,A:<0/+1,Before-After Designs,Cropland,"[15,30)",FALSE,FALSE,-0.016999999999999987,0.3481838594765702,0.12123199999999999
1073,167,1072,2012,Martin Raimo Andreas Noponen,English,PhD thesis,https://repositorio.catie.ac.cr/handle/11554/4597,NA,NA,LMP,Cropland,Full sun,NA,Coffea arabica,1,1,0,0,Cropland,Shaded perennial,Coffee,NA,"Coffea arabica,Terminalia amazonia",2,2,0,0,216,NA,NA,NA,Costa Rica,9°53'44''N,83°40'7''W,9.89555555555556,-83.6686111111111,685,2600,22,NA,Cambisols,20,40,20,84,43,86,43,BACI,10,Sugar cane,cropland,cropland,12,12,Annex 5,change SE (diviser par 10 et le mettre au bon endroit),Mg C ha-1 change,Done,NA,"2,66 SE","9,21",NA,9.21,NA,"2,32 SE","8,04",NA,8.04,-0.853,"-0,699",NO,NA,NA,NO,NA,NA,NA,0.15400000000000003,187,94,1592,Tropical Wet,30,20,FALSE,"(25,50]",-83.6686111111111,9.89555555555556,Cocoa/Coffee,Shaded perennial,1,A:<0/+1,Before-After Designs,Cropland,"[30,45)",FALSE,FALSE,0.15400000000000003,1.2225616548869835,1.494657
1074,167,1073,2012,Martin Raimo Andreas Noponen,English,PhD thesis,https://repositorio.catie.ac.cr/handle/11554/4597,NA,NA,LMP,Cropland,Full sun,NA,Coffea arabica,1,1,0,0,Cropland,Shaded perennial,Coffee,NA,"Coffea arabica,Chloroleucon eurycyclum",2,2,0,1,257,NA,NA,NA,Costa Rica,9°53'44''N,83°40'7''W,9.89555555555556,-83.6686111111111,685,2600,22,NA,Cambisols,0,10,10,84,43,89,43,BACI,10,Sugar cane,cropland,cropland,6,6,Annex 5,change SE (diviser par 10 et le mettre au bon endroit),Mg C ha-1 change,Done,NA,"0,82 SE","2,01",NA,2.01,NA,"1,11 SE","2,72",NA,2.72,0.085,"0,152",NO,NA,NA,NO,NA,NA,NA,0.06699999999999999,187,94,1592,Tropical Wet,5,10,TRUE,"(0,5]",-83.6686111111111,9.89555555555556,Cocoa/Coffee,Shaded perennial,1,A:<0/+1,Before-After Designs,Cropland,"[0,15)",FALSE,FALSE,0.06699999999999999,0.33820851556399345,0.114385
1075,167,1074,2012,Martin Raimo Andreas Noponen,English,PhD thesis,https://repositorio.catie.ac.cr/handle/11554/4597,NA,NA,LMP,Cropland,Full sun,NA,Coffea arabica,1,1,0,0,Cropland,Shaded perennial,Coffee,NA,"Coffea arabica,Chloroleucon eurycyclum",2,2,0,1,257,NA,NA,NA,Costa Rica,9°53'44''N,83°40'7''W,9.89555555555556,-83.6686111111111,685,2600,22,NA,Cambisols,10,20,10,84,43,89,43,BACI,10,Sugar cane,cropland,cropland,6,6,Annex 5,change SE (diviser par 10 et le mettre au bon endroit),Mg C ha-1 change,Done,NA,"0,74 SE","1,81",NA,1.81,NA,"0,99 SE","2,42",NA,2.42,-0.155,"-0,244",NO,NA,NA,NO,NA,NA,NA,-0.089,187,94,1592,Tropical Wet,15,10,FALSE,"(10,15]",-83.6686111111111,9.89555555555556,Cocoa/Coffee,Shaded perennial,1,A:<0/+1,Before-After Designs,Cropland,"[15,30)",FALSE,FALSE,-0.089,0.3022002647252315,0.09132499999999999
1076,167,1075,2012,Martin Raimo Andreas Noponen,English,PhD thesis,https://repositorio.catie.ac.cr/handle/11554/4597,NA,NA,LMP,Cropland,Full sun,NA,Coffea arabica,1,1,0,0,Cropland,Shaded perennial,Coffee,NA,"Coffea arabica,Chloroleucon eurycyclum",2,2,0,1,257,NA,NA,NA,Costa Rica,9°53'44''N,83°40'7''W,9.89555555555556,-83.6686111111111,685,2600,22,NA,Cambisols,20,40,20,84,43,89,43,BACI,10,Sugar cane,cropland,cropland,6,6,Annex 5,change SE (diviser par 10 et le mettre au bon endroit),Mg C ha-1 change,Done,NA,"2,66 SE","6,52",NA,6.52,NA,"3,31 SE","8,11",NA,8.11,-0.853,"-1,162",NO,NA,NA,NO,NA,NA,NA,-0.30899999999999994,187,94,1592,Tropical Wet,30,20,FALSE,"(25,50]",-83.6686111111111,9.89555555555556,Cocoa/Coffee,Shaded perennial,1,A:<0/+1,Before-After Designs,Cropland,"[30,45)",FALSE,FALSE,-0.30899999999999994,1.0405887756457879,1.082825
1077,167,1076,2012,Martin Raimo Andreas Noponen,English,PhD thesis,https://repositorio.catie.ac.cr/handle/11554/4597,NA,NA,LMP,Cropland,Full sun,NA,Coffea arabica,1,1,0,0,Cropland,Shaded perennial,Coffee,NA,"Coffea arabica,Erythrina poeppigiana,Terminalia amazonia",3,3,0,1,231,NA,NA,NA,Costa Rica,9°53'44''N,83°40'7''W,9.89555555555556,-83.6686111111111,685,2600,22,NA,Cambisols,0,10,10,84,43,77,43,BACI,10,Sugar cane,cropland,cropland,6,6,Annex 5,change SE (diviser par 10 et le mettre au bon endroit),Mg C ha-1 change,Done,NA,"0,82 SE","2,01",NA,2.01,NA,"1,09 SE","2,67",NA,2.67,0.085,"0,417",NO,NA,NA,NO,NA,NA,NA,0.33199999999999996,187,94,1592,Tropical Wet,5,10,TRUE,"(0,5]",-83.6686111111111,9.89555555555556,Cocoa/Coffee,Shaded perennial,2,C+2+,Before-After Designs,Cropland,"[0,15)",FALSE,FALSE,0.33199999999999996,0.33420053859920695,0.11169000000000001
1078,167,1077,2012,Martin Raimo Andreas Noponen,English,PhD thesis,https://repositorio.catie.ac.cr/handle/11554/4597,NA,NA,LMP,Cropland,Full sun,NA,Coffea arabica,1,1,0,0,Cropland,Shaded perennial,Coffee,NA,"Coffea arabica,Erythrina poeppigiana,Terminalia amazonia",3,3,0,1,231,NA,NA,NA,Costa Rica,9°53'44''N,83°40'7''W,9.89555555555556,-83.6686111111111,685,2600,22,NA,Cambisols,10,20,10,84,43,77,43,BACI,10,Sugar cane,cropland,cropland,6,6,Annex 5,change SE (diviser par 10 et le mettre au bon endroit),Mg C ha-1 change,Done,NA,"0,74 SE","1,81",NA,1.81,NA,"0,74 SE","1,81",NA,1.81,-0.155,"-0,206",NO,NA,NA,NO,NA,NA,NA,-0.05099999999999999,187,94,1592,Tropical Wet,15,10,FALSE,"(10,15]",-83.6686111111111,9.89555555555556,Cocoa/Coffee,Shaded perennial,2,C+2+,Before-After Designs,Cropland,"[15,30)",FALSE,FALSE,-0.05099999999999999,0.2559726547895302,0.065522
1079,167,1078,2012,Martin Raimo Andreas Noponen,English,PhD thesis,https://repositorio.catie.ac.cr/handle/11554/4597,NA,NA,LMP,Cropland,Full sun,NA,Coffea arabica,1,1,0,0,Cropland,Shaded perennial,Coffee,NA,"Coffea arabica,Erythrina poeppigiana,Terminalia amazonia",3,3,0,1,231,NA,NA,NA,Costa Rica,9°53'44''N,83°40'7''W,9.89555555555556,-83.6686111111111,685,2600,22,NA,Cambisols,20,40,20,84,43,77,43,BACI,10,Sugar cane,cropland,cropland,6,6,Annex 5,change SE (diviser par 10 et le mettre au bon endroit),Mg C ha-1 change,Done,NA,"2,66 SE","6,52",NA,6.52,NA,"2,2 SE","5,39",NA,5.39,-0.853,"-0,8",NO,NA,NA,NO,NA,NA,NA,0.052999999999999936,187,94,1592,Tropical Wet,30,20,FALSE,"(25,50]",-83.6686111111111,9.89555555555556,Cocoa/Coffee,Shaded perennial,2,C+2+,Before-After Designs,Cropland,"[30,45)",FALSE,FALSE,0.052999999999999936,0.8459462157844315,0.715625
1122,167,1121,2012,Martin Raimo Andreas Noponen,English,PhD thesis,https://repositorio.catie.ac.cr/handle/11554/4597,NA,NA,LMP,Cropland,Full sun,NA,Coffea arabica,1,1,0,0,Cropland,Shaded perennial,Coffee,NA,"Coffea arabica,Inga laurina,Simarouba glauca",3,3,0,1,376,NA,NA,NA,Nicaragua,11°53'54''N,86°08'56''W,11.8983333333333,-86.1488888888889,455,1386,24,NA,Phaeozems,0,10,10,63,147,625,147,BACI,10,NA,unknown,unknown,6,6,Annex 5,change SE (diviser par 10 et le mettre au bon endroit),Mg C ha-1 change,Done,NA,"2,05 SE","5,02",NA,5.02,NA,"2,09 SE","5,12",NA,5.12,0.016,"0,236",NO,NA,NA,NO,NA,NA,NA,0.21999999999999997,257,100,1846,Tropical Moist,5,10,TRUE,"(0,5]",-86.1488888888889,11.8983333333333,Cocoa/Coffee,Shaded perennial,2,C+2+,Before-After Designs,Unknown/mixed,"[0,15)",FALSE,FALSE,0.21999999999999997,0.7170411424737078,0.514148
1123,167,1122,2012,Martin Raimo Andreas Noponen,English,PhD thesis,https://repositorio.catie.ac.cr/handle/11554/4597,NA,NA,LMP,Cropland,Full sun,NA,Coffea arabica,1,1,0,0,Cropland,Shaded perennial,Coffee,NA,"Coffea arabica,Inga laurina,Simarouba glauca",3,3,0,1,376,NA,NA,NA,Nicaragua,11°53'54''N,86°08'56''W,11.8983333333333,-86.1488888888889,455,1386,24,NA,Phaeozems,10,20,10,63,147,625,147,BACI,10,NA,unknown,unknown,6,6,Annex 5,change SE (diviser par 10 et le mettre au bon endroit),Mg C ha-1 change,Done,NA,"2,12 SE","5,19",NA,5.19,NA,"0,168 SE","0,41",NA,0.41,0.109,"0,248",NO,NA,NA,NO,NA,NA,NA,0.139,257,100,1846,Tropical Moist,15,10,FALSE,"(10,15]",-86.1488888888889,11.8983333333333,Cocoa/Coffee,Shaded perennial,2,C+2+,Before-After Designs,Unknown/mixed,"[15,30)",FALSE,FALSE,0.139,0.5206169417143472,0.27104200000000006
1124,167,1123,2012,Martin Raimo Andreas Noponen,English,PhD thesis,https://repositorio.catie.ac.cr/handle/11554/4597,NA,NA,LMP,Cropland,Full sun,NA,Coffea arabica,1,1,0,0,Cropland,Shaded perennial,Coffee,NA,"Coffea arabica,Inga laurina,Simarouba glauca",3,3,0,1,376,NA,NA,NA,Nicaragua,11°53'54''N,86°08'56''W,11.8983333333333,-86.1488888888889,455,1386,24,NA,Phaeozems,20,40,20,63,147,625,147,BACI,10,NA,unknown,unknown,6,6,Annex 5,change SE (diviser par 10 et le mettre au bon endroit),Mg C ha-1 change,Done,NA,"4,91 SE","12,03",NA,12.03,NA,"7,04 SE","17,24",NA,17.24,-0.416,"-0,482",NO,NA,NA,NO,NA,NA,NA,-0.066,257,100,1846,Tropical Moist,30,20,FALSE,"(25,50]",-86.1488888888889,11.8983333333333,Cocoa/Coffee,Shaded perennial,2,C+2+,Before-After Designs,Unknown/mixed,"[30,45)",FALSE,FALSE,-0.066,2.1022333362402947,4.419385
1125,167,1124,2012,Martin Raimo Andreas Noponen,English,PhD thesis,https://repositorio.catie.ac.cr/handle/11554/4597,NA,NA,LMP,Cropland,Full sun,NA,Coffea arabica,1,1,0,0,Cropland,Shaded perennial,Coffee,NA,"Coffea arabica,Inga laurina,Samanea saman",3,3,0,2,376,NA,NA,NA,Nicaragua,11°53'54''N,86°08'56''W,11.8983333333333,-86.1488888888889,455,1386,24,NA,Phaeozems,0,10,10,63,147,6125,147,BACI,10,NA,unknown,unknown,12,12,Annex 5,change SE (diviser par 10 et le mettre au bon endroit),Mg C ha-1 change,Done,NA,"2,05 SE","7,10",NA,7.1,NA,"1,56 SE","5,40",NA,5.4,0.016,"0,02",NO,NA,NA,NO,NA,NA,NA,0.004,257,100,1846,Tropical Moist,5,10,TRUE,"(0,5]",-86.1488888888889,11.8983333333333,Cocoa/Coffee,Shaded perennial,2,C+2+,Before-After Designs,Unknown/mixed,"[0,15)",FALSE,FALSE,0.004,0.8920201791439473,0.7956999999999997
1126,167,1125,2012,Martin Raimo Andreas Noponen,English,PhD thesis,https://repositorio.catie.ac.cr/handle/11554/4597,NA,NA,LMP,Cropland,Full sun,NA,Coffea arabica,1,1,0,0,Cropland,Shaded perennial,Coffee,NA,"Coffea arabica,Inga laurina,Samanea saman",3,3,0,2,376,NA,NA,NA,Nicaragua,11°53'54''N,86°08'56''W,11.8983333333333,-86.1488888888889,455,1386,24,NA,Phaeozems,10,20,10,63,147,6125,147,BACI,10,NA,unknown,unknown,12,12,Annex 5,change SE (diviser par 10 et le mettre au bon endroit),Mg C ha-1 change,Done,NA,"2,12 SE","7,34",NA,7.34,NA,"1,23 SE","4,26",NA,4.26,0.109,"0,115",NO,NA,NA,NO,NA,NA,NA,0.006000000000000005,257,100,1846,Tropical Moist,15,10,FALSE,"(10,15]",-86.1488888888889,11.8983333333333,Cocoa/Coffee,Shaded perennial,2,C+2+,Before-After Designs,Unknown/mixed,"[15,30)",FALSE,FALSE,0.006000000000000005,0.848664833724127,0.7202320000000002
1127,167,1126,2012,Martin Raimo Andreas Noponen,English,PhD thesis,https://repositorio.catie.ac.cr/handle/11554/4597,NA,NA,LMP,Cropland,Full sun,NA,Coffea arabica,1,1,0,0,Cropland,Shaded perennial,Coffee,NA,"Coffea arabica,Inga laurina,Samanea saman",3,3,0,2,376,NA,NA,NA,Nicaragua,11°53'54''N,86°08'56''W,11.8983333333333,-86.1488888888889,455,1386,24,NA,Phaeozems,20,40,20,63,147,6125,147,BACI,10,NA,unknown,unknown,12,12,Annex 5,change SE (diviser par 10 et le mettre au bon endroit),Mg C ha-1 change,Done,NA,"4,91 SE","17,01",NA,17.01,NA,"5,81 SE","20,13",NA,20.13,-0.416,"-0,531",NO,NA,NA,NO,NA,NA,NA,-0.11500000000000005,257,100,1846,Tropical Moist,30,20,FALSE,"(25,50]",-86.1488888888889,11.8983333333333,Cocoa/Coffee,Shaded perennial,2,C+2+,Before-After Designs,Unknown/mixed,"[30,45)",FALSE,FALSE,-0.11500000000000005,2.6354449339722508,6.945570000000001
1128,167,1127,2012,Martin Raimo Andreas Noponen,English,PhD thesis,https://repositorio.catie.ac.cr/handle/11554/4597,NA,NA,LMP,Cropland,Full sun,NA,Coffea arabica,1,1,0,0,Cropland,Shaded perennial,Coffee,NA,"Coffea arabica,Simarouba glauca,Tabebuia rosea",3,3,0,0,286,NA,NA,NA,Nicaragua,11°53'54''N,86°08'56''W,11.8983333333333,-86.1488888888889,455,1386,24,NA,Phaeozems,0,10,10,63,147,5875,147,BACI,10,NA,unknown,unknown,12,12,Annex 5,change SE (diviser par 10 et le mettre au bon endroit),Mg C ha-1 change,Done,NA,"2,05 SE","7,10",NA,7.1,NA,"1,52 SE","5,27",NA,5.27,0.016,"0,114",NO,NA,NA,NO,NA,NA,NA,0.098,257,100,1846,Tropical Moist,5,10,TRUE,"(0,5]",-86.1488888888889,11.8983333333333,Cocoa/Coffee,Shaded perennial,2,C+2+,Before-After Designs,Unknown/mixed,"[0,15)",FALSE,FALSE,0.098,0.8842109476816038,0.7818289999999999
1129,167,1128,2012,Martin Raimo Andreas Noponen,English,PhD thesis,https://repositorio.catie.ac.cr/handle/11554/4597,NA,NA,LMP,Cropland,Full sun,NA,Coffea arabica,1,1,0,0,Cropland,Shaded perennial,Coffee,NA,"Coffea arabica,Simarouba glauca,Tabebuia rosea",3,3,0,0,286,NA,NA,NA,Nicaragua,11°53'54''N,86°08'56''W,11.8983333333333,-86.1488888888889,455,1386,24,NA,Phaeozems,10,20,10,63,147,5875,147,BACI,10,NA,unknown,unknown,12,12,Annex 5,change SE (diviser par 10 et le mettre au bon endroit),Mg C ha-1 change,Done,NA,"2,12 SE","7,34",NA,7.34,NA,"1,14 SE","3,95",NA,3.95,0.109,"0,021",NO,NA,NA,NO,NA,NA,NA,-0.088,257,100,1846,Tropical Moist,15,10,FALSE,"(10,15]",-86.1488888888889,11.8983333333333,Cocoa/Coffee,Shaded perennial,2,C+2+,Before-After Designs,Unknown/mixed,"[15,30)",FALSE,FALSE,-0.088,0.8335352422063508,0.6947809999999999
1130,167,1129,2012,Martin Raimo Andreas Noponen,English,PhD thesis,https://repositorio.catie.ac.cr/handle/11554/4597,NA,NA,LMP,Cropland,Full sun,NA,Coffea arabica,1,1,0,0,Cropland,Shaded perennial,Coffee,NA,"Coffea arabica,Simarouba glauca,Tabebuia rosea",3,3,0,0,286,NA,NA,NA,Nicaragua,11°53'54''N,86°08'56''W,11.8983333333333,-86.1488888888889,455,1386,24,NA,Phaeozems,20,40,20,63,147,5875,147,BACI,10,NA,unknown,unknown,12,12,Annex 5,change SE (diviser par 10 et le mettre au bon endroit),Mg C ha-1 change,Done,NA,"4,91 SE","17,01",NA,17.01,NA,"3,02 SE","10,46",NA,10.46,-0.416,"-0,372",NO,NA,NA,NO,NA,NA,NA,0.043999999999999984,257,100,1846,Tropical Moist,30,20,FALSE,"(25,50]",-86.1488888888889,11.8983333333333,Cocoa/Coffee,Shaded perennial,2,C+2+,Before-After Designs,Unknown/mixed,"[30,45)",FALSE,FALSE,0.043999999999999984,1.9968768114232787,3.9875170000000004
1131,167,1130,2012,Martin Raimo Andreas Noponen,English,PhD thesis,https://repositorio.catie.ac.cr/handle/11554/4597,NA,NA,LMP,Cropland,Full sun,NA,Coffea arabica,1,1,0,0,Cropland,Shaded perennial,Coffee,NA,"Coffea arabica,Samanea saman,Tabebuia rosea",3,3,0,1,331,NA,NA,NA,Nicaragua,11°53'54''N,86°08'56''W,11.8983333333333,-86.1488888888889,455,1386,24,NA,Phaeozems,0,10,10,63,147,645,147,BACI,10,NA,unknown,unknown,6,6,Annex 5,change SE (diviser par 10 et le mettre au bon endroit),Mg C ha-1 change,Done,NA,"2,05 SE","5,02",NA,5.02,NA,"1,36 SE","3,33",NA,3.33,0.016,"0,367",NO,NA,NA,NO,NA,NA,NA,0.351,257,100,1846,Tropical Moist,5,10,TRUE,"(0,5]",-86.1488888888889,11.8983333333333,Cocoa/Coffee,Shaded perennial,2,C+2+,Before-After Designs,Unknown/mixed,"[0,15)",FALSE,FALSE,0.351,0.6024060092661758,0.3628929999999999
1132,167,1131,2012,Martin Raimo Andreas Noponen,English,PhD thesis,https://repositorio.catie.ac.cr/handle/11554/4597,NA,NA,LMP,Cropland,Full sun,NA,Coffea arabica,1,1,0,0,Cropland,Shaded perennial,Coffee,NA,"Coffea arabica,Samanea saman,Tabebuia rosea",3,3,0,1,331,NA,NA,NA,Nicaragua,11°53'54''N,86°08'56''W,11.8983333333333,-86.1488888888889,455,1386,24,NA,Phaeozems,10,20,10,63,147,645,147,BACI,10,NA,unknown,unknown,6,6,Annex 5,change SE (diviser par 10 et le mettre au bon endroit),Mg C ha-1 change,Done,NA,"2,12 SE","5,19",NA,5.19,NA,"1,68 SE","4,12",NA,4.12,0.109,"0,344",NO,NA,NA,NO,NA,NA,NA,0.235,257,100,1846,Tropical Moist,15,10,FALSE,"(10,15]",-86.1488888888889,11.8983333333333,Cocoa/Coffee,Shaded perennial,2,C+2+,Before-After Designs,Unknown/mixed,"[15,30)",FALSE,FALSE,0.235,0.6626499830227116,0.43910499999999997
1133,167,1132,2012,Martin Raimo Andreas Noponen,English,PhD thesis,https://repositorio.catie.ac.cr/handle/11554/4597,NA,NA,LMP,Cropland,Full sun,NA,Coffea arabica,1,1,0,0,Cropland,Shaded perennial,Coffee,NA,"Coffea arabica,Samanea saman,Tabebuia rosea",3,3,0,1,331,NA,NA,NA,Nicaragua,11°53'54''N,86°08'56''W,11.8983333333333,-86.1488888888889,455,1386,24,NA,Phaeozems,20,40,20,63,147,645,147,BACI,10,NA,unknown,unknown,6,6,Annex 5,change SE (diviser par 10 et le mettre au bon endroit),Mg C ha-1 change,Done,NA,"4,91 SE","12,03",NA,12.03,NA,"4,19 SE","10,26",NA,10.26,-0.416,"0,71",NO,NA,NA,NO,NA,NA,NA,1.126,257,100,1846,Tropical Moist,30,20,FALSE,"(25,50]",-86.1488888888889,11.8983333333333,Cocoa/Coffee,Shaded perennial,2,C+2+,Before-After Designs,Unknown/mixed,"[30,45)",FALSE,FALSE,1.126,1.581102463472877,2.4998850000000004
1176,170,1175,2019,"Sauvadet et al,",English,Article,https://doi.org/10.1016/j.scitotenv.2018.08.291,NA,NA,LMP,Cropland,Full sun,NA,Saccharum officinarum,1,0,1,0,Cropland,Shaded perennial,Coffee,NA,"Coffea,Terminalia",2,3,0,0,NA,NA,NA,NA,Costa Rica,9° 53’ 44” N,83°40’7’W,9.89555555555556,-83.6686111111111,685,2915,22,NA,Cambisols,0,10,10,105,43,105,43,RCBD,17,Sugar cane,cropland,cropland,6,7,Table 2,NA,gC.kg-1,Done,"39,30","9,20","9,20",39.49,9.24,"39,10","5,30","5,30",39.29,5.33,0.07003558824,"0,05821382353",YES,"-0,005102051884","0,01175836752",YES,"-0,01182176471",NA,NA,-0.011821764710000002,187,94,1592,Tropical Wet,5,10,TRUE,"(0,5]",-83.6686111111111,9.89555555555556,Cocoa/Coffee,Shaded perennial,1,A:<0/+1,Randomized Designs,Cropland,"[0,15)",FALSE,FALSE,-0.011821764710000002,0.6274750301763486,0.39372491349480965
1177,170,1176,2019,"Sauvadet et al,",English,Article,https://doi.org/10.1016/j.scitotenv.2018.08.291,NA,NA,LMP,Cropland,Full sun,NA,Saccharum officinarum,1,0,1,0,Cropland,Shaded perennial,Coffee,NA,"Coffea,Eythrina",2,2,0,1,NA,NA,NA,NA,Costa Rica,9° 53’ 44” N,83°40’7’W,9.89555555555556,-83.6686111111111,685,2915,22,NA,Cambisols,0,10,10,105,43,105,43,RCBD,17,Sugar cane,cropland,cropland,6,7,Table 2,NA,gC.kg-1,Done,"39,30","9,20","9,20",39.49,9.24,"45,20","6,10","6,10",45.42,6.13,0.07003558824,"0,4187776471",YES,"0,139872568","0,01173540855",YES,"0,3487420588",NA,NA,0.34874205886,187,94,1592,Tropical Wet,5,10,TRUE,"(0,5]",-83.6686111111111,9.89555555555556,Cocoa/Coffee,Shaded perennial,1,A:<0/+1,Randomized Designs,Cropland,"[0,15)",FALSE,FALSE,0.34874205886,0.6522638246030613,0.42544809688581314
1178,170,1177,2019,"Sauvadet et al,",English,Article,https://doi.org/10.1016/j.scitotenv.2018.08.291,NA,NA,LMP,Cropland,Full sun,NA,Saccharum officinarum,1,0,1,0,Cropland,Shaded perennial,Coffee,NA,"Coffea,Terminalia",2,3,0,0,NA,NA,NA,NA,Costa Rica,9° 53’ 44” N,83°40’7’W,9.89555555555556,-83.6686111111111,685,2915,22,NA,Cambisols,0,10,10,105,43,105,43,RCBD,17,Sugar cane,cropland,cropland,6,7,Table 2,NA,gC.kg-1,Done,"36,90","4,90","4,90",37.08,4.92,"40,10","6,10","6,10",40.29,6.13,-0.07182558824,"0,1173226471",YES,"0,08316478327","0,006244694703",YES,"0,1891482353",NA,NA,0.18914823534,187,94,1592,Tropical Wet,5,10,TRUE,"(0,5]",-83.6686111111111,9.89555555555556,Cocoa/Coffee,Shaded perennial,1,A:<0/+1,Randomized Designs,Cropland,"[0,15)",FALSE,FALSE,0.18914823534,0.4623667862019275,0.21378304498269893
1179,170,1178,2019,"Sauvadet et al,",English,Article,https://doi.org/10.1016/j.scitotenv.2018.08.291,NA,NA,LMP,Cropland,Full sun,NA,Saccharum officinarum,1,0,1,0,Cropland,Shaded perennial,Coffee,NA,"Coffea,Eythrina",2,2,0,1,NA,NA,NA,NA,Costa Rica,9° 53’ 44” N,83°40’7’W,9.89555555555556,-83.6686111111111,685,2915,22,NA,Cambisols,0,10,10,105,43,105,43,RCBD,17,Sugar cane,cropland,cropland,6,7,Table 2,NA,gC.kg-1,Done,"36,90","4,90","4,90",37.08,4.92,"42,00","8,10","8,10",42.2,8.14,-0.07182558824,"0,2296294118",YES,"0,1294580672","0,008252333874",YES,"0,301455",NA,NA,0.30145500004,187,94,1592,Tropical Wet,5,10,TRUE,"(0,5]",-83.6686111111111,9.89555555555556,Cocoa/Coffee,Shaded perennial,1,A:<0/+1,Randomized Designs,Cropland,"[0,15)",FALSE,FALSE,0.30145500004,0.5594918604131003,0.3130311418685121
1193,171,1192,2019,Kearney et al.,English,Article,http://dx.doi.org/10.1016/j.ecolind.2017.08.032,NA,NA,LMP,Cropland,Full sun,NA,"zea mays,Phaseolus vulgaris",2,0,2,1,Cropland,Other,"Beans, Maize",NA,"zea mays,phaseoulus vulgaris, trees",3,1,2,1,1000-1400,NO,NA,NA,El Salvador,"14° 5’ 49,4988” N",88°53’17.77'W,14.097083,-88.888272,745,1985,24,NA,Cambisols,0,20,20,94,80,89,80,CI,36,NA,cropland,cropland,5,5,Table 3,SD to be estimated,t C ha-1,Done,"28,80",NA,NA,28.8,10.961012401495786,"28,10",NA,NA,28.1,10.948574251962993,NA,NA,YES,"-0,0246058108",0,YES,"-0,01944444444",NA,NA,NA,232,127,1864,Tropical Moist,10,20,TRUE,"(5,10]",-88.888272,14.097083,Beans/Maize,Other,1,A:<0/+1,Control-Impact Designs,Cropland,"[0,15)",TRUE,TRUE,-0.019444444444444424,0.43034499422664924,0.18519681405593477
1194,171,1193,2019,Kearney et al.,English,Article,http://dx.doi.org/10.1016/j.ecolind.2017.08.032,NA,NA,LMP,Cropland,Full sun,NA,"zea mays,Phaseolus vulgaris",2,0,2,1,Cropland,Other,"Beans, Maize",NA,"zea mays,phaseoulus vulgaris, trees",3,1,2,1,1000-1400,NO,NA,ORg_control_conv_tratment,El Salvador,"14° 5’ 49,4988” N",88°53’17.77'W,14.097083,-88.888272,745,1985,24,NA,Cambisols,0,20,20,93,80,89,80,CI,36,NA,cropland,cropland,5,5,Table 3,SD to be estimated,t C ha-1,Done,"24,90",NA,NA,24.9,9.47670863879323,"28,10",NA,NA,28.1,10.948574251962993,NA,NA,YES,"0,1209017729",0,YES,"0,08888888889",NA,NA,NA,232,127,1864,Tropical Moist,10,20,TRUE,"(5,10]",-88.888272,14.097083,Beans/Maize,Other,1,A:<0/+1,Control-Impact Designs,Cropland,"[0,15)",TRUE,TRUE,0.08888888888888896,0.40223074420772353,0.16178957158589913
1196,171,1195,2019,Kearney et al.,English,Article,http://dx.doi.org/10.1016/j.ecolind.2017.08.032,NA,NA,LMP,Cropland,Full sun,NA,"zea mays,Phaseolus vulgaris",2,0,2,1,Cropland,Other,"Beans, Maize",NA,"zea mays,phaseoulus vulgaris, trees",3,1,2,1,NA,NO,NA,NA,El Salvador,"14° 5’ 49,4988” N",88°53’17.77'W,14.097083,-88.888272,745,1985,24,NA,Cambisols,0,20,20,94,80,99,80,CI,36,NA,cropland,forest,5,5,Table 3,SD to be estimated,t C ha-1,Done,"28,80",NA,NA,28.8,10.961012401495786,"30,50",NA,NA,30.5,11.883683796614635,NA,NA,YES,"0,05735129647",0,YES,"0,04722222222",NA,NA,NA,232,127,1864,Tropical Moist,10,20,TRUE,"(5,10]",-88.888272,14.097083,Beans/Maize,Other,1,A:<0/+1,Control-Impact Designs,Unknown/mixed,"[0,15)",TRUE,TRUE,0.0472222222222222,0.44907804513259425,0.20167109062011235
1197,171,1196,2019,Kearney et al.,English,Article,http://dx.doi.org/10.1016/j.ecolind.2017.08.032,NA,NA,LMP,Cropland,Full sun,NA,"zea mays,Phaseolus vulgaris",2,0,2,1,Cropland,Other,"Beans, Maize",NA,"zea mays,phaseoulus vulgaris, trees",3,1,2,1,NA,NO,NA,ORg_control_conv_tratment,El Salvador,"14° 5’ 49,4988” N",88°53’17.77'W,14.097083,-88.888272,745,1985,24,NA,Cambisols,0,20,20,93,80,99,80,CI,36,NA,cropland,forest,5,5,Table 3,SD to be estimated,t C ha-1,Done,"24,90",NA,NA,24.9,9.47670863879323,"30,50",NA,NA,30.5,11.883683796614635,NA,NA,YES,"0,2028588801",0,YES,"0,1555555556",NA,NA,NA,232,127,1864,Tropical Moist,10,20,TRUE,"(5,10]",-88.888272,14.097083,Beans/Maize,Other,1,A:<0/+1,Control-Impact Designs,Unknown/mixed,"[0,15)",TRUE,TRUE,0.15555555555555559,0.42221303645206976,0.1782638481500768
