ID,id_article,id_experiment,publication_year,Authors,language,document_type,doi,Book_DOI,Commentaires,experiment_type,control_Land_Use,control_type,control_Comment,control_species,control_NB_species,control_N_Woody,control_N_herb,control_N2_fixing,treatment_Land_Use,NEW_treatment_type,main_culture,Notes,treatment_species,treatment_NB_species,treatment_N_Woody,treatment_N_herb,treatment_N2_fixing,density,Organic_management,info,Confunding_factors,country,latitude,longitude,Y_(WGS84),X_(WGS84),altitude,precipitation,temperature,climate,soil_type,soil_depth_start,soil_depth_end,Thickness,Bulk_density_C,Coarse_fragment_C,Bulk_density_T,Coarse_fragment_T,Design,time_since_conversion,history,history_C,history_T,control_replicate_nb,treatment_replicate_nb,Table/Fig,Transformation,soc_unit_control,...60,control_soc_mean,control_soc_sd,control_soc_sd_F,control_soc_mean_T_ha,control_soc_sd_T_ha,treatment_soc_mean,treatment_soc_sd,treatment_soc_sd_F,treatment_soc_mean_T_ha,treatment_soc_sd_T_ha,delta_stock_C.yr,delta_stock_T.yr,Keep_ratio,Ratio,Ratio_vi,Keep_rate,Crate,Crate_vi,...79,delta_stock_T,Temperature_Wordclim,Precipitation_Wordclim,ETP_Wordclim,FAO_Climate,MEAN_depth,depth_diff,Depthfrom_zero,MEAN_depthD,lon,lat,time_since_conversion_imputed,main_culture2,NEW_treatment_type2,diff_species,diff_species_class,Grouped_Design,History_reclass,depth_group,treatment_soc_sd_T_ha_imputed,control_soc_sd_T_ha_imputed,yi,vi
1,5,1,2019,"Aryal, Deb R.; Gomez-Gonzalez, Rogelio R.; Hernandez-Nuriasmu, Rodrigo; Morales-Ruiz, Danilo E.",English,Article,10.1007/s10457-018-0310-y,http://dx.doi.org/10.1007/s10457-018-0310-y,"We have the Pastureland age but not the SAF age. We don't have the SD but the SE for the SOC. AGB doesn't take in count the litter biomass, just the grass and trees biomass. The biomass DATA is already converted in carbon. No need to make any calcul here.",LMP,Grassland,Full sun,NA,"Cynodon dactylon,Cynodon plectostachyus,Hiparrhenia rufa",3,0,3,0,grassland,SilvoPasture,Pasture,NA,"Cynodon dactylon,Cynodon plectostachyus,Hiparrhenia rufa,Acacia farnesiana,Alvaradoa amorphoides,Astronium graveolens,Bumelia Celastrina,Bursera copallifera,Bursera excelsa,Byrsonima crassifolia,Ceiba aesculifolia,Clethra mexicana,Cochlospermum vitifolium,Comacladia guatemalensis,Haematoxilum brasiletto,Leucaena leucocephala,Lysiloma acapulcense,Payena lucida,Pimenta dioica,Pithecellobium dulce,Swietenia macrophylla,Thevetia thevetioides,Tabebuia dominguensis",23,20,3,4,282,NO,NA,NA,Mexico,16°37'N,93°06'W,16.6166666666667,-93.1,494.5,1150,23,NA,Leptosols,0,15,15,110,40,130,39,CI,12.4,Maize cutivation for 10–15 years,cropland,cropland,10,10,Table 2,SE,t C ha-1,Done,"61,52","6,94 SE","21,95",61.52,21.95,"89,72","5,54 SE","17,52",89.72,17.52,NA,NA,YES,"0,3773313845","0,01653860842",YES,"2,274193548",NA,NA,NA,237,140,1861,Tropical Moist,7.5,15,TRUE,"(5,10]",-93.1,16.6166666666667,FALSE,Pasture,SilvoPasture,20,C+2+,Control-Impact Designs,Cropland,"[0,15)",FALSE,FALSE,0.3773313844546189,0.016543435046220772
2,5,2,2019,"Aryal, Deb R.; Gomez-Gonzalez, Rogelio R.; Hernandez-Nuriasmu, Rodrigo; Morales-Ruiz, Danilo E.",English,Article,10.1007/s10457-018-0310-y,http://dx.doi.org/10.1007/s10457-018-0310-y,"We have the Pastureland age but not the SAF age. We don't have the SD but the SE for the SOC. AGB doesn't take in count the litter biomass, just the grass and trees biomass. The biomass DATA is already converted in carbon. No need to make any calcul here.",LMP,Grassland,Full sun,NA,"Cynodon plectostachyus,Brachiaria dictyoneura,Hiparrhenia rufa",3,0,3,0,grassland,SilvoPasture,Pasture,NA,"Cynodon plectostachyus,Brachiaria dictyoneura,Hiparrhenia rufa,Acacia farnesiana,Bucida buceras,Bursera graveolens,Byrsonima crassifolia,Cordia alliodora,Cordia dentata,Gliricidia sepium,Guazuma ulmifolia,Heliocarpus donell,Inga edulis,Leucaena leucocephala,Licania arborea,Pithecellobium dulce,Swietenia macrophylla",17,14,3,4,118,NO,NA,NA,Mexico,16°37'N,93°06'W,16.6166666666667,-93.1,591,1750,21,NA,Leptosols,0,15,15,110,40,80,110,CI,36.9,Maize for 10–15 years and 1–3 years of cotton cultivation,cropland,cropland,10,10,Table 2,SE,t C ha-1,Done,"50,95","5,91 SE","18,69",50.95,18.69,"48,46","3,90 SE","12,33",48.46,12.33,NA,NA,YES,"-0,05010604428","0,01993191777",YES,"-0,0674796748",NA,NA,NA,237,140,1861,Tropical Moist,7.5,15,TRUE,"(5,10]",-93.1,16.6166666666667,FALSE,Pasture,SilvoPasture,14,C+2+,Control-Impact Designs,Cropland,"[0,15)",FALSE,FALSE,-0.05010604428035424,0.01993024227392065
3,7,3,2020,"Chatterjee, Nilovna; Nair, P. K. Ramachandran; Nair, Vimala D.; Bhattacharjee, Abhishek; Virginio Filho, Elias de Melo; Muschler, Rheinhold G.; Noponen, Martin R. A.",English,Article,10.3390/f11010049,http://dx.doi.org/10.3390/f11010049,The error is the random normal error.,LMP,Cropland,Full sun,NA,Coffea arabica,1,1,0,0,Cropland,Shaded perennial,Coffee,NA,"Coffea arabica,Erythrina poeppigiana",2,2,0,1,417,NA,NA,NA,Costa Rica,9°53'44''N,83°40'7''W,9.89555555555556,-83.6686111111111,685,2600,22,NA,Cambisols,0,100,100,9475,43,73,43,BACI,16,Sugar cane,cropland,cropland,3,3,Figure 3,NA,t C ha-1,Done,"92,35","4,50","4,50",92.35,4.5,"101,59","6,00","6,00",101.59,6,NA,NA,YES,"0,09531017995","0,001953205707",NO,NA,NA,NA,NA,187,94,1592,Tropical Wet,50,100,TRUE,"(25,50]",-83.6686111111111,9.89555555555556,FALSE,Cocoa/Coffee,Shaded perennial,1,A:<0/+1,Before-After Designs,Cropland,"[45,55)",FALSE,FALSE,0.09535939845820468,0.001954193024897977
4,7,4,2020,"Chatterjee, Nilovna; Nair, P. K. Ramachandran; Nair, Vimala D.; Bhattacharjee, Abhishek; Virginio Filho, Elias de Melo; Muschler, Rheinhold G.; Noponen, Martin R. A.",English,Article,10.3390/f11010049,http://dx.doi.org/10.3390/f11010049,The error is the random normal error.,LMP,Cropland,Full sun,NA,Coffea arabica,1,1,0,0,Cropland,Shaded perennial,Coffee,NA,"Coffea arabica,Terminalia amazonia",2,2,0,0,417,NA,NA,NA,Costa Rica,9°53'44''N,83°40'7''W,9.89555555555556,-83.6686111111111,685,2600,22,NA,Cambisols,0,100,100,9475,43,62,43,BACI,16,Sugar cane,cropland,cropland,3,3,Figure 3,NA,t C ha-1,Done,"92,35","4,50","4,50",92.35,4.5,"109,09","11,50","11,50",109.09,11.5,NA,NA,YES,"0,1665731999","0,004493319593",NO,NA,NA,NA,NA,187,94,1592,Tropical Wet,50,100,TRUE,"(25,50]",-83.6686111111111,9.89555555555556,FALSE,Cocoa/Coffee,Shaded perennial,1,A:<0/+1,Before-After Designs,Cropland,"[45,55)",FALSE,FALSE,0.1665875229644165,0.004495748101947623
5,7,5,2020,"Chatterjee, Nilovna; Nair, P. K. Ramachandran; Nair, Vimala D.; Bhattacharjee, Abhishek; Virginio Filho, Elias de Melo; Muschler, Rheinhold G.; Noponen, Martin R. A.",English,Article,10.3390/f11010049,http://dx.doi.org/10.3390/f11010049,The error is the random normal error.,LMP,Cropland,Full sun,NA,Coffea arabica,1,1,0,0,Cropland,Shaded perennial,Coffee,NA,"Coffea arabica,Erythrina poeppigiana",2,2,0,1,417,NA,NA,Organic_T vs. Conv_C,Costa Rica,9°53'44''N,83°40'7''W,9.89555555555556,-83.6686111111111,685,2600,22,NA,Cambisols,0,100,100,9475,43,99,43,BACI,16,Sugar cane,cropland,cropland,3,3,Figure 3,NA,t C ha-1,Done,"92,35","4,50","4,50",92.35,4.5,"113,71","7,00","7,00",113.71,7,NA,NA,YES,"0,2080299135","0,002053609353",NO,NA,NA,NA,NA,187,94,1592,Tropical Wet,50,100,TRUE,"(25,50]",-83.6686111111111,9.89555555555556,FALSE,Cocoa/Coffee,Shaded perennial,1,A:<0/+1,Before-After Designs,Cropland,"[45,55)",FALSE,FALSE,0.20806564099138244,0.0020546775024519607
6,7,6,2020,"Chatterjee, Nilovna; Nair, P. K. Ramachandran; Nair, Vimala D.; Bhattacharjee, Abhishek; Virginio Filho, Elias de Melo; Muschler, Rheinhold G.; Noponen, Martin R. A.",English,Article,10.3390/f11010049,http://dx.doi.org/10.3390/f11010049,The error is the random normal error.,LMP,Cropland,Full sun,NA,Coffea arabica,1,1,0,0,Cropland,Shaded perennial,Coffee,NA,"Coffea arabica,Terminalia amazonia",2,2,0,0,417,NA,NA,Organic_T vs. Conv_C,Costa Rica,9°53'44''N,83°40'7''W,9.89555555555556,-83.6686111111111,685,2600,22,NA,Cambisols,0,100,100,9475,43,103,43,BACI,16,Sugar cane,cropland,cropland,3,3,Figure 3,NA,t C ha-1,Done,"92,35","4,50","4,50",92.35,4.5,"125,25","34,49","34,49",125.25,34.49,NA,NA,YES,"0,3047235387","0,02606761948",NO,NA,NA,NA,NA,187,94,1592,Tropical Wet,50,100,TRUE,"(25,50]",-83.6686111111111,9.89555555555556,FALSE,Cocoa/Coffee,Shaded perennial,1,A:<0/+1,Before-After Designs,Cropland,"[45,55)",FALSE,FALSE,0.30472603331972525,0.02606753854920114
35,7,35,2020,"Chatterjee, Nilovna; Nair, P. K. Ramachandran; Nair, Vimala D.; Bhattacharjee, Abhishek; Virginio Filho, Elias de Melo; Muschler, Rheinhold G.; Noponen, Martin R. A.",English,Article,10.3390/f11010049,http://dx.doi.org/10.3390/f11010049,The error is the random normal error.,LMP,Cropland,Full sun,NA,Coffea arabica,1,1,0,0,Cropland,Shaded perennial,Coffee,NA,"Coffea arabica,Erythrina poeppigiana",2,2,0,1,417,NA,NA,NA,Costa Rica,9°53'44''N,83°40'7''W,9.89555555555556,-83.6686111111111,685,2600,22,NA,Cambisols,0,10,10,81,43,73,43,BACI,16,Sugar cane,cropland,cropland,3,3,Table 8,estSD,t C ha-1,Done,"27,70",NA,NA,27.7,3.097538006691045,"25,30",NA,NA,25.3,3.217392468974888,0.596875,"0,34375",YES,"-0,09062801746",0,NO,NA,NA,NA,0.34375,187,94,1592,Tropical Wet,5,10,TRUE,"(0,5]",-83.6686111111111,9.89555555555556,FALSE,Cocoa/Coffee,Shaded perennial,1,A:<0/+1,Before-After Designs,Cropland,"[0,15)",TRUE,TRUE,-0.09062801745981816,0.009558945581404781
36,7,36,2020,"Chatterjee, Nilovna; Nair, P. K. Ramachandran; Nair, Vimala D.; Bhattacharjee, Abhishek; Virginio Filho, Elias de Melo; Muschler, Rheinhold G.; Noponen, Martin R. A.",English,Article,10.3390/f11010049,http://dx.doi.org/10.3390/f11010049,The error is the random normal error.,LMP,Cropland,Full sun,NA,Coffea arabica,1,1,0,0,Cropland,Shaded perennial,Coffee,NA,"Coffea arabica,Erythrina poeppigiana",2,2,0,1,417,NA,NA,NA,Costa Rica,9°53'44''N,83°40'7''W,9.89555555555556,-83.6686111111111,685,2600,22,NA,Cambisols,1,10,9,95,43,62,43,BACI,16,Sugar cane,cropland,cropland,3,3,Table 8,estSD,t C ha-1,Done,"25,10",NA,NA,25.1,2.8067943670738353,"28,50",NA,NA,28.5,3.624335389951949,0.0546875,"0,3515625",YES,"0,1270362411",0,NO,NA,NA,NA,0.3515625,187,94,1592,Tropical Wet,5.5,9,FALSE,"(5,10]",-83.6686111111111,9.89555555555556,FALSE,Cocoa/Coffee,Shaded perennial,1,A:<0/+1,Before-After Designs,Cropland,"[0,15)",TRUE,TRUE,0.12703624113686654,0.00955894558140478
37,7,37,2020,"Chatterjee, Nilovna; Nair, P. K. Ramachandran; Nair, Vimala D.; Bhattacharjee, Abhishek; Virginio Filho, Elias de Melo; Muschler, Rheinhold G.; Noponen, Martin R. A.",English,Article,10.3390/f11010049,http://dx.doi.org/10.3390/f11010049,The error is the random normal error.,LMP,Cropland,Full sun,NA,Coffea arabica,1,1,0,0,Cropland,Shaded perennial,Coffee,NA,"Coffea arabica,Erythrina poeppigiana",2,2,0,1,417,NA,NA,NA,Costa Rica,9°53'44''N,83°40'7''W,9.89555555555556,-83.6686111111111,685,2600,22,NA,Cambisols,0,40,40,88,43,675,43,BACI,16,Sugar cane,cropland,cropland,3,3,Table 8,NA,t C ha-1,Done,"52,80","45 543,00","45 543,00",52.8,5.90433237376488,"53,90","8,90","8,90",53.9,8.9,0.6515625,"0,65",YES,"0,0206192872","248001,4306",NO,NA,NA,NA,0.65,187,94,1592,Tropical Wet,20,40,TRUE,"(15,25]",-83.6686111111111,9.89555555555556,FALSE,Cocoa/Coffee,Shaded perennial,1,A:<0/+1,Before-After Designs,Cropland,"[15,30)",FALSE,TRUE,0.02061928720273561,0.013256508022466173
38,7,38,2020,"Chatterjee, Nilovna; Nair, P. K. Ramachandran; Nair, Vimala D.; Bhattacharjee, Abhishek; Virginio Filho, Elias de Melo; Muschler, Rheinhold G.; Noponen, Martin R. A.",English,Article,10.3390/f11010049,http://dx.doi.org/10.3390/f11010049,The error is the random normal error.,LMP,Cropland,Full sun,NA,Coffea arabica,1,1,0,0,Cropland,Shaded perennial,Coffee,NA,"Coffea arabica,Terminalia amazonia",2,2,0,0,417,NA,NA,NA,Costa Rica,9°53'44''N,83°40'7''W,9.89555555555556,-83.6686111111111,685,2600,22,NA,Cambisols,0,10,10,81,43,113,43,BACI,16,Sugar cane,cropland,cropland,3,3,Table 8,estSD,t C ha-1,Done,"27,70",NA,NA,27.7,3.097538006691045,"32,90",NA,NA,32.9,4.183881906295407,0.596875,"0,725",YES,"0,1720402446",0,NO,NA,NA,NA,0.725,187,94,1592,Tropical Wet,5,10,TRUE,"(0,5]",-83.6686111111111,9.89555555555556,FALSE,Cocoa/Coffee,Shaded perennial,1,A:<0/+1,Before-After Designs,Cropland,"[0,15)",TRUE,TRUE,0.1720402445780334,0.009558945581404781
39,7,39,2020,"Chatterjee, Nilovna; Nair, P. K. Ramachandran; Nair, Vimala D.; Bhattacharjee, Abhishek; Virginio Filho, Elias de Melo; Muschler, Rheinhold G.; Noponen, Martin R. A.",English,Article,10.3390/f11010049,http://dx.doi.org/10.3390/f11010049,The error is the random normal error.,LMP,Cropland,Full sun,NA,Coffea arabica,1,1,0,0,Cropland,Shaded perennial,Coffee,NA,"Coffea arabica,Terminalia amazonia",2,2,0,0,417,NA,NA,NA,Costa Rica,9°53'44''N,83°40'7''W,9.89555555555556,-83.6686111111111,685,2600,22,NA,Cambisols,1,10,9,95,43,90,43,BACI,16,Sugar cane,cropland,cropland,3,3,Table 8,estSD,t C ha-1,Done,"25,10",NA,NA,25.1,2.8067943670738353,"41,00",NA,NA,41,5.213956175018593,0.0546875,"0,715625",YES,"0,4907042206",0,NO,NA,NA,NA,0.715625,187,94,1592,Tropical Wet,5.5,9,FALSE,"(5,10]",-83.6686111111111,9.89555555555556,FALSE,Cocoa/Coffee,Shaded perennial,1,A:<0/+1,Before-After Designs,Cropland,"[0,15)",TRUE,TRUE,0.49070422056656954,0.00955894558140478
40,7,40,2020,"Chatterjee, Nilovna; Nair, P. K. Ramachandran; Nair, Vimala D.; Bhattacharjee, Abhishek; Virginio Filho, Elias de Melo; Muschler, Rheinhold G.; Noponen, Martin R. A.",English,Article,10.3390/f11010049,http://dx.doi.org/10.3390/f11010049,The error is the random normal error.,LMP,Cropland,Full sun,NA,Coffea arabica,1,1,0,0,Cropland,Shaded perennial,Coffee,NA,"Coffea arabica,Terminalia amazonia",2,2,0,0,417,NA,NA,NA,Costa Rica,9°53'44''N,83°40'7''W,9.89555555555556,-83.6686111111111,685,2600,22,NA,Cambisols,0,40,40,88,43,1015,43,BACI,16,Sugar cane,cropland,cropland,3,3,Table 8,NA,t C ha-1,Done,"52,80","45 543,00","45 543,00",52.8,5.90433237376488,"73,90","8,60","8,60",73.9,8.6,0.6515625,"1,440625",YES,"0,3362016372","248001,426",NO,NA,NA,NA,1.440625,187,94,1592,Tropical Wet,20,40,TRUE,"(15,25]",-83.6686111111111,9.89555555555556,FALSE,Cocoa/Coffee,Shaded perennial,1,A:<0/+1,Before-After Designs,Cropland,"[15,30)",FALSE,TRUE,0.33620163724194047,0.008682499970597186
41,7,41,2020,"Chatterjee, Nilovna; Nair, P. K. Ramachandran; Nair, Vimala D.; Bhattacharjee, Abhishek; Virginio Filho, Elias de Melo; Muschler, Rheinhold G.; Noponen, Martin R. A.",English,Article,10.3390/f11010049,http://dx.doi.org/10.3390/f11010049,The error is the random normal error.,LMP,Cropland,Full sun,NA,Coffea arabica,1,1,0,0,Cropland,Shaded perennial,Coffee,NA,"Coffea arabica,Erythrina poeppigiana",2,2,0,1,417,NA,NA,Organic_T vs. Conv_C,Costa Rica,9°53'44''N,83°40'7''W,9.89555555555556,-83.6686111111111,685,2600,22,NA,Cambisols,0,10,10,81,43,86,43,BACI,16,Sugar cane,cropland,cropland,3,3,Table 8,estSD,t C ha-1,Done,"27,70",NA,NA,27.7,3.097538006691045,"29,50",NA,NA,29.5,3.7515050527572806,0.596875,"0,7046875",YES,"0,06295785015",0,NO,NA,NA,NA,0.7046875,187,94,1592,Tropical Wet,5,10,TRUE,"(0,5]",-83.6686111111111,9.89555555555556,FALSE,Cocoa/Coffee,Shaded perennial,1,A:<0/+1,Before-After Designs,Cropland,"[0,15)",TRUE,TRUE,0.06295785015248136,0.009558945581404781
42,7,42,2020,"Chatterjee, Nilovna; Nair, P. K. Ramachandran; Nair, Vimala D.; Bhattacharjee, Abhishek; Virginio Filho, Elias de Melo; Muschler, Rheinhold G.; Noponen, Martin R. A.",English,Article,10.3390/f11010049,http://dx.doi.org/10.3390/f11010049,The error is the random normal error.,LMP,Cropland,Full sun,NA,Coffea arabica,1,1,0,0,Cropland,Shaded perennial,Coffee,NA,"Coffea arabica,Erythrina poeppigiana",2,2,0,1,417,NA,NA,Organic_T vs. Conv_C,Costa Rica,9°53'44''N,83°40'7''W,9.89555555555556,-83.6686111111111,685,2600,22,NA,Cambisols,1,10,9,95,43,92,43,BACI,16,Sugar cane,cropland,cropland,3,3,Table 8,estSD,t C ha-1,Done,"25,10",NA,NA,25.1,2.8067943670738353,"33,10",NA,NA,33.1,4.209315838856474,0.0546875,"0,578125",YES,"0,2766654362",0,NO,NA,NA,NA,0.578125,187,94,1592,Tropical Wet,5.5,9,FALSE,"(5,10]",-83.6686111111111,9.89555555555556,FALSE,Cocoa/Coffee,Shaded perennial,1,A:<0/+1,Before-After Designs,Cropland,"[0,15)",TRUE,TRUE,0.27666543624527895,0.009558945581404781
43,7,43,2020,"Chatterjee, Nilovna; Nair, P. K. Ramachandran; Nair, Vimala D.; Bhattacharjee, Abhishek; Virginio Filho, Elias de Melo; Muschler, Rheinhold G.; Noponen, Martin R. A.",English,Article,10.3390/f11010049,http://dx.doi.org/10.3390/f11010049,The error is the random normal error.,LMP,Cropland,Full sun,NA,Coffea arabica,1,1,0,0,Cropland,Shaded perennial,Coffee,NA,"Coffea arabica,Erythrina poeppigiana",2,2,0,1,417,NA,NA,Organic_T vs. Conv_C,Costa Rica,9°53'44''N,83°40'7''W,9.89555555555556,-83.6686111111111,685,2600,22,NA,Cambisols,0,40,40,88,43,89,43,BACI,16,Sugar cane,cropland,cropland,3,3,Table 8,NA,t C ha-1,Done,"52,80","45 543,00","45 543,00",52.8,5.90433237376488,"62,60","8,11","8,11",62.6,8.11,0.6515625,"1,2875",YES,"0,1702540874","248001,4271",NO,NA,NA,NA,1.2875,187,94,1592,Tropical Wet,20,40,TRUE,"(15,25]",-83.6686111111111,9.89555555555556,FALSE,Cocoa/Coffee,Shaded perennial,1,A:<0/+1,Before-After Designs,Cropland,"[15,30)",FALSE,TRUE,0.17025408739383718,0.009762873246588493
44,7,44,2020,"Chatterjee, Nilovna; Nair, P. K. Ramachandran; Nair, Vimala D.; Bhattacharjee, Abhishek; Virginio Filho, Elias de Melo; Muschler, Rheinhold G.; Noponen, Martin R. A.",English,Article,10.3390/f11010049,http://dx.doi.org/10.3390/f11010049,The error is the random normal error.,LMP,Cropland,Full sun,NA,Coffea arabica,1,1,0,0,Cropland,Shaded perennial,Coffee,NA,"Coffea arabica,Terminalia amazonia",2,2,0,0,417,NA,NA,Organic_T vs. Conv_C,Costa Rica,9°53'44''N,83°40'7''W,9.89555555555556,-83.6686111111111,685,2600,22,NA,Cambisols,0,10,10,81,43,89,43,BACI,16,Sugar cane,cropland,cropland,3,3,Table 8,estSD,t C ha-1,Done,"27,70",NA,NA,27.7,3.097538006691045,"35,50",NA,NA,35.5,4.514523029589269,0.596875,"0,98125",YES,"0,2481002833",0,NO,NA,NA,NA,0.98125,187,94,1592,Tropical Wet,5,10,TRUE,"(0,5]",-83.6686111111111,9.89555555555556,FALSE,Cocoa/Coffee,Shaded perennial,1,A:<0/+1,Before-After Designs,Cropland,"[0,15)",TRUE,TRUE,0.2481002832880773,0.009558945581404781
45,7,45,2020,"Chatterjee, Nilovna; Nair, P. K. Ramachandran; Nair, Vimala D.; Bhattacharjee, Abhishek; Virginio Filho, Elias de Melo; Muschler, Rheinhold G.; Noponen, Martin R. A.",English,Article,10.3390/f11010049,http://dx.doi.org/10.3390/f11010049,The error is the random normal error.,LMP,Cropland,Full sun,NA,Coffea arabica,1,1,0,0,Cropland,Shaded perennial,Coffee,NA,"Coffea arabica,Terminalia amazonia",2,2,0,0,417,NA,NA,Organic_T vs. Conv_C,Costa Rica,9°53'44''N,83°40'7''W,9.89555555555556,-83.6686111111111,685,2600,22,NA,Cambisols,1,10,9,95,43,77,43,BACI,16,Sugar cane,cropland,cropland,3,3,Table 8,estSD,t C ha-1,Done,"25,10",NA,NA,25.1,2.8067943670738353,"39,00",NA,NA,39,4.95961684940793,0.0546875,"1,134375",YES,"0,4406938",0,NO,NA,NA,NA,1.134375,187,94,1592,Tropical Wet,5.5,9,FALSE,"(5,10]",-83.6686111111111,9.89555555555556,FALSE,Cocoa/Coffee,Shaded perennial,1,A:<0/+1,Before-After Designs,Cropland,"[0,15)",TRUE,TRUE,0.4406937999919082,0.009558945581404781
46,7,46,2020,"Chatterjee, Nilovna; Nair, P. K. Ramachandran; Nair, Vimala D.; Bhattacharjee, Abhishek; Virginio Filho, Elias de Melo; Muschler, Rheinhold G.; Noponen, Martin R. A.",English,Article,10.3390/f11010049,http://dx.doi.org/10.3390/f11010049,The error is the random normal error.,LMP,Cropland,Full sun,NA,Coffea arabica,1,1,0,0,Cropland,Shaded perennial,Coffee,NA,"Coffea arabica,Terminalia amazonia",2,2,0,0,417,NA,NA,Organic_T vs. Conv_C,Costa Rica,9°53'44''N,83°40'7''W,9.89555555555556,-83.6686111111111,685,2600,22,NA,Cambisols,0,40,40,88,43,83,43,BACI,16,Sugar cane,cropland,cropland,3,3,Table 8,NA,t C ha-1,Done,"52,80","45 543,00","45 543,00",52.8,5.90433237376488,"74,50","8,11","8,11",74.5,8.11,0.6515625,"2,115625",YES,"0,3442879347","248001,4255",NO,NA,NA,NA,2.115625,187,94,1592,Tropical Wet,20,40,TRUE,"(15,25]",-83.6686111111111,9.89555555555556,FALSE,Cocoa/Coffee,Shaded perennial,1,A:<0/+1,Before-After Designs,Cropland,"[15,30)",FALSE,TRUE,0.34428793467329816,0.008118336212649313
119,9,119,2021,"Morales Ruiz, Danilo E.; Aryal, Deb R.; Pinto Ruiz, Rene; Guevara Hernandez, Francisco; Casanova Lugo, Fernando; Villanueva Lopez, Gilberto",English,Article,10.1002/ldr.3761,http://dx.doi.org/10.1002/ldr.3761,"DISPERSED TREES.We don't have standard deviation, but we have standard error. The biomass data has been measured for the trees only, and the above ground biomass is in kg of dry weight, so I just made *0,5 to have it in carbon unit. SOC data is in carbon content.",LMP,Grassland,Full sun,NA,"Hyparrhenia rufa,Brachiaria dictyoneura,Cenchrus ciliaris",3,0,3,0,Grassland,SilvoPasture,Pasture,NA,"Hyparrhenia rufa,Brachiaria dictyoneura,Cenchrus ciliaris,Haematoxylum campechianum,Byrsonima crassifolia,Schizolobium parahyba,Bursera bipinnata,Cordia dodecandra,Sassafras albidum,Coccoloba uvifera,Anona squamosal,Leucaena leucocephala,Bauhinia ungulate,Tremelloscyphya gelatinosa,Gliricidia sepium,Guazuma ulmifolia",16,12,4,5,NA,NA,grazing_both,NA,Mexico,16°42'N,93°00'W,16.7,-93,550,1200,24,NA,Luvisols,0,10,10,78,0,52,0,CI,12.6820185614849,Tropical dry forest until 35 years ago and then maize cultivation until 10-15 years ago,cropland,cropland,10,10,Table 4,SE,%,Done,"1,60","0,2 SE","0,63",12.48,4.93,"3,60","0,2 SE","0,63",18.72,3.29,NA,NA,YES,"0,4054651081","0,01871141975",YES,"0,3565714286",NA,NA,NA,232,136,1893,Tropical Moist,5,10,TRUE,"(0,5]",-93,16.7,FALSE,Pasture,SilvoPasture,13,C+2+,Control-Impact Designs,Cropland,"[0,15)",FALSE,FALSE,0.4054651081081642,0.01869376329762948
120,9,120,2021,"Morales Ruiz, Danilo E.; Aryal, Deb R.; Pinto Ruiz, Rene; Guevara Hernandez, Francisco; Casanova Lugo, Fernando; Villanueva Lopez, Gilberto",English,Article,10.1002/ldr.3761,http://dx.doi.org/10.1002/ldr.3761,"DISPERSED TREES.We don't have standard deviation, but we have standard error. The biomass data has been measured for the trees only, and the above ground biomass is in kg of dry weight, so I just made *0,5 to have it in carbon unit. SOC data is in carbon content.",LMP,Grassland,Full sun,NA,"Hyparrhenia rufa,Brachiaria dictyoneura,Cenchrus ciliaris",3,0,3,0,Grassland,SilvoPasture,Pasture,NA,"Hyparrhenia rufa,Brachiaria dictyoneura,Cenchrus ciliaris,Haematoxylum campechianum,Byrsonima crassifolia,Schizolobium parahyba,Bursera bipinnata,Cordia dodecandra,Sassafras albidum,Coccoloba uvifera,Anona squamosal,Leucaena leucocephala,Bauhinia ungulate,Tremelloscyphya gelatinosa,Gliricidia sepium,Guazuma ulmifolia",16,12,4,5,NA,NA,grazing_both,NA,Mexico,16°42'N,93°00'W,16.7,-93,550,1200,24,NA,Luvisols,10,20,10,79,0,56,0,CI,12.6820185614849,Tropical dry forest until 35 years ago and then maize cultivation until 10-15 years ago,cropland,cropland,10,10,Table 4,SE,%,Done,"1,70","0,2 SE","0,63",13.43,5,"2,90","0,3 SE","0,95",16.24,5.31,NA,NA,YES,"0,1899863242","0,02454237623",YES,"0,1605714286",NA,NA,NA,232,136,1893,Tropical Moist,15,10,FALSE,"(10,15]",-93,16.7,FALSE,Pasture,SilvoPasture,13,C+2+,Control-Impact Designs,Cropland,"[15,30)",FALSE,FALSE,0.1899863241983856,0.024551757069842306
121,9,121,2021,"Morales Ruiz, Danilo E.; Aryal, Deb R.; Pinto Ruiz, Rene; Guevara Hernandez, Francisco; Casanova Lugo, Fernando; Villanueva Lopez, Gilberto",English,Article,10.1002/ldr.3761,http://dx.doi.org/10.1002/ldr.3761,"DISPERSED TREES.We don't have standard deviation, but we have standard error. The biomass data has been measured for the trees only, and the above ground biomass is in kg of dry weight, so I just made *0,5 to have it in carbon unit. SOC data is in carbon content.",LMP,Grassland,Full sun,NA,"Hyparrhenia rufa,Brachiaria dictyoneura,Cenchrus ciliaris",3,0,3,0,Grassland,SilvoPasture,Pasture,NA,"Hyparrhenia rufa,Brachiaria dictyoneura,Cenchrus ciliaris,Haematoxylum campechianum,Byrsonima crassifolia,Schizolobium parahyba,Bursera bipinnata,Cordia dodecandra,Sassafras albidum,Coccoloba uvifera,Anona squamosal,Leucaena leucocephala,Bauhinia ungulate,Tremelloscyphya gelatinosa,Gliricidia sepium,Guazuma ulmifolia",16,12,4,5,NA,NA,grazing_both,NA,Mexico,16°42'N,93°00'W,16.7,-93,550,1200,24,NA,Luvisols,20,30,10,80,0,65,0,CI,12.6820185614849,Tropical dry forest until 35 years ago and then maize cultivation until 10-15 years ago,cropland,cropland,10,10,Table 4,SE,%,Done,"1,50","0,1 SE","0,32",12,2.53,"2,70","0,2 SE","0,63",17.55,4.11,NA,NA,YES,"0,3801473001","0,009931412894",YES,"0,3171428571",NA,NA,NA,232,136,1893,Tropical Moist,25,10,FALSE,"(15,25]",-93,16.7,FALSE,Pasture,SilvoPasture,13,C+2+,Control-Impact Designs,Cropland,"[15,30)",FALSE,FALSE,0.3801473001238746,0.009929472980130031
122,9,122,2021,"Morales Ruiz, Danilo E.; Aryal, Deb R.; Pinto Ruiz, Rene; Guevara Hernandez, Francisco; Casanova Lugo, Fernando; Villanueva Lopez, Gilberto",English,Article,10.1002/ldr.3761,http://dx.doi.org/10.1002/ldr.3761,"LIVE FENCE. We don't have standard deviation, but we have standard error. The biomass data has been measured for the trees only, and the above ground biomass is in kg of dry weight, so I just made *0,5 to have it in carbon unit. SOC data is in carbon content.",LMP,Grassland,Full sun,NA,"Hyparrhenia rufa,Brachiaria dictyoneura,Cenchrus ciliaris",3,0,3,0,Grassland,Hedgerow,Pasture,NA,"Hyparrhenia rufa,Brachiaria dictyoneura,Cenchrus ciliaris,Haematoxylum campechianum,Byrsonima crassifolia,Schizolobium parahyba,Bursera bipinnata,Cordia dodecandra,Sassafras albidum,Coccoloba uvifera,Anona squamosal,Leucaena leucocephala,Bauhinia ungulate,Tremelloscyphya gelatinosa,Gliricidia sepium,Guazuma ulmifolia",16,12,4,5,NA,NA,grazing_both,NA,Mexico,16°42'N,93°00'W,16.7,-93,550,1200,24,NA,Luvisols,0,10,10,78,0,68,0,CI,12.6820185614849,Tropical dry forest until 35 years ago and then maize cultivation until 10-15 years ago,cropland,cropland,10,10,Table 4,SE,%,Done,"1,60","0,2 SE","0,63",12.48,4.93,"2,70","0,2 SE","0,63",18.36,4.3,NA,NA,YES,"0,3860470223","0,02111196845",YES,"0,336",NA,NA,NA,232,136,1893,Tropical Moist,5,10,TRUE,"(0,5]",-93,16.7,FALSE,Pasture,Alley/Hedgerow,13,C+2+,Control-Impact Designs,Cropland,"[0,15)",FALSE,FALSE,0.38604702225106274,0.02109022066175445
123,9,123,2021,"Morales Ruiz, Danilo E.; Aryal, Deb R.; Pinto Ruiz, Rene; Guevara Hernandez, Francisco; Casanova Lugo, Fernando; Villanueva Lopez, Gilberto",English,Article,10.1002/ldr.3761,http://dx.doi.org/10.1002/ldr.3761,"LIVE FENCE. We don't have standard deviation, but we have standard error. The biomass data has been measured for the trees only, and the above ground biomass is in kg of dry weight, so I just made *0,5 to have it in carbon unit. SOC data is in carbon content.",LMP,Grassland,Full sun,NA,"Hyparrhenia rufa,Brachiaria dictyoneura,Cenchrus ciliaris",3,0,3,0,Grassland,Hedgerow,Pasture,NA,"Hyparrhenia rufa,Brachiaria dictyoneura,Cenchrus ciliaris,Haematoxylum campechianum,Byrsonima crassifolia,Schizolobium parahyba,Bursera bipinnata,Cordia dodecandra,Sassafras albidum,Coccoloba uvifera,Anona squamosal,Leucaena leucocephala,Bauhinia ungulate,Tremelloscyphya gelatinosa,Gliricidia sepium,Guazuma ulmifolia",16,12,4,5,NA,NA,grazing_both,NA,Mexico,16°42'N,93°00'W,16.7,-93,550,1200,24,NA,Luvisols,10,20,10,79,0,70,0,CI,12.6820185614849,Tropical dry forest until 35 years ago and then maize cultivation until 10-15 years ago,cropland,cropland,10,10,Table 4,SE,%,Done,"1,70","0,2 SE","0,63",13.43,5,"2,30","0,2 SE","0,63",16.1,4.43,NA,NA,YES,"0,1813282615","0,02140226712",YES,"0,1525714286",NA,NA,NA,232,136,1893,Tropical Moist,15,10,FALSE,"(10,15]",-93,16.7,FALSE,Pasture,Alley/Hedgerow,13,C+2+,Control-Impact Designs,Cropland,"[15,30)",FALSE,FALSE,0.1813282614552712,0.02143183277125207
124,9,124,2021,"Morales Ruiz, Danilo E.; Aryal, Deb R.; Pinto Ruiz, Rene; Guevara Hernandez, Francisco; Casanova Lugo, Fernando; Villanueva Lopez, Gilberto",English,Article,10.1002/ldr.3761,http://dx.doi.org/10.1002/ldr.3761,"LIVE FENCE. We don't have standard deviation, but we have standard error. The biomass data has been measured for the trees only, and the above ground biomass is in kg of dry weight, so I just made *0,5 to have it in carbon unit. SOC data is in carbon content.",LMP,Grassland,Full sun,NA,"Hyparrhenia rufa,Brachiaria dictyoneura,Cenchrus ciliaris",3,0,3,0,Grassland,Hedgerow,Pasture,NA,"Hyparrhenia rufa,Brachiaria dictyoneura,Cenchrus ciliaris,Haematoxylum campechianum,Byrsonima crassifolia,Schizolobium parahyba,Bursera bipinnata,Cordia dodecandra,Sassafras albidum,Coccoloba uvifera,Anona squamosal,Leucaena leucocephala,Bauhinia ungulate,Tremelloscyphya gelatinosa,Gliricidia sepium,Guazuma ulmifolia",16,12,4,5,NA,NA,grazing_both,NA,Mexico,16°42'N,93°00'W,16.7,-93,550,1200,24,NA,Luvisols,20,30,10,80,0,71,0,CI,12.6820185614849,Tropical dry forest until 35 years ago and then maize cultivation until 10-15 years ago,cropland,cropland,10,10,Table 4,SE,%,Done,"1,50","0,1 SE","0,32",12,2.53,"2,20","0,3 SE","0,95",15.62,6.74,NA,NA,YES,"0,2636454946","0,02303948577",YES,"0,2068571429",NA,NA,NA,232,136,1893,Tropical Moist,25,10,FALSE,"(15,25]",-93,16.7,FALSE,Pasture,Alley/Hedgerow,13,C+2+,Control-Impact Designs,Cropland,"[15,30)",FALSE,FALSE,0.2636454946235395,0.02306412869577363
131,10,131,2010,"Vallejo, Victoria E.; Roldan, Fabio; Dick, Richard P.",English,Article,10.1007/s00374-010-0466-8,http://dx.doi.org/10.1007/s00374-010-0466-8,SOC data is for total  C in soil,LMP,Grassland,Full sun,NA,Cynodon plectostachyus,1,0,1,0,Grassland,SilvoPasture,Pasture,NA,"Cynodon plectostachyus,Panicum maximum,Leucaena leucocephala,Prosopis juliflora,Albizia saman,Pithecellobium dulce,Guazuma ulmifolia,Enterolobium cyclocarpum,Arecaceae,Syagrus sancona,Attalea butyracea,Roystonea regia,Chlorophora tinctoria",13,10,2,5,15-20,NA,grazing_both,NA,Colombia,3°47'N,76°16'W,3.78333333333333,-76.2666666666667,1000,750,24,NA,Cambisols,0,10,10,152,80,139,80,CI,12.6820185614849,"Native forest until 80 years ago, and then to livestock production",grassland,grassland,3,3,Table 1,ExtractTOOL,%,Done,"3,68","0,088 poolSDm","0,09",51.46,1.23,"3,14","0,088 poolSDm","0,09",40.15,1.13,NA,NA,YES,"-0,24809654","0,0004524203497",YES,"-1,884466667",NA,NA,NA,215,107,1490,Tropical Montane,5,10,TRUE,"(0,5]",-76.2666666666667,3.78333333333333,FALSE,Pasture,SilvoPasture,12,C+2+,Control-Impact Designs,Grassland,"[0,15)",FALSE,FALSE,-0.2481823664608275,4.5447299904650073e-4
132,10,132,2010,"Vallejo, Victoria E.; Roldan, Fabio; Dick, Richard P.",English,Article,10.1007/s00374-010-0466-8,http://dx.doi.org/10.1007/s00374-010-0466-8,SOC data is for total  C in soil,LMP,Grassland,Full sun,NA,Cynodon plectostachyus,1,0,1,0,Grassland,SilvoPasture,Pasture,NA,"Cynodon plectostachyus,Panicum maximum,Leucaena leucocephala,Prosopis juliflora,Albizia saman,Pithecellobium dulce,Guazuma ulmifolia,Enterolobium cyclocarpum,Arecaceae,Syagrus sancona,Attalea butyracea,Roystonea regia,Chlorophora tinctoria",13,10,2,5,15-20,NA,grazing_both,NA,Colombia,3°47'N,76°16'W,3.78333333333333,-76.2666666666667,1000,750,24,NA,Cambisols,0,10,10,152,80,140,80,CI,12.6820185614849,"Native forest until 80 years ago, and then to livestock production",grassland,grassland,3,3,Table 1,ExtractTOOL,%,Done,"3,18","0,088 poolSDm","0,09",44.47,1.23,"2,38","0,088 poolSDm","0,09",30.65,1.13,NA,NA,YES,"-0,3720188073","0,0007109758606",YES,"-1,534968889",NA,NA,NA,215,107,1490,Tropical Montane,5,10,TRUE,"(0,5]",-76.2666666666667,3.78333333333333,FALSE,Pasture,SilvoPasture,12,C+2+,Control-Impact Designs,Grassland,"[0,15)",FALSE,FALSE,-0.37218214214038475,7.080883041777363e-4
133,10,133,2010,"Vallejo, Victoria E.; Roldan, Fabio; Dick, Richard P.",English,Article,10.1007/s00374-010-0466-8,http://dx.doi.org/10.1007/s00374-010-0466-8,SOC data is for total  C in soil,LMP,Grassland,Full sun,NA,Cynodon plectostachyus,1,0,1,0,Grassland,SilvoPasture,Pasture,NA,"Cynodon plectostachyus,Leucaena leucocephala,Prosopis juliflora,Albizia saman,Pithecellobium dulce,Guazuma ulmifolia,Enterolobium cyclocarpum,Arecaceae,Syagrus sancona,Attalea butyracea,Roystonea regia,Chlorophora tinctoria",12,10,1,5,15-20,NA,grazing_both,NA,Colombia,3°47'N,76°16'W,3.78333333333333,-76.2666666666667,1000,750,24,NA,Cambisols,0,10,10,152,80,144,80,CI,12.6820185614849,"Native forest until 80 years ago, and then to livestock production",grassland,grassland,3,3,Table 1,ExtractTOOL,%,Done,"3,18","0,088 poolSDm","0,09",44.47,1.23,"2,51","0,088 poolSDm","0,09",33.25,1.17,NA,NA,YES,"-0,2906656649","0,0006649931102",YES,"-0,8308622222",NA,NA,NA,215,107,1490,Tropical Montane,5,10,TRUE,"(0,5]",-76.2666666666667,3.78333333333333,FALSE,Pasture,SilvoPasture,11,C+2+,Control-Impact Designs,Grassland,"[0,15)",FALSE,FALSE,-0.29076003742074186,6.677396066871209e-4
149,14,149,2010,"Soto-Pinto, Lorena; Anzueto, Manuel; Mendoza, Jorge; Jimenez Ferrer, Guillermo; de Jong, Ben",English,Article,10.1007/s10457-009-9247-5,http://dx.doi.org/10.1007/s10457-009-9247-5,"Here the biomass data is given directly as carbon in Mg C ha-1, for the trees, litter and plants",LMP,Grassland,Full sun,NA,"Cynodon nlemfuensis,Andropogon gayanus,Brachiaria decumbens,Brachiaria brizantha",4,0,4,0,Grassland,SilvoPasture,Pasture,NA,"Cynodon nlemfuensis,Andropogon gayanus,Brachiaria decumbens,Brachiaria brizantha,Brachypodium mexicanum,Sabal mexicana,Vatairea lundellii,Guarea glabra,Albizia adinocephala,Bursera simaruba,Spondias mombin,Swietenia macrophylla",12,7,5,2,NA,NA,NA,NA,Mexico,17°07'N,92°25'W,17.1166666666667,-92.4166666666667,580,1947,20.2,NA,Luvisols,0,30,30,113,137,113,137,CI,16,NA,unknown,unknown,23,23,Table 4,ExtractTOOL,t C ha-1,Done,"75,10",26.27 SDpoolmax,"26,27",75.1,26.27,"68,50",26.27SDpoolmax,"26,27",68.5,26.27,NA,NA,YES,"-0,0919868135","0,0117145772",YES,"-0,44",NA,NA,NA,214,123,1583,Tropical Moist,15,30,TRUE,"(10,15]",-92.4166666666667,17.1166666666667,FALSE,Pasture,SilvoPasture,8,C+2+,Control-Impact Designs,Unknown/mixed,"[15,30)",FALSE,FALSE,-0.09198681350190943,0.01171457719978471
150,14,150,2010,"Soto-Pinto, Lorena; Anzueto, Manuel; Mendoza, Jorge; Jimenez Ferrer, Guillermo; de Jong, Ben",English,Article,10.1007/s10457-009-9247-5,http://dx.doi.org/10.1007/s10457-009-9247-5,"Here the biomass data is given directly as carbon in Mg C ha-1, for the trees, litter and plants",LMP,Grassland,Full sun,NA,"Cynodon nlemfuensis,Andropogon gayanus,Brachiaria decumbens,Brachiaria brizantha",4,0,4,0,Grassland,SilvoPasture,Pasture,NA,"Cynodon nlemfuensis,Andropogon gayanus,Brachiaria decumbens,Brachiaria brizantha,Gliricidia sepium",5,1,4,1,NA,NA,NA,NA,Mexico,17°33'N,92°20'W,17.55,-92.3333333333333,580,3223,26.3,NA,Luvisols,0,30,30,129,81,129,81,CI,16,NA,unknown,unknown,23,23,Table 4,ExtractTOOL,t C ha-1,Done,"75,10",26.27 SDpoolmax,"26,27",75.1,26.27,"60,60",26.27SDpoolmax,"26,27",60.6,26.27,NA,NA,YES,"-0,2145256657","0,01349048024",YES,"-0,9666666667",NA,NA,NA,258,108,1833,Tropical Wet,15,30,TRUE,"(10,15]",-92.3333333333333,17.55,FALSE,Pasture,SilvoPasture,1,A:<0/+1,Control-Impact Designs,Unknown/mixed,"[15,30)",FALSE,FALSE,-0.21452566569482023,0.013490480244404749
258,16,258,2015,"Villanueva-Lopez, Gilberto; Martinez-Zurimendi, Pablo; Casanova-Lugo, Fernando; Ramirez-Aviles, Luis; Irene Montanez-Escalante, Patricia",English,Article,10.1007/s10457-015-9836-4,http://dx.doi.org/10.1007/s10457-015-9836-4,"Gliricidia sepium are live fences. We just have standard error and not standard deviation in this publication. For the general density, the live fences are planted with 111 trees for 100 meters of fence. The biomass data is given as carbon",LMP,Grassland,Full sun,NA,Brachiaria decumbens,1,0,1,0,Grassland,SilvoPasture,Pasture,NA,"Brachiaria decumbens,Gliricidia sepium",2,1,1,1,NA,NA,NA,NA,Mexico,17°35'N,92°49'W,17.5833333333333,-92.8166666666667,50,3500,25,NA,Gleysols,0,10,10,150,105,130,105,CI,15,The system is 31 years old (the trees are 15 years old),grassland,grassland,9,9,Table 3,SE,t C ha-1,Done,"44,00","4,6 SE","13,80",44,13.8,"42,00",3.9 SE,"11,70",42,11.7,NA,NA,YES,"-0,04652001563","0,01955220105",YES,"-0,1333333333",NA,NA,NA,260,112,1839,Tropical Wet,5,10,TRUE,"(0,5]",-92.8166666666667,17.5833333333333,FALSE,Pasture,SilvoPasture,1,A:<0/+1,Control-Impact Designs,Grassland,"[0,15)",FALSE,FALSE,-0.04652001563489282,0.01955220104570754
259,16,259,2015,"Villanueva-Lopez, Gilberto; Martinez-Zurimendi, Pablo; Casanova-Lugo, Fernando; Ramirez-Aviles, Luis; Irene Montanez-Escalante, Patricia",English,Article,10.1007/s10457-015-9836-4,http://dx.doi.org/10.1007/s10457-015-9836-4,"Gliricidia sepium are live fences. We just have standard error and not standard deviation in this publication. For the general density, the live fences are planted with 111 trees for 100 meters of fence. The biomass data is given as carbon",LMP,Grassland,Full sun,NA,Brachiaria decumbens,1,0,1,0,Grassland,SilvoPasture,Pasture,NA,"Brachiaria decumbens,Gliricidia sepium",2,1,1,1,NA,NA,NA,NA,Mexico,17°35'N,92°49'W,17.5833333333333,-92.8166666666667,50,3500,25,NA,Gleysols,10,20,10,150,105,130,105,CI,15,The system is 31 years old (the trees are 15 years old),grassland,grassland,9,9,Table 3,SE,t C ha-1,Done,"40,00","3,4 SE","10,20",40,10.2,"30,00","3,3 SE","9,90",30,9.9,NA,NA,YES,"-0,2876820725","0,019325",YES,"-0,6666666667",NA,NA,NA,260,112,1839,Tropical Wet,15,10,FALSE,"(10,15]",-92.8166666666667,17.5833333333333,FALSE,Pasture,SilvoPasture,1,A:<0/+1,Control-Impact Designs,Grassland,"[15,30)",FALSE,FALSE,-0.2876820724517809,0.019325000000000002
260,16,260,2015,"Villanueva-Lopez, Gilberto; Martinez-Zurimendi, Pablo; Casanova-Lugo, Fernando; Ramirez-Aviles, Luis; Irene Montanez-Escalante, Patricia",English,Article,10.1007/s10457-015-9836-4,http://dx.doi.org/10.1007/s10457-015-9836-4,"Gliricidia sepium are live fences. We just have standard error and not standard deviation in this publication. For the general density, the live fences are planted with 111 trees for 100 meters of fence. The biomass data is given as carbon",LMP,Grassland,Full sun,NA,Brachiaria decumbens,1,0,1,0,Grassland,SilvoPasture,Pasture,NA,"Brachiaria decumbens,Gliricidia sepium",2,1,1,1,NA,NA,NA,NA,Mexico,17°35'N,92°49'W,17.5833333333333,-92.8166666666667,50,3500,25,NA,Gleysols,20,30,10,150,105,130,105,CI,15,The system is 31 years old (the trees are 15 years old),grassland,grassland,9,9,Table 3,SE,t C ha-1,Done,"35,00","3,8 SE","11,40",35,11.4,"35,00","3,7 SE","11,10",35,11.1,NA,NA,YES,0,"0,02296326531",YES,0,NA,NA,NA,260,112,1839,Tropical Wet,25,10,FALSE,"(15,25]",-92.8166666666667,17.5833333333333,FALSE,Pasture,SilvoPasture,1,A:<0/+1,Control-Impact Designs,Grassland,"[15,30)",FALSE,FALSE,0,0.02296326530612245
261,17,261,2016,"Ehrenbergerova, Lenka; Cienciala, Emil; Kucera, Ales; Guy, Ludivine; Habrova, Hana",English,Article,10.1007/s10457-015-9865-z,http://dx.doi.org/10.1007/s10457-015-9865-z,Here the SOC data is the cumulative soil carbon. The biomass data is already given as carbon content.,LMP,Cropland,Full sun,NA,Coffea arabica,1,1,0,0,Cropland,Shaded perennial,Coffee,NA,"Coffea arabica,Eucalyptus sp",2,2,0,0,472,NO,Organic-both,NA,Peru,10°38'N,75°00'W,10.633333333333301,-75,1660,1590,17.8,NA,Acrisols,0,3.5,35,139,101,139,101,CI,7,Pasture land,grassland,grassland,1,1,Table 5,NA,t C ha-1,Done,"19,20","5,30","5,30",19.2,5.3,"18,00","6,40","6,40",18,6.4,NA,NA,YES,"-0,06453852114","0,2026187548",YES,"-0,1714285714",NA,NA,NA,278,97,1912,Warm Temperate Dry,1.75,3.5,TRUE,"(0,5]",-75,10.633333333333301,FALSE,Cocoa/Coffee,Shaded perennial,1,A:<0/+1,Control-Impact Designs,Grassland,"[0,15)",FALSE,FALSE,-0.06453852113757118,0.2026187548225309
262,17,262,2016,"Ehrenbergerova, Lenka; Cienciala, Emil; Kucera, Ales; Guy, Ludivine; Habrova, Hana",English,Article,10.1007/s10457-015-9865-z,http://dx.doi.org/10.1007/s10457-015-9865-z,Here the SOC data is the cumulative soil carbon. The biomass data is already given as carbon content.,LMP,Cropland,Full sun,NA,Coffea arabica,1,1,0,0,Cropland,Shaded perennial,Coffee,NA,"Coffea arabica,Eucalyptus sp",2,2,0,0,472,NO,Organic-both,NA,Peru,10°38'N,75°00'W,10.633333333333301,-75,1660,1590,17.8,NA,Acrisols,0,12.5,125,139,101,139,101,CI,7,Pasture land,grassland,grassland,1,1,Table 5,NA,t C ha-1,Done,"51,50","15,30","15,30",51.5,15.3,"55,60","18,30","18,30",55.6,18.3,NA,NA,YES,"0,07660139359","0,1965918717",YES,"0,5857142857",NA,NA,NA,278,97,1912,Warm Temperate Dry,6.25,12.5,TRUE,"(5,10]",-75,10.633333333333301,FALSE,Cocoa/Coffee,Shaded perennial,1,A:<0/+1,Control-Impact Designs,Grassland,"[0,15)",FALSE,FALSE,0.07660139358684628,0.1965918716780245
263,17,263,2016,"Ehrenbergerova, Lenka; Cienciala, Emil; Kucera, Ales; Guy, Ludivine; Habrova, Hana",English,Article,10.1007/s10457-015-9865-z,http://dx.doi.org/10.1007/s10457-015-9865-z,Here the SOC data is the cumulative soil carbon. The biomass data is already given as carbon content.,LMP,Cropland,Full sun,NA,Coffea arabica,1,1,0,0,Cropland,Shaded perennial,Coffee,NA,"Coffea arabica,Eucalyptus sp",2,2,0,0,472,NO,Organic-both,NA,Peru,10°38'N,75°00'W,10.633333333333301,-75,1660,1590,17.8,NA,Acrisols,0,21.5,215,139,101,139,101,CI,7,Pasture land,grassland,grassland,1,1,Table 5,NA,t C ha-1,Done,"81,20","25,30","25,30",81.2,25.3,"81,90","30,50","30,50",81.9,30.5,NA,NA,YES,"0,008583743691","0,2357655862",YES,"0,1",NA,NA,NA,278,97,1912,Warm Temperate Dry,10.75,21.5,TRUE,"(10,15]",-75,10.633333333333301,FALSE,Cocoa/Coffee,Shaded perennial,1,A:<0/+1,Control-Impact Designs,Grassland,"[0,15)",FALSE,FALSE,0.008583743691391435,0.23576558619193844
264,17,264,2016,"Ehrenbergerova, Lenka; Cienciala, Emil; Kucera, Ales; Guy, Ludivine; Habrova, Hana",English,Article,10.1007/s10457-015-9865-z,http://dx.doi.org/10.1007/s10457-015-9865-z,Here the SOC data is the cumulative soil carbon. The biomass data is already given as carbon content.,LMP,Cropland,Full sun,NA,Coffea arabica,1,1,0,0,Cropland,Shaded perennial,Coffee,NA,"Coffea arabica,Eucalyptus sp",2,2,0,0,472,NO,Organic-both,NA,Peru,10°38'N,75°00'W,10.633333333333301,-75,1660,1590,17.8,NA,Acrisols,0,30,30,139,101,139,101,CI,7,Pasture land,grassland,grassland,1,1,Table 5,NA,t C ha-1,Done,"98,70","34,30","34,30",98.7,34.3,"96,60","35,80","35,80",96.6,35.8,NA,NA,YES,"-0,02150620522","0,2581132399",YES,"-0,3",NA,NA,NA,278,97,1912,Warm Temperate Dry,15,30,TRUE,"(10,15]",-75,10.633333333333301,FALSE,Cocoa/Coffee,Shaded perennial,1,A:<0/+1,Control-Impact Designs,Grassland,"[15,30)",FALSE,FALSE,-0.02150620522096362,0.25811323992469126
277,17,277,2016,"Ehrenbergerova, Lenka; Cienciala, Emil; Kucera, Ales; Guy, Ludivine; Habrova, Hana",English,Article,10.1007/s10457-015-9865-z,http://dx.doi.org/10.1007/s10457-015-9865-z,Here the SOC data is the cumulative soil carbon. The biomass data is already given as carbon content.,LMP,Cropland,Full sun,NA,Coffea arabica,1,1,0,0,Cropland,Shaded perennial,Coffee,NA,"Coffea arabica,Inga sp",2,2,0,1,176,NO,Organic-both,NA,Peru,10°38'N,75°00'W,10.633333333333301,-75,1550,1590,17.8,NA,Acrisols,0,3.5,35,139,101,139,101,CI,15,Pasture land,grassland,grassland,1,1,Table 5,NA,t C ha-1,Done,"19,20","5,30","5,30",19.2,5.3,"19,00","7,30","7,30",19,7.3,NA,NA,YES,"-0,01047129987","0,2238167303",YES,"-0,01333333333",NA,NA,NA,278,97,1912,Warm Temperate Dry,1.75,3.5,TRUE,"(0,5]",-75,10.633333333333301,FALSE,Cocoa/Coffee,Shaded perennial,1,A:<0/+1,Control-Impact Designs,Grassland,"[0,15)",FALSE,FALSE,-0.010471299867295366,0.22381673026796706
278,17,278,2016,"Ehrenbergerova, Lenka; Cienciala, Emil; Kucera, Ales; Guy, Ludivine; Habrova, Hana",English,Article,10.1007/s10457-015-9865-z,http://dx.doi.org/10.1007/s10457-015-9865-z,Here the SOC data is the cumulative soil carbon. The biomass data is already given as carbon content.,LMP,Cropland,Full sun,NA,Coffea arabica,1,1,0,0,Cropland,Shaded perennial,Coffee,NA,"Coffea arabica,Inga sp",2,2,0,1,176,NO,Organic-both,NA,Peru,10°38'N,75°00'W,10.633333333333301,-75,1550,1590,17.8,NA,Acrisols,0,12.5,125,139,101,139,101,CI,15,Pasture land,grassland,grassland,1,1,Table 5,NA,t C ha-1,Done,"51,50","15,30","15,30",51.5,15.3,"50,00","23,20","23,20",50,23.2,NA,NA,YES,"-0,02955880224","0,3035569105",YES,"-0,1",NA,NA,NA,278,97,1912,Warm Temperate Dry,6.25,12.5,TRUE,"(5,10]",-75,10.633333333333301,FALSE,Cocoa/Coffee,Shaded perennial,1,A:<0/+1,Control-Impact Designs,Grassland,"[0,15)",FALSE,FALSE,-0.02955880224154439,0.3035569105476482
279,17,279,2016,"Ehrenbergerova, Lenka; Cienciala, Emil; Kucera, Ales; Guy, Ludivine; Habrova, Hana",English,Article,10.1007/s10457-015-9865-z,http://dx.doi.org/10.1007/s10457-015-9865-z,Here the SOC data is the cumulative soil carbon. The biomass data is already given as carbon content.,LMP,Cropland,Full sun,NA,Coffea arabica,1,1,0,0,Cropland,Shaded perennial,Coffee,NA,"Coffea arabica,Inga sp",2,2,0,1,176,NO,Organic-both,NA,Peru,10°38'N,75°00'W,10.633333333333301,-75,1550,1590,17.8,NA,Acrisols,0,21.5,215,139,101,139,101,CI,15,Pasture land,grassland,grassland,1,1,Table 5,NA,t C ha-1,Done,"81,20","25,30","25,30",81.2,25.3,"71,50","35,40","35,40",71.5,35.4,NA,NA,YES,"-0,1272177975","0,342208682",YES,"-0,6466666667",NA,NA,NA,278,97,1912,Warm Temperate Dry,10.75,21.5,TRUE,"(10,15]",-75,10.633333333333301,FALSE,Cocoa/Coffee,Shaded perennial,1,A:<0/+1,Control-Impact Designs,Grassland,"[0,15)",FALSE,FALSE,-0.12721779746767028,0.3422086819523835
280,17,280,2016,"Ehrenbergerova, Lenka; Cienciala, Emil; Kucera, Ales; Guy, Ludivine; Habrova, Hana",English,Article,10.1007/s10457-015-9865-z,http://dx.doi.org/10.1007/s10457-015-9865-z,Here the SOC data is the cumulative soil carbon. The biomass data is already given as carbon content.,LMP,Cropland,Full sun,NA,Coffea arabica,1,1,0,0,Cropland,Shaded perennial,Coffee,NA,"Coffea arabica,Inga sp",2,2,0,1,176,NO,Organic-both,NA,Peru,10°38'N,75°00'W,10.633333333333301,-75,1550,1590,17.8,NA,Acrisols,0,30,30,139,101,139,101,CI,15,Pasture land,grassland,grassland,1,1,Table 5,NA,t C ha-1,Done,"98,70","34,30","34,30",98.7,34.3,"82,60","38,40","38,40",82.6,38.4,NA,NA,YES,"-0,1780752659","0,3368922532",YES,"-1,073333333",NA,NA,NA,278,97,1912,Warm Temperate Dry,15,30,TRUE,"(10,15]",-75,10.633333333333301,FALSE,Cocoa/Coffee,Shaded perennial,1,A:<0/+1,Control-Impact Designs,Grassland,"[15,30)",FALSE,FALSE,-0.17807526591250367,0.336892253162306
289,17,289,2016,"Ehrenbergerova, Lenka; Cienciala, Emil; Kucera, Ales; Guy, Ludivine; Habrova, Hana",English,Article,10.1007/s10457-015-9865-z,http://dx.doi.org/10.1007/s10457-015-9865-z,Here the SOC data is the cumulative soil carbon. The biomass data is already given as carbon content.,LMP,Cropland,Full sun,NA,Coffea arabica,1,1,0,0,Cropland,Shaded perennial,Coffee,NA,"Coffea arabica,Pinus sp",2,2,0,0,124,NO,Organic-both,NA,Peru,10°38'N,75°00'W,10.633333333333301,-75,1540,1590,17.8,NA,Acrisols,0,3.5,35,139,101,139,101,CI,15,Pasture land,grassland,grassland,1,1,Table 5,NA,t C ha-1,Done,"19,20","5,30","5,30",19.2,5.3,"19,80","6,90","6,90",19.8,6.9,NA,NA,YES,"0,03077165867","0,1976406914",YES,"0,04",NA,NA,NA,278,97,1912,Warm Temperate Dry,1.75,3.5,TRUE,"(0,5]",-75,10.633333333333301,FALSE,Cocoa/Coffee,Shaded perennial,1,A:<0/+1,Control-Impact Designs,Grassland,"[0,15)",FALSE,FALSE,0.030771658666753687,0.19764069135961893
290,17,290,2016,"Ehrenbergerova, Lenka; Cienciala, Emil; Kucera, Ales; Guy, Ludivine; Habrova, Hana",English,Article,10.1007/s10457-015-9865-z,http://dx.doi.org/10.1007/s10457-015-9865-z,Here the SOC data is the cumulative soil carbon. The biomass data is already given as carbon content.,LMP,Cropland,Full sun,NA,Coffea arabica,1,1,0,0,Cropland,Shaded perennial,Coffee,NA,"Coffea arabica,Pinus sp",2,2,0,0,124,NO,Organic-both,NA,Peru,10°38'N,75°00'W,10.633333333333301,-75,1540,1590,17.8,NA,Acrisols,0,12.5,125,139,101,139,101,CI,15,Pasture land,grassland,grassland,1,1,Table 5,NA,t C ha-1,Done,"51,50","15,30","15,30",51.5,15.3,"62,70","17,70","17,70",62.7,17.7,NA,NA,YES,"0,19677964","0,1679523096",YES,"0,7466666667",NA,NA,NA,278,97,1912,Warm Temperate Dry,6.25,12.5,TRUE,"(5,10]",-75,10.633333333333301,FALSE,Cocoa/Coffee,Shaded perennial,1,A:<0/+1,Control-Impact Designs,Grassland,"[0,15)",FALSE,FALSE,0.19677963996918463,0.16795230955408122
291,17,291,2016,"Ehrenbergerova, Lenka; Cienciala, Emil; Kucera, Ales; Guy, Ludivine; Habrova, Hana",English,Article,10.1007/s10457-015-9865-z,http://dx.doi.org/10.1007/s10457-015-9865-z,Here the SOC data is the cumulative soil carbon. The biomass data is already given as carbon content.,LMP,Cropland,Full sun,NA,Coffea arabica,1,1,0,0,Cropland,Shaded perennial,Coffee,NA,"Coffea arabica,Pinus sp",2,2,0,0,124,NO,Organic-both,NA,Peru,10°38'N,75°00'W,10.633333333333301,-75,1540,1590,17.8,NA,Acrisols,0,21.5,215,139,101,139,101,CI,15,Pasture land,grassland,grassland,1,1,Table 5,NA,t C ha-1,Done,"81,20","25,30","25,30",81.2,25.3,"89,80","24,20","24,20",89.8,24.2,NA,NA,YES,"0,1006697281","0,1697034725",YES,"0,5733333333",NA,NA,NA,278,97,1912,Warm Temperate Dry,10.75,21.5,TRUE,"(10,15]",-75,10.633333333333301,FALSE,Cocoa/Coffee,Shaded perennial,1,A:<0/+1,Control-Impact Designs,Grassland,"[0,15)",FALSE,FALSE,0.10066972814052169,0.1697034724957146
292,17,292,2016,"Ehrenbergerova, Lenka; Cienciala, Emil; Kucera, Ales; Guy, Ludivine; Habrova, Hana",English,Article,10.1007/s10457-015-9865-z,http://dx.doi.org/10.1007/s10457-015-9865-z,Here the SOC data is the cumulative soil carbon. The biomass data is already given as carbon content.,LMP,Cropland,Full sun,NA,Coffea arabica,1,1,0,0,Cropland,Shaded perennial,Coffee,NA,"Coffea arabica,Pinus sp",2,2,0,0,124,NO,Organic-both,NA,Peru,10°38'N,75°00'W,10.633333333333301,-75,1540,1590,17.8,NA,Acrisols,0,30,30,139,101,139,101,CI,15,Pasture land,grassland,grassland,1,1,Table 5,NA,t C ha-1,Done,"98,70","34,30","34,30",98.7,34.3,"101,80","26,70","26,70",101.8,26.7,NA,NA,YES,"0,03092515768","0,1895588355",YES,"0,2066666667",NA,NA,NA,278,97,1912,Warm Temperate Dry,15,30,TRUE,"(10,15]",-75,10.633333333333301,FALSE,Cocoa/Coffee,Shaded perennial,1,A:<0/+1,Control-Impact Designs,Grassland,"[15,30)",FALSE,FALSE,0.030925157676986375,0.18955883551418246
303,19,303,2008,"Andrade, Hernan J.; Brook, Robert; Ibrahim, Muhammad",English,Article,10.1007/s11104-008-9600-x,http://dx.doi.org/10.1007/s11104-008-9600-x,"Error bars correspond to standard error of mean in the graphs. The samplings are made in 2005, so the SAF was 4 years old. The biomass data is given as carbon stock, for the trees and the grass.The error bar for the biomass is for the total carbon produced in the biomass, so the error bar just for the aboveground biomass isnt available",LMP,Grassland,Full sun,NA,Brachiaria brizantha,1,0,1,0,Grassland,SilvoPasture,Pasture,NA,"Brachiaria brizantha,Pithecellobium saman",2,1,1,1,"1111,111111",NA,NA,NA,Costa Rica,10°28′36.8′′N,85°9′14.5′′W,10.4768888888889,-85.1540277777778,50,1500,28,NA,Cambisols,0,20,20,117,44,117,44,RCBD,4.5,Pastures which had been grazed over the previous 20 years,grassland,grassland,3,3,Figure 3,SE,t C ha-1,Done,"50,92","1,96 SE","3,39",50.92,3.39,"69,02","2,90 SE","5,02",69.02,5.02,NA,NA,YES,"0,3042269279","0,0032473199",YES,"4,526073903",NA,NA,NA,261,103,1962,Tropical Moist,10,20,TRUE,"(5,10]",-85.1540277777778,10.4768888888889,FALSE,Pasture,SilvoPasture,1,A:<0/+1,Randomized Designs,Grassland,"[0,15)",FALSE,FALSE,0.30414054398065155,0.0032407519342447
304,19,304,2008,"Andrade, Hernan J.; Brook, Robert; Ibrahim, Muhammad",English,Article,10.1007/s11104-008-9600-x,http://dx.doi.org/10.1007/s11104-008-9600-x,"Error bars correspond to standard error of mean in the graphs. The samplings are made in 2005, so the SAF was 4 years old. The biomass data is given as carbon stock, for the trees and the grass.The error bar for the biomass is for the total carbon produced in the biomass, so the error bar just for the aboveground biomass isnt available",LMP,Grassland,Full sun,NA,Brachiaria brizantha,1,0,1,0,Grassland,SilvoPasture,Pasture,NA,"Brachiaria brizantha,Dalbergia retusa",2,1,1,1,"1111,111111",NA,NA,NA,Costa Rica,10°28′36.8′′N,85°9′14.5′′W,10.4768888888889,-85.1540277777778,50,1500,28,NA,Cambisols,0,20,20,117,44,117,44,RCBD,4.5,Pastures which had been grazed over the previous 20 years,grassland,grassland,3,3,Figure 3,SE,t C ha-1,Done,"50,92","1,96 SE","3,39",50.92,3.39,"60,39","3,52 SE","6,10",60.39,6.1,NA,NA,YES,"0,1706955353","0,004879112281",YES,"0,2961513948",NA,NA,NA,261,103,1962,Tropical Moist,10,20,TRUE,"(5,10]",-85.1540277777778,10.4768888888889,FALSE,Pasture,SilvoPasture,1,A:<0/+1,Randomized Designs,Grassland,"[0,15)",FALSE,FALSE,0.17056775463060406,0.004878424581985763
305,19,305,2008,"Andrade, Hernan J.; Brook, Robert; Ibrahim, Muhammad",English,Article,10.1007/s11104-008-9600-x,http://dx.doi.org/10.1007/s11104-008-9600-x,"Error bars correspond to standard error of mean in the graphs. The samplings are made in 2005, so the SAF was 4 years old. The biomass data is given as carbon stock, for the trees and the grass.The error bar for the biomass is for the total carbon produced in the biomass, so the error bar just for the aboveground biomass isnt available",LMP,Grassland,Full sun,NA,Brachiaria brizantha,1,0,1,0,Grassland,SilvoPasture,Pasture,NA,"Brachiaria brizantha,Diphysa robinioides",2,1,1,1,"1111,111111",NA,NA,NA,Costa Rica,10°28′36.8′′N,85°9′14.5′′W,10.4768888888889,-85.1540277777778,50,1500,28,NA,Cambisols,0,20,20,117,44,117,44,RCBD,4.5,Pastures which had been grazed over the previous 20 years,grassland,grassland,3,3,Figure 3,SE,t C ha-1,Done,"50,92","1,96 SE","3,39",50.92,3.39,"63,01","5,96 SE","10,32",63.01,10.32,NA,NA,YES,"0,2130747582","0,01042979174",YES,"0,3778507412",NA,NA,NA,261,103,1962,Tropical Moist,10,20,TRUE,"(5,10]",-85.1540277777778,10.4768888888889,FALSE,Pasture,SilvoPasture,1,A:<0/+1,Randomized Designs,Grassland,"[0,15)",FALSE,FALSE,0.2130376702647582,0.010419092255963703
306,19,306,2008,"Andrade, Hernan J.; Brook, Robert; Ibrahim, Muhammad",English,Article,10.1007/s11104-008-9600-x,http://dx.doi.org/10.1007/s11104-008-9600-x,"Error bars correspond to standard error of mean in the graphs. The samplings are made in 2005, so the SAF was 4 years old. The biomass data is given as carbon stock, for the trees and the grass.The error bar for the biomass is for the total carbon produced in the biomass, so the error bar just for the aboveground biomass isnt available",LMP,Grassland,Full sun,NA,Brachiaria brizantha,1,0,1,0,Grassland,SilvoPasture,Pasture,NA,"Hyparrhenia rufa,Pithecellobium saman",2,1,1,1,"1111,111111",NA,NA,NA,Costa Rica,10°28′36.8′′N,85°9′14.5′′W,10.4768888888889,-85.1540277777778,50,1500,28,NA,Cambisols,0,20,20,117,44,117,44,RCBD,4.5,Pastures which had been grazed over the previous 20 years,grassland,grassland,3,3,Figure 3,SE,t C ha-1,Done,"50,92","1,96 SE","3,39",50.92,3.39,"60,78","13,59 SE","23,54",60.78,23.54,NA,NA,YES,"0,1771680498","0,05146875024",YES,"0,3084062967",NA,NA,NA,261,103,1962,Tropical Moist,10,20,TRUE,"(5,10]",-85.1540277777778,10.4768888888889,FALSE,Pasture,SilvoPasture,1,A:<0/+1,Randomized Designs,Grassland,"[0,15)",FALSE,FALSE,0.17700501379944122,0.051477441758614
307,19,307,2008,"Andrade, Hernan J.; Brook, Robert; Ibrahim, Muhammad",English,Article,10.1007/s11104-008-9600-x,http://dx.doi.org/10.1007/s11104-008-9600-x,"Error bars correspond to standard error of mean in the graphs. The samplings are made in 2005, so the SAF was 4 years old. The biomass data is given as carbon stock, for the trees and the grass.The error bar for the biomass is for the total carbon produced in the biomass, so the error bar just for the aboveground biomass isnt available",LMP,Grassland,Full sun,NA,Brachiaria brizantha,1,0,1,0,Grassland,SilvoPasture,Pasture,NA,"Hyparrhenia rufa,Dalbergia retusa",2,1,1,1,"1111,111111",NA,NA,NA,Costa Rica,10°28′36.8′′N,85°9′14.5′′W,10.4768888888889,-85.1540277777778,50,1500,28,NA,Cambisols,0,20,20,117,44,117,44,RCBD,4.5,Pastures which had been grazed over the previous 20 years,grassland,grassland,3,3,Figure 3,SE,t C ha-1,Done,"50,92","1,96 SE","3,39",50.92,3.39,"62,22","9,15 SE","15,85",62.22,15.85,NA,NA,YES,"0,2005484984","0,02310664066",YES,"0,3533409373",NA,NA,NA,261,103,1962,Tropical Moist,10,20,TRUE,"(5,10]",-85.1540277777778,10.4768888888889,FALSE,Pasture,SilvoPasture,1,A:<0/+1,Randomized Designs,Grassland,"[0,15)",FALSE,FALSE,0.20042071778028522,0.02310844432770558
308,19,308,2008,"Andrade, Hernan J.; Brook, Robert; Ibrahim, Muhammad",English,Article,10.1007/s11104-008-9600-x,http://dx.doi.org/10.1007/s11104-008-9600-x,"Error bars correspond to standard error of mean in the graphs. The samplings are made in 2005, so the SAF was 4 years old. The biomass data is given as carbon stock, for the trees and the grass.The error bar for the biomass is for the total carbon produced in the biomass, so the error bar just for the aboveground biomass isnt available",LMP,Grassland,Full sun,NA,Brachiaria brizantha,1,0,1,0,Grassland,SilvoPasture,Pasture,NA,"Hyparrhenia rufa,Diphysa robinioides",2,1,1,1,"1111,111111",NA,NA,NA,Costa Rica,10°28′36.8′′N,85°9′14.5′′W,10.4768888888889,-85.1540277777778,50,1500,28,NA,Cambisols,0,20,20,117,44,117,44,RCBD,4.5,Pastures which had been grazed over the previous 20 years,grassland,grassland,3,3,Figure 3,SE,t C ha-1,Done,"50,92","1,96 SE","3,39",50.92,3.39,"53,59","0,91 SE","1,58",53.59,1.58,NA,NA,YES,"0,05128780388","0,001770183343",YES,"0,08373309412",NA,NA,NA,261,103,1962,Tropical Moist,10,20,TRUE,"(5,10]",-85.1540277777778,10.4768888888889,FALSE,Pasture,SilvoPasture,1,A:<0/+1,Randomized Designs,Grassland,"[0,15)",FALSE,FALSE,0.05110670981755321,0.001767162387937333
309,19,309,2008,"Andrade, Hernan J.; Brook, Robert; Ibrahim, Muhammad",English,Article,10.1007/s11104-008-9600-x,http://dx.doi.org/10.1007/s11104-008-9600-x,"Error bars correspond to standard error of mean in the graphs. The samplings are made in 2005, so the SAF was 4 years old. The biomass data is given as carbon stock, for the trees and the grass.The error bar for the biomass is for the total carbon produced in the biomass, so the error bar just for the aboveground biomass isnt available",LMP,Grassland,Full sun,NA,Brachiaria brizantha,1,0,1,0,Grassland,SilvoPasture,Pasture,NA,"Brachiaria brizantha,Pithecellobium saman",2,1,1,1,"1111,111111",NA,NA,NA,Costa Rica,10°28′36.8′′N,85°9′14.5′′W,10.4768888888889,-85.1540277777778,50,1500,28,NA,Cambisols,20,40,20,117,44,117,44,RCBD,4.5,Pastures which had been grazed over the previous 20 years,grassland,grassland,3,3,Figure 3,SE,t C ha-1,Done,"19,09","1,77798201 SE","3,08",19.09,3.08,"30,32","11,14202059 SE","19,30",30.32,19.3,NA,NA,YES,"0,4623579882","0,1437448224",YES,"0,3507271172",NA,NA,NA,261,103,1962,Tropical Moist,30,20,FALSE,"(25,50]",-85.1540277777778,10.4768888888889,FALSE,Pasture,SilvoPasture,1,A:<0/+1,Randomized Designs,Grassland,"[30,45)",FALSE,FALSE,0.4626429230365147,0.14373953208688942
310,19,310,2008,"Andrade, Hernan J.; Brook, Robert; Ibrahim, Muhammad",English,Article,10.1007/s11104-008-9600-x,http://dx.doi.org/10.1007/s11104-008-9600-x,"Error bars correspond to standard error of mean in the graphs. The samplings are made in 2005, so the SAF was 4 years old. The biomass data is given as carbon stock, for the trees and the grass.The error bar for the biomass is for the total carbon produced in the biomass, so the error bar just for the aboveground biomass isnt available",LMP,Grassland,Full sun,NA,Brachiaria brizantha,1,0,1,0,Grassland,SilvoPasture,Pasture,NA,"Brachiaria brizantha,Dalbergia retusa",2,1,1,1,"1111,111111",NA,NA,NA,Costa Rica,10°28′36.8′′N,85°9′14.5′′W,10.4768888888889,-85.1540277777778,50,1500,28,NA,Cambisols,20,40,20,117,44,117,44,RCBD,4.5,Pastures which had been grazed over the previous 20 years,grassland,grassland,3,3,Figure 3,SE,t C ha-1,Done,"19,09","1,77798201 SE","3,08",19.09,3.08,"26,14","7,704588707 SE","13,34",26.14,13.34,NA,NA,YES,"0,3142088266","0,09553180615",YES,"0,2202737381",NA,NA,NA,261,103,1962,Tropical Moist,30,20,FALSE,"(25,50]",-85.1540277777778,10.4768888888889,FALSE,Pasture,SilvoPasture,1,A:<0/+1,Randomized Designs,Grassland,"[30,45)",FALSE,FALSE,0.3143020704584197,0.09548886980641369
311,19,311,2008,"Andrade, Hernan J.; Brook, Robert; Ibrahim, Muhammad",English,Article,10.1007/s11104-008-9600-x,http://dx.doi.org/10.1007/s11104-008-9600-x,"Error bars correspond to standard error of mean in the graphs. The samplings are made in 2005, so the SAF was 4 years old. The biomass data is given as carbon stock, for the trees and the grass.The error bar for the biomass is for the total carbon produced in the biomass, so the error bar just for the aboveground biomass isnt available",LMP,Grassland,Full sun,NA,Brachiaria brizantha,1,0,1,0,Grassland,SilvoPasture,Pasture,NA,"Brachiaria brizantha,Diphysa robinioides",2,1,1,1,"1111,111111",NA,NA,NA,Costa Rica,10°28′36.8′′N,85°9′14.5′′W,10.4768888888889,-85.1540277777778,50,1500,28,NA,Cambisols,20,40,20,117,44,117,44,RCBD,4.5,Pastures which had been grazed over the previous 20 years,grassland,grassland,3,3,Figure 3,SE,t C ha-1,Done,"19,09","1,77798201 SE","3,08",19.09,3.08,"33,40","5,689542431 SE","9,85",33.4,9.85,NA,NA,YES,"0,5591036238","0,03769597853",YES,"0,4469632163",NA,NA,NA,261,103,1962,Tropical Moist,30,20,FALSE,"(25,50]",-85.1540277777778,10.4768888888889,FALSE,Pasture,SilvoPasture,1,A:<0/+1,Randomized Designs,Grassland,"[30,45)",FALSE,FALSE,0.5593912622449985,0.03766764585890391
312,19,312,2008,"Andrade, Hernan J.; Brook, Robert; Ibrahim, Muhammad",English,Article,10.1007/s11104-008-9600-x,http://dx.doi.org/10.1007/s11104-008-9600-x,"Error bars correspond to standard error of mean in the graphs. The samplings are made in 2005, so the SAF was 4 years old. The biomass data is given as carbon stock, for the trees and the grass.The error bar for the biomass is for the total carbon produced in the biomass, so the error bar just for the aboveground biomass isnt available",LMP,Grassland,Full sun,NA,Brachiaria brizantha,1,0,1,0,Grassland,SilvoPasture,Pasture,NA,"Hyparrhenia rufa,Pithecellobium saman",2,1,1,1,"1111,111111",NA,NA,NA,Costa Rica,10°28′36.8′′N,85°9′14.5′′W,10.4768888888889,-85.1540277777778,50,1500,28,NA,Cambisols,20,40,20,117,44,117,44,RCBD,4.5,Pastures which had been grazed over the previous 20 years,grassland,grassland,3,3,Figure 3,SE,t C ha-1,Done,"19,09","1,77798201 SE","3,08",19.09,3.08,"24,36","4,50422109 SE","7,80",24.36,7.8,NA,NA,YES,"0,2437189491","0,04285281294",YES,"0,1646706588",NA,NA,NA,261,103,1962,Tropical Moist,30,20,FALSE,"(25,50]",-85.1540277777778,10.4768888888889,FALSE,Pasture,SilvoPasture,1,A:<0/+1,Randomized Designs,Grassland,"[30,45)",FALSE,FALSE,0.24377780510404004,0.042852356907281675
313,19,313,2008,"Andrade, Hernan J.; Brook, Robert; Ibrahim, Muhammad",English,Article,10.1007/s11104-008-9600-x,http://dx.doi.org/10.1007/s11104-008-9600-x,"Error bars correspond to standard error of mean in the graphs. The samplings are made in 2005, so the SAF was 4 years old. The biomass data is given as carbon stock, for the trees and the grass.The error bar for the biomass is for the total carbon produced in the biomass, so the error bar just for the aboveground biomass isnt available",LMP,Grassland,Full sun,NA,Brachiaria brizantha,1,0,1,0,Grassland,SilvoPasture,Pasture,NA,"Hyparrhenia rufa,Dalbergia retusa",2,1,1,1,"1111,111111",NA,NA,NA,Costa Rica,10°28′36.8′′N,85°9′14.5′′W,10.4768888888889,-85.1540277777778,50,1500,28,NA,Cambisols,20,40,20,117,44,117,44,RCBD,4.5,Pastures which had been grazed over the previous 20 years,grassland,grassland,3,3,Figure 3,SE,t C ha-1,Done,"19,09","1,77798201 SE","3,08",19.09,3.08,"28,06","6,87486377 SE","11,91",28.06,11.91,NA,NA,YES,"0,3849453779","0,06870721574",YES,"0,2801539778",NA,NA,NA,261,103,1962,Tropical Moist,30,20,FALSE,"(25,50]",-85.1540277777778,10.4768888888889,FALSE,Pasture,SilvoPasture,1,A:<0/+1,Randomized Designs,Grassland,"[30,45)",FALSE,FALSE,0.38518043693665854,0.06872889969124474
314,19,314,2008,"Andrade, Hernan J.; Brook, Robert; Ibrahim, Muhammad",English,Article,10.1007/s11104-008-9600-x,http://dx.doi.org/10.1007/s11104-008-9600-x,"Error bars correspond to standard error of mean in the graphs. The samplings are made in 2005, so the SAF was 4 years old. The biomass data is given as carbon stock, for the trees and the grass.The error bar for the biomass is for the total carbon produced in the biomass, so the error bar just for the aboveground biomass isnt available",LMP,Grassland,Full sun,NA,Brachiaria brizantha,1,0,1,0,Grassland,SilvoPasture,Pasture,NA,"Hyparrhenia rufa,Diphysa robinioides",2,1,1,1,"1111,111111",NA,NA,NA,Costa Rica,10°28′36.8′′N,85°9′14.5′′W,10.4768888888889,-85.1540277777778,50,1500,28,NA,Cambisols,20,40,20,117,44,117,44,RCBD,4.5,Pastures which had been grazed over the previous 20 years,grassland,grassland,3,3,Figure 3,SE,t C ha-1,Done,"19,09","1,77798201 SE","3,08",19.09,3.08,"24,70","5,689542431 SE","9,85",24.7,9.85,NA,NA,YES,"0,2576661763","0,06170978979",YES,"0,1753635584",NA,NA,NA,261,103,1962,Tropical Moist,30,20,FALSE,"(25,50]",-85.1540277777778,10.4768888888889,FALSE,Pasture,SilvoPasture,1,A:<0/+1,Randomized Designs,Grassland,"[30,45)",FALSE,FALSE,0.2576386058962753,0.061686912931382426
315,19,315,2008,"Andrade, Hernan J.; Brook, Robert; Ibrahim, Muhammad",English,Article,10.1007/s11104-008-9600-x,http://dx.doi.org/10.1007/s11104-008-9600-x,"Error bars correspond to standard error of mean in the graphs. The samplings are made in 2005, so the SAF was 4 years old. The biomass data is given as carbon stock, for the trees and the grass.The error bar for the biomass is for the total carbon produced in the biomass, so the error bar just for the aboveground biomass isnt available",LMP,Grassland,Full sun,NA,Brachiaria brizantha,1,0,1,0,Grassland,SilvoPasture,Pasture,NA,"Brachiaria brizantha,Pithecellobium saman",2,1,1,1,"1111,111111",NA,NA,NA,Costa Rica,10°28′36.8′′N,85°9′14.5′′W,10.4768888888889,-85.1540277777778,50,1500,28,NA,Cambisols,40,60,20,117,44,117,44,RCBD,4.5,Pastures which had been grazed over the previous 20 years,grassland,grassland,3,3,Figure 3,SE,t C ha-1,Done,"16,83","7,467524441 SE","12,93",16.83,12.93,"25,05","3,437431885 SE","5,95",25.05,5.95,NA,NA,YES,"0,3973017972","0,2155924249",YES,"0,2566295978",NA,NA,NA,261,103,1962,Tropical Moist,50,20,FALSE,"(25,50]",-85.1540277777778,10.4768888888889,FALSE,Pasture,SilvoPasture,1,A:<0/+1,Randomized Designs,Grassland,"[45,55)",FALSE,FALSE,0.3977108193281592,0.21555278215132012
316,19,316,2008,"Andrade, Hernan J.; Brook, Robert; Ibrahim, Muhammad",English,Article,10.1007/s11104-008-9600-x,http://dx.doi.org/10.1007/s11104-008-9600-x,"Error bars correspond to standard error of mean in the graphs. The samplings are made in 2005, so the SAF was 4 years old. The biomass data is given as carbon stock, for the trees and the grass.The error bar for the biomass is for the total carbon produced in the biomass, so the error bar just for the aboveground biomass isnt available",LMP,Grassland,Full sun,NA,Brachiaria brizantha,1,0,1,0,Grassland,SilvoPasture,Pasture,NA,"Brachiaria brizantha,Dalbergia retusa",2,1,1,1,"1111,111111",NA,NA,NA,Costa Rica,10°28′36.8′′N,85°9′14.5′′W,10.4768888888889,-85.1540277777778,50,1500,28,NA,Cambisols,40,60,20,117,44,117,44,RCBD,4.5,Pastures which had been grazed over the previous 20 years,grassland,grassland,3,3,Figure 3,SE,t C ha-1,Done,"16,83","7,467524441 SE","12,93",16.83,12.93,"23,54","3,674496153 SE","6,36",23.54,6.36,NA,NA,YES,"0,3353101211","0,2211207134",YES,"0,2095808381",NA,NA,NA,261,103,1962,Tropical Moist,50,20,FALSE,"(25,50]",-85.1540277777778,10.4768888888889,FALSE,Pasture,SilvoPasture,1,A:<0/+1,Randomized Designs,Grassland,"[45,55)",FALSE,FALSE,0.3355380936294161,0.22107887433721707
317,19,317,2008,"Andrade, Hernan J.; Brook, Robert; Ibrahim, Muhammad",English,Article,10.1007/s11104-008-9600-x,http://dx.doi.org/10.1007/s11104-008-9600-x,"Error bars correspond to standard error of mean in the graphs. The samplings are made in 2005, so the SAF was 4 years old. The biomass data is given as carbon stock, for the trees and the grass.The error bar for the biomass is for the total carbon produced in the biomass, so the error bar just for the aboveground biomass isnt available",LMP,Grassland,Full sun,NA,Brachiaria brizantha,1,0,1,0,Grassland,SilvoPasture,Pasture,NA,"Brachiaria brizantha,Diphysa robinioides",2,1,1,1,"1111,111111",NA,NA,NA,Costa Rica,10°28′36.8′′N,85°9′14.5′′W,10.4768888888889,-85.1540277777778,50,1500,28,NA,Cambisols,40,60,20,117,44,117,44,RCBD,4.5,Pastures which had been grazed over the previous 20 years,grassland,grassland,3,3,Figure 3,SE,t C ha-1,Done,"16,83","7,467524441 SE","12,93",16.83,12.93,"23,88","3,437431885 SE","5,95",23.88,5.95,NA,NA,YES,"0,349740386","0,2174719978",YES,"0,2202737381",NA,NA,NA,261,103,1962,Tropical Moist,50,20,FALSE,"(25,50]",-85.1540277777778,10.4768888888889,FALSE,Pasture,SilvoPasture,1,A:<0/+1,Randomized Designs,Grassland,"[45,55)",FALSE,FALSE,0.3498782803216867,0.2174407285021192
318,19,318,2008,"Andrade, Hernan J.; Brook, Robert; Ibrahim, Muhammad",English,Article,10.1007/s11104-008-9600-x,http://dx.doi.org/10.1007/s11104-008-9600-x,"Error bars correspond to standard error of mean in the graphs. The samplings are made in 2005, so the SAF was 4 years old. The biomass data is given as carbon stock, for the trees and the grass.The error bar for the biomass is for the total carbon produced in the biomass, so the error bar just for the aboveground biomass isnt available",LMP,Grassland,Full sun,NA,Brachiaria brizantha,1,0,1,0,Grassland,SilvoPasture,Pasture,NA,"Hyparrhenia rufa,Pithecellobium saman",2,1,1,1,"1111,111111",NA,NA,NA,Costa Rica,10°28′36.8′′N,85°9′14.5′′W,10.4768888888889,-85.1540277777778,50,1500,28,NA,Cambisols,40,60,20,117,44,117,44,RCBD,4.5,Pastures which had been grazed over the previous 20 years,grassland,grassland,3,3,Figure 3,SE,t C ha-1,Done,"16,83","7,467524441 SE","12,93",16.83,12.93,"17,25","3,793028286 SE","6,57",17.25,6.57,NA,NA,YES,"0,02409755118","0,2451327877",YES,"0,01283147969",NA,NA,NA,261,103,1962,Tropical Moist,50,20,FALSE,"(25,50]",-85.1540277777778,10.4768888888889,FALSE,Pasture,SilvoPasture,1,A:<0/+1,Randomized Designs,Grassland,"[45,55)",FALSE,FALSE,0.024649135274654295,0.2451006234143108
319,19,319,2008,"Andrade, Hernan J.; Brook, Robert; Ibrahim, Muhammad",English,Article,10.1007/s11104-008-9600-x,http://dx.doi.org/10.1007/s11104-008-9600-x,"Error bars correspond to standard error of mean in the graphs. The samplings are made in 2005, so the SAF was 4 years old. The biomass data is given as carbon stock, for the trees and the grass.The error bar for the biomass is for the total carbon produced in the biomass, so the error bar just for the aboveground biomass isnt available",LMP,Grassland,Full sun,NA,Brachiaria brizantha,1,0,1,0,Grassland,SilvoPasture,Pasture,NA,"Hyparrhenia rufa,Dalbergia retusa",2,1,1,1,"1111,111111",NA,NA,NA,Costa Rica,10°28′36.8′′N,85°9′14.5′′W,10.4768888888889,-85.1540277777778,50,1500,28,NA,Cambisols,40,60,20,117,44,117,44,RCBD,4.5,Pastures which had been grazed over the previous 20 years,grassland,grassland,3,3,Figure 3,SE,t C ha-1,Done,"16,83","7,467524441 SE","12,93",16.83,12.93,"23,75","4,385688957 SE","7,60",23.75,7.6,NA,NA,YES,"0,3439932437","0,2308666282",YES,"0,2159965781",NA,NA,NA,261,103,1962,Tropical Moist,50,20,FALSE,"(25,50]",-85.1540277777778,10.4768888888889,FALSE,Pasture,SilvoPasture,1,A:<0/+1,Randomized Designs,Grassland,"[45,55)",FALSE,FALSE,0.34441952227793565,0.23088008151134926
320,19,320,2008,"Andrade, Hernan J.; Brook, Robert; Ibrahim, Muhammad",English,Article,10.1007/s11104-008-9600-x,http://dx.doi.org/10.1007/s11104-008-9600-x,"Error bars correspond to standard error of mean in the graphs. The samplings are made in 2005, so the SAF was 4 years old. The biomass data is given as carbon stock, for the trees and the grass.The error bar for the biomass is for the total carbon produced in the biomass, so the error bar just for the aboveground biomass isnt available",LMP,Grassland,Full sun,NA,Brachiaria brizantha,1,0,1,0,Grassland,SilvoPasture,Pasture,NA,"Hyparrhenia rufa,Diphysa robinioides",2,1,1,1,"1111,111111",NA,NA,NA,Costa Rica,10°28′36.8′′N,85°9′14.5′′W,10.4768888888889,-85.1540277777778,50,1500,28,NA,Cambisols,40,60,20,117,44,117,44,RCBD,4.5,Pastures which had been grazed over the previous 20 years,grassland,grassland,3,3,Figure 3,SE,t C ha-1,Done,"16,83","7,467524441 SE","12,93",16.83,12.93,"19,37","1,303853474 SE","2,26",19.37,2.26,NA,NA,YES,"0,1401153617","0,2012903398",YES,"0,07912745938",NA,NA,NA,261,103,1962,Tropical Moist,50,20,FALSE,"(25,50]",-85.1540277777778,10.4768888888889,FALSE,Pasture,SilvoPasture,1,A:<0/+1,Randomized Designs,Grassland,"[45,55)",FALSE,FALSE,0.14056246921618998,0.2012844544685885
321,19,321,2008,"Andrade, Hernan J.; Brook, Robert; Ibrahim, Muhammad",English,Article,10.1007/s11104-008-9600-x,http://dx.doi.org/10.1007/s11104-008-9600-x,"Error bars correspond to standard error of mean in the graphs. The samplings are made in 2005, so the SAF was 4 years old. The biomass data is given as carbon stock, for the trees and the grass.The error bar for the biomass is for the total carbon produced in the biomass, so the error bar just for the aboveground biomass isnt available",LMP,Grassland,Full sun,NA,Hyparrhenia rufa,1,0,1,0,Grassland,SilvoPasture,Pasture,NA,"Brachiaria brizantha,Pithecellobium saman",2,1,1,1,"1111,111111",NA,NA,NA,Costa Rica,10°28′36.8′′N,85°9′14.5′′W,10.4768888888889,-85.1540277777778,50,1500,28,NA,Cambisols,0,20,20,117,44,117,44,RCBD,4.5,Pastures which had been grazed over the previous 20 years,grassland,grassland,3,3,Figure 3,SE,t C ha-1,Done,"64,05","11,50 SE","19,92",64.05,19.92,"69,02","2,90 SE","5,02",69.02,5.02,NA,NA,YES,"0,0746908926","0,03400033684",YES,"0,1552287582",NA,NA,NA,261,103,1962,Tropical Moist,10,20,TRUE,"(5,10]",-85.1540277777778,10.4768888888889,FALSE,Pasture,SilvoPasture,1,A:<0/+1,Randomized Designs,Grassland,"[0,15)",FALSE,FALSE,0.0747322893271141,0.03400513087854273
322,19,322,2008,"Andrade, Hernan J.; Brook, Robert; Ibrahim, Muhammad",English,Article,10.1007/s11104-008-9600-x,http://dx.doi.org/10.1007/s11104-008-9600-x,"Error bars correspond to standard error of mean in the graphs. The samplings are made in 2005, so the SAF was 4 years old. The biomass data is given as carbon stock, for the trees and the grass.The error bar for the biomass is for the total carbon produced in the biomass, so the error bar just for the aboveground biomass isnt available",LMP,Grassland,Full sun,NA,Hyparrhenia rufa,1,0,1,0,Grassland,SilvoPasture,Pasture,NA,"Brachiaria brizantha,Dalbergia retusa",2,1,1,1,"1111,111111",NA,NA,NA,Costa Rica,10°28′36.8′′N,85°9′14.5′′W,10.4768888888889,-85.1540277777778,50,1500,28,NA,Cambisols,0,20,20,117,44,117,44,RCBD,4.5,Pastures which had been grazed over the previous 20 years,grassland,grassland,3,3,Figure 3,SE,t C ha-1,Done,"64,05","11,50 SE","19,92",64.05,19.92,"60,39","3,52 SE","6,10",60.39,6.1,NA,NA,YES,"-0,05884050002","0,03563212922",YES,"-0,114379085",NA,NA,NA,261,103,1962,Tropical Moist,10,20,TRUE,"(5,10]",-85.1540277777778,10.4768888888889,FALSE,Pasture,SilvoPasture,1,A:<0/+1,Randomized Designs,Grassland,"[0,15)",FALSE,FALSE,-0.05884050002293335,0.035642803526283795
323,19,323,2008,"Andrade, Hernan J.; Brook, Robert; Ibrahim, Muhammad",English,Article,10.1007/s11104-008-9600-x,http://dx.doi.org/10.1007/s11104-008-9600-x,"Error bars correspond to standard error of mean in the graphs. The samplings are made in 2005, so the SAF was 4 years old. The biomass data is given as carbon stock, for the trees and the grass.The error bar for the biomass is for the total carbon produced in the biomass, so the error bar just for the aboveground biomass isnt available",LMP,Grassland,Full sun,NA,Hyparrhenia rufa,1,0,1,0,Grassland,SilvoPasture,Pasture,NA,"Brachiaria brizantha,Diphysa robinioides",2,1,1,1,"1111,111111",NA,NA,NA,Costa Rica,10°28′36.8′′N,85°9′14.5′′W,10.4768888888889,-85.1540277777778,50,1500,28,NA,Cambisols,0,20,20,117,44,117,44,RCBD,4.5,Pastures which had been grazed over the previous 20 years,grassland,grassland,3,3,Figure 3,SE,t C ha-1,Done,"64,05","11,50 SE","19,92",64.05,19.92,"63,01","5,96 SE","10,32",63.01,10.32,NA,NA,YES,"-0,01646127705","0,04118280867",YES,"-0,03267973856",NA,NA,NA,261,103,1962,Tropical Moist,10,20,TRUE,"(5,10]",-85.1540277777778,10.4768888888889,FALSE,Pasture,SilvoPasture,1,A:<0/+1,Randomized Designs,Grassland,"[0,15)",FALSE,FALSE,-0.016370584388779075,0.04118347120026174
324,19,324,2008,"Andrade, Hernan J.; Brook, Robert; Ibrahim, Muhammad",English,Article,10.1007/s11104-008-9600-x,http://dx.doi.org/10.1007/s11104-008-9600-x,"Error bars correspond to standard error of mean in the graphs. The samplings are made in 2005, so the SAF was 4 years old. The biomass data is given as carbon stock, for the trees and the grass.The error bar for the biomass is for the total carbon produced in the biomass, so the error bar just for the aboveground biomass isnt available",LMP,Grassland,Full sun,NA,Hyparrhenia rufa,1,0,1,0,Grassland,SilvoPasture,Pasture,NA,"Hyparrhenia rufa,Pithecellobium saman",2,1,1,1,"1111,111111",NA,NA,NA,Costa Rica,10°28′36.8′′N,85°9′14.5′′W,10.4768888888889,-85.1540277777778,50,1500,28,NA,Cambisols,0,20,20,117,44,117,44,RCBD,4.5,Pastures which had been grazed over the previous 20 years,grassland,grassland,3,3,Figure 3,SE,t C ha-1,Done,"64,05","11,50 SE","19,92",64.05,19.92,"60,78","13,59 SE","23,54",60.78,23.54,NA,NA,YES,"-0,05236798552","0,08222176717",YES,"-0,102124183",NA,NA,NA,261,103,1962,Tropical Moist,10,20,TRUE,"(5,10]",-85.1540277777778,10.4768888888889,FALSE,Pasture,SilvoPasture,1,A:<0/+1,Randomized Designs,Grassland,"[0,15)",FALSE,FALSE,-0.05240324085409621,0.08224182070291203
325,19,325,2008,"Andrade, Hernan J.; Brook, Robert; Ibrahim, Muhammad",English,Article,10.1007/s11104-008-9600-x,http://dx.doi.org/10.1007/s11104-008-9600-x,"Error bars correspond to standard error of mean in the graphs. The samplings are made in 2005, so the SAF was 4 years old. The biomass data is given as carbon stock, for the trees and the grass.The error bar for the biomass is for the total carbon produced in the biomass, so the error bar just for the aboveground biomass isnt available",LMP,Grassland,Full sun,NA,Hyparrhenia rufa,1,0,1,0,Grassland,SilvoPasture,Pasture,NA,"Hyparrhenia rufa,Dalbergia retusa",2,1,1,1,"1111,111111",NA,NA,NA,Costa Rica,10°28′36.8′′N,85°9′14.5′′W,10.4768888888889,-85.1540277777778,50,1500,28,NA,Cambisols,0,20,20,117,44,117,44,RCBD,4.5,Pastures which had been grazed over the previous 20 years,grassland,grassland,3,3,Figure 3,SE,t C ha-1,Done,"64,05","11,50 SE","19,92",64.05,19.92,"62,22","9,15 SE","15,85",62.22,15.85,NA,NA,YES,"-0,02898753687","0,0538596576",YES,"-0,05718954248",NA,NA,NA,261,103,1962,Tropical Moist,10,20,TRUE,"(5,10]",-85.1540277777778,10.4768888888889,FALSE,Pasture,SilvoPasture,1,A:<0/+1,Randomized Designs,Grassland,"[0,15)",FALSE,FALSE,-0.028987536873252298,0.053872823272003614
326,19,326,2008,"Andrade, Hernan J.; Brook, Robert; Ibrahim, Muhammad",English,Article,10.1007/s11104-008-9600-x,http://dx.doi.org/10.1007/s11104-008-9600-x,"Error bars correspond to standard error of mean in the graphs. The samplings are made in 2005, so the SAF was 4 years old. The biomass data is given as carbon stock, for the trees and the grass.The error bar for the biomass is for the total carbon produced in the biomass, so the error bar just for the aboveground biomass isnt available",LMP,Grassland,Full sun,NA,Hyparrhenia rufa,1,0,1,0,Grassland,SilvoPasture,Pasture,NA,"Hyparrhenia rufa,Diphysa robinioides",2,1,1,1,"1111,111111",NA,NA,NA,Costa Rica,10°28′36.8′′N,85°9′14.5′′W,10.4768888888889,-85.1540277777778,50,1500,28,NA,Cambisols,0,20,20,117,44,117,44,RCBD,4.5,Pastures which had been grazed over the previous 20 years,grassland,grassland,3,3,Figure 3,SE,t C ha-1,Done,"64,05","11,50 SE","19,92",64.05,19.92,"63,59","0,91 SE","1,58",63.59,1.58,NA,NA,YES,"-0,007168489479","0,0324396623",YES,"-0,01429738562",NA,NA,NA,261,103,1962,Tropical Moist,10,20,TRUE,"(5,10]",-85.1540277777778,10.4768888888889,FALSE,Pasture,SilvoPasture,1,A:<0/+1,Randomized Designs,Grassland,"[0,15)",FALSE,FALSE,-0.007207803063426687,0.03244757576063618
327,19,327,2008,"Andrade, Hernan J.; Brook, Robert; Ibrahim, Muhammad",English,Article,10.1007/s11104-008-9600-x,http://dx.doi.org/10.1007/s11104-008-9600-x,"Error bars correspond to standard error of mean in the graphs. The samplings are made in 2005, so the SAF was 4 years old. The biomass data is given as carbon stock, for the trees and the grass.The error bar for the biomass is for the total carbon produced in the biomass, so the error bar just for the aboveground biomass isnt available",LMP,Grassland,Full sun,NA,Hyparrhenia rufa,1,0,1,0,Grassland,SilvoPasture,Pasture,NA,"Brachiaria brizantha,Pithecellobium saman",2,1,1,1,"1111,111111",NA,NA,NA,Costa Rica,10°28′36.8′′N,85°9′14.5′′W,10.4768888888889,-85.1540277777778,50,1500,28,NA,Cambisols,20,40,20,117,44,117,44,RCBD,4.5,Pastures which had been grazed over the previous 20 years,grassland,grassland,3,3,Figure 3,SE,t C ha-1,Done,"28,81","6,9 SE","11,95",28.81,11.95,"30,32","11,14202059 SE","19,30",30.32,19.3,NA,NA,YES,"0,05113522148","0,1924526024",YES,"0,04722726638",NA,NA,NA,261,103,1962,Tropical Moist,30,20,FALSE,"(25,50]",-85.1540277777778,10.4768888888889,FALSE,Pasture,SilvoPasture,1,A:<0/+1,Randomized Designs,Grassland,"[30,45)",FALSE,FALSE,0.05108501167773393,0.19241184674829936
328,19,328,2008,"Andrade, Hernan J.; Brook, Robert; Ibrahim, Muhammad",English,Article,10.1007/s11104-008-9600-x,http://dx.doi.org/10.1007/s11104-008-9600-x,"Error bars correspond to standard error of mean in the graphs. The samplings are made in 2005, so the SAF was 4 years old. The biomass data is given as carbon stock, for the trees and the grass.The error bar for the biomass is for the total carbon produced in the biomass, so the error bar just for the aboveground biomass isnt available",LMP,Grassland,Full sun,NA,Hyparrhenia rufa,1,0,1,0,Grassland,SilvoPasture,Pasture,NA,"Brachiaria brizantha,Dalbergia retusa",2,1,1,1,"1111,111111",NA,NA,NA,Costa Rica,10°28′36.8′′N,85°9′14.5′′W,10.4768888888889,-85.1540277777778,50,1500,28,NA,Cambisols,20,40,20,117,44,117,44,RCBD,4.5,Pastures which had been grazed over the previous 20 years,grassland,grassland,3,3,Figure 3,SE,t C ha-1,Done,"28,81","6,9 SE","11,95",28.81,11.95,"26,14","7,704588707 SE","13,34",26.14,13.34,NA,NA,YES,"-0,09701394008","0,1442395861",YES,"-0,08322611268",NA,NA,NA,261,103,1962,Tropical Moist,30,20,FALSE,"(25,50]",-85.1540277777778,10.4768888888889,FALSE,Pasture,SilvoPasture,1,A:<0/+1,Randomized Designs,Grassland,"[30,45)",FALSE,FALSE,-0.09725584090036117,0.14416118446782364
329,19,329,2008,"Andrade, Hernan J.; Brook, Robert; Ibrahim, Muhammad",English,Article,10.1007/s11104-008-9600-x,http://dx.doi.org/10.1007/s11104-008-9600-x,"Error bars correspond to standard error of mean in the graphs. The samplings are made in 2005, so the SAF was 4 years old. The biomass data is given as carbon stock, for the trees and the grass.The error bar for the biomass is for the total carbon produced in the biomass, so the error bar just for the aboveground biomass isnt available",LMP,Grassland,Full sun,NA,Hyparrhenia rufa,1,0,1,0,Grassland,SilvoPasture,Pasture,NA,"Brachiaria brizantha,Diphysa robinioides",2,1,1,1,"1111,111111",NA,NA,NA,Costa Rica,10°28′36.8′′N,85°9′14.5′′W,10.4768888888889,-85.1540277777778,50,1500,28,NA,Cambisols,20,40,20,117,44,117,44,RCBD,4.5,Pastures which had been grazed over the previous 20 years,grassland,grassland,3,3,Figure 3,SE,t C ha-1,Done,"28,81","6,9 SE","11,95",28.81,11.95,"33,40","5,689542431 SE","9,85",33.4,9.85,NA,NA,YES,"0,1478808571","0,08640375852",YES,"0,1434633654",NA,NA,NA,261,103,1962,Tropical Moist,30,20,FALSE,"(25,50]",-85.1540277777778,10.4768888888889,FALSE,Pasture,SilvoPasture,1,A:<0/+1,Randomized Designs,Grassland,"[30,45)",FALSE,FALSE,0.14783335088621757,0.08633996052031385
330,19,330,2008,"Andrade, Hernan J.; Brook, Robert; Ibrahim, Muhammad",English,Article,10.1007/s11104-008-9600-x,http://dx.doi.org/10.1007/s11104-008-9600-x,"Error bars correspond to standard error of mean in the graphs. The samplings are made in 2005, so the SAF was 4 years old. The biomass data is given as carbon stock, for the trees and the grass.The error bar for the biomass is for the total carbon produced in the biomass, so the error bar just for the aboveground biomass isnt available",LMP,Grassland,Full sun,NA,Hyparrhenia rufa,1,0,1,0,Grassland,SilvoPasture,Pasture,NA,"Hyparrhenia rufa,Pithecellobium saman",2,1,1,1,"1111,111111",NA,NA,NA,Costa Rica,10°28′36.8′′N,85°9′14.5′′W,10.4768888888889,-85.1540277777778,50,1500,28,NA,Cambisols,20,40,20,117,44,117,44,RCBD,4.5,Pastures which had been grazed over the previous 20 years,grassland,grassland,3,3,Figure 3,SE,t C ha-1,Done,"28,81","6,9 SE","11,95",28.81,11.95,"24,36","4,50422109 SE","7,80",24.36,7.8,NA,NA,YES,"-0,1675038176","0,09156059294",YES,"-0,1388291921",NA,NA,NA,261,103,1962,Tropical Moist,30,20,FALSE,"(25,50]",-85.1540277777778,10.4768888888889,FALSE,Pasture,SilvoPasture,1,A:<0/+1,Randomized Designs,Grassland,"[30,45)",FALSE,FALSE,-0.1677801062547408,0.09152467156869162
331,19,331,2008,"Andrade, Hernan J.; Brook, Robert; Ibrahim, Muhammad",English,Article,10.1007/s11104-008-9600-x,http://dx.doi.org/10.1007/s11104-008-9600-x,"Error bars correspond to standard error of mean in the graphs. The samplings are made in 2005, so the SAF was 4 years old. The biomass data is given as carbon stock, for the trees and the grass.The error bar for the biomass is for the total carbon produced in the biomass, so the error bar just for the aboveground biomass isnt available",LMP,Grassland,Full sun,NA,Hyparrhenia rufa,1,0,1,0,Grassland,SilvoPasture,Pasture,NA,"Hyparrhenia rufa,Dalbergia retusa",2,1,1,1,"1111,111111",NA,NA,NA,Costa Rica,10°28′36.8′′N,85°9′14.5′′W,10.4768888888889,-85.1540277777778,50,1500,28,NA,Cambisols,20,40,20,117,44,117,44,RCBD,4.5,Pastures which had been grazed over the previous 20 years,grassland,grassland,3,3,Figure 3,SE,t C ha-1,Done,"28,81","6,9 SE","11,95",28.81,11.95,"28,06","6,87486377 SE","11,91",28.06,11.91,NA,NA,YES,"-0,0262773888","0,1174149957",YES,"-0,023345873",NA,NA,NA,261,103,1962,Tropical Moist,30,20,FALSE,"(25,50]",-85.1540277777778,10.4768888888889,FALSE,Pasture,SilvoPasture,1,A:<0/+1,Randomized Designs,Grassland,"[30,45)",FALSE,FALSE,-0.0263774744221222,0.11740121435265469
332,19,332,2008,"Andrade, Hernan J.; Brook, Robert; Ibrahim, Muhammad",English,Article,10.1007/s11104-008-9600-x,http://dx.doi.org/10.1007/s11104-008-9600-x,"Error bars correspond to standard error of mean in the graphs. The samplings are made in 2005, so the SAF was 4 years old. The biomass data is given as carbon stock, for the trees and the grass.The error bar for the biomass is for the total carbon produced in the biomass, so the error bar just for the aboveground biomass isnt available",LMP,Grassland,Full sun,NA,Hyparrhenia rufa,1,0,1,0,Grassland,SilvoPasture,Pasture,NA,"Hyparrhenia rufa,Diphysa robinioides",2,1,1,1,"1111,111111",NA,NA,NA,Costa Rica,10°28′36.8′′N,85°9′14.5′′W,10.4768888888889,-85.1540277777778,50,1500,28,NA,Cambisols,20,40,20,117,44,117,44,RCBD,4.5,Pastures which had been grazed over the previous 20 years,grassland,grassland,3,3,Figure 3,SE,t C ha-1,Done,"28,81","6,9 SE","11,95",28.81,11.95,"24,70","5,689542431 SE","9,85",24.7,9.85,NA,NA,YES,"-0,1535565904","0,1104175698",YES,"-0,1281362924",NA,NA,NA,261,103,1962,Tropical Moist,30,20,FALSE,"(25,50]",-85.1540277777778,10.4768888888889,FALSE,Pasture,SilvoPasture,1,A:<0/+1,Randomized Designs,Grassland,"[30,45)",FALSE,FALSE,-0.15391930546250554,0.11035922759279237
333,19,333,2008,"Andrade, Hernan J.; Brook, Robert; Ibrahim, Muhammad",English,Article,10.1007/s11104-008-9600-x,http://dx.doi.org/10.1007/s11104-008-9600-x,"Error bars correspond to standard error of mean in the graphs. The samplings are made in 2005, so the SAF was 4 years old. The biomass data is given as carbon stock, for the trees and the grass.The error bar for the biomass is for the total carbon produced in the biomass, so the error bar just for the aboveground biomass isnt available",LMP,Grassland,Full sun,NA,Hyparrhenia rufa,1,0,1,0,Grassland,SilvoPasture,Pasture,NA,"Brachiaria brizantha,Pithecellobium saman",2,1,1,1,"1111,111111",NA,NA,NA,Costa Rica,10°28′36.8′′N,85°9′14.5′′W,10.4768888888889,-85.1540277777778,50,1500,28,NA,Cambisols,40,60,20,117,44,117,44,RCBD,4.5,Pastures which had been grazed over the previous 20 years,grassland,grassland,3,3,Figure 3,SE,t C ha-1,Done,"19,51","7,46 SE","12,92",19.51,12.92,"25,05","3,437431885 SE","5,95",25.05,5.95,NA,NA,YES,"0,2498800252","0,165054807",YES,"0,1730639726",NA,NA,NA,261,103,1962,Tropical Moist,50,20,FALSE,"(25,50]",-85.1540277777778,10.4768888888889,FALSE,Pasture,SilvoPasture,1,A:<0/+1,Randomized Designs,Grassland,"[45,55)",FALSE,FALSE,0.24994667289585387,0.16498646355319693
334,19,334,2008,"Andrade, Hernan J.; Brook, Robert; Ibrahim, Muhammad",English,Article,10.1007/s11104-008-9600-x,http://dx.doi.org/10.1007/s11104-008-9600-x,"Error bars correspond to standard error of mean in the graphs. The samplings are made in 2005, so the SAF was 4 years old. The biomass data is given as carbon stock, for the trees and the grass.The error bar for the biomass is for the total carbon produced in the biomass, so the error bar just for the aboveground biomass isnt available",LMP,Grassland,Full sun,NA,Hyparrhenia rufa,1,0,1,0,Grassland,SilvoPasture,Pasture,NA,"Brachiaria brizantha,Dalbergia retusa",2,1,1,1,"1111,111111",NA,NA,NA,Costa Rica,10°28′36.8′′N,85°9′14.5′′W,10.4768888888889,-85.1540277777778,50,1500,28,NA,Cambisols,40,60,20,117,44,117,44,RCBD,4.5,Pastures which had been grazed over the previous 20 years,grassland,grassland,3,3,Figure 3,SE,t C ha-1,Done,"19,51","7,46 SE","12,92",19.51,12.92,"23,54","3,674496153 SE","6,36",23.54,6.36,NA,NA,YES,"0,1878883491","0,1705830956",YES,"0,1260152129",NA,NA,NA,261,103,1962,Tropical Moist,50,20,FALSE,"(25,50]",-85.1540277777778,10.4768888888889,FALSE,Pasture,SilvoPasture,1,A:<0/+1,Randomized Designs,Grassland,"[45,55)",FALSE,FALSE,0.18777394719711063,0.1705125557390939
335,19,335,2008,"Andrade, Hernan J.; Brook, Robert; Ibrahim, Muhammad",English,Article,10.1007/s11104-008-9600-x,http://dx.doi.org/10.1007/s11104-008-9600-x,"Error bars correspond to standard error of mean in the graphs. The samplings are made in 2005, so the SAF was 4 years old. The biomass data is given as carbon stock, for the trees and the grass.The error bar for the biomass is for the total carbon produced in the biomass, so the error bar just for the aboveground biomass isnt available",LMP,Grassland,Full sun,NA,Hyparrhenia rufa,1,0,1,0,Grassland,SilvoPasture,Pasture,NA,"Brachiaria brizantha,Diphysa robinioides",2,1,1,1,"1111,111111",NA,NA,NA,Costa Rica,10°28′36.8′′N,85°9′14.5′′W,10.4768888888889,-85.1540277777778,50,1500,28,NA,Cambisols,40,60,20,117,44,117,44,RCBD,4.5,Pastures which had been grazed over the previous 20 years,grassland,grassland,3,3,Figure 3,SE,t C ha-1,Done,"19,51","7,46 SE","12,92",19.51,12.92,"23,88","3,437431885 SE","5,95",23.88,5.95,NA,NA,YES,"0,202318614","0,16693438",YES,"0,1367081129",NA,NA,NA,261,103,1962,Tropical Moist,50,20,FALSE,"(25,50]",-85.1540277777778,10.4768888888889,FALSE,Pasture,SilvoPasture,1,A:<0/+1,Randomized Designs,Grassland,"[45,55)",FALSE,FALSE,0.20211413388938143,0.16687440990399602
336,19,336,2008,"Andrade, Hernan J.; Brook, Robert; Ibrahim, Muhammad",English,Article,10.1007/s11104-008-9600-x,http://dx.doi.org/10.1007/s11104-008-9600-x,"Error bars correspond to standard error of mean in the graphs. The samplings are made in 2005, so the SAF was 4 years old. The biomass data is given as carbon stock, for the trees and the grass.The error bar for the biomass is for the total carbon produced in the biomass, so the error bar just for the aboveground biomass isnt available",LMP,Grassland,Full sun,NA,Hyparrhenia rufa,1,0,1,0,Grassland,SilvoPasture,Pasture,NA,"Hyparrhenia rufa,Pithecellobium saman",2,1,1,1,"1111,111111",NA,NA,NA,Costa Rica,10°28′36.8′′N,85°9′14.5′′W,10.4768888888889,-85.1540277777778,50,1500,28,NA,Cambisols,40,60,20,117,44,117,44,RCBD,4.5,Pastures which had been grazed over the previous 20 years,grassland,grassland,3,3,Figure 3,SE,t C ha-1,Done,"19,51","7,46 SE","12,92",19.51,12.92,"17,25","3,793028286 SE","6,57",17.25,6.57,NA,NA,YES,"-0,1233242209","0,1945951698",YES,"-0,07073414552",NA,NA,NA,261,103,1962,Tropical Moist,50,20,FALSE,"(25,50]",-85.1540277777778,10.4768888888889,FALSE,Pasture,SilvoPasture,1,A:<0/+1,Randomized Designs,Grassland,"[45,55)",FALSE,FALSE,-0.12311501115765122,0.1945343048161876
337,19,337,2008,"Andrade, Hernan J.; Brook, Robert; Ibrahim, Muhammad",English,Article,10.1007/s11104-008-9600-x,http://dx.doi.org/10.1007/s11104-008-9600-x,"Error bars correspond to standard error of mean in the graphs. The samplings are made in 2005, so the SAF was 4 years old. The biomass data is given as carbon stock, for the trees and the grass.The error bar for the biomass is for the total carbon produced in the biomass, so the error bar just for the aboveground biomass isnt available",LMP,Grassland,Full sun,NA,Hyparrhenia rufa,1,0,1,0,Grassland,SilvoPasture,Pasture,NA,"Hyparrhenia rufa,Dalbergia retusa",2,1,1,1,"1111,111111",NA,NA,NA,Costa Rica,10°28′36.8′′N,85°9′14.5′′W,10.4768888888889,-85.1540277777778,50,1500,28,NA,Cambisols,40,60,20,117,44,117,44,RCBD,4.5,Pastures which had been grazed over the previous 20 years,grassland,grassland,3,3,Figure 3,SE,t C ha-1,Done,"19,51","7,46 SE","12,92",19.51,12.92,"23,75","4,385688957 SE","7,60",23.75,7.6,NA,NA,YES,"0,1965714717","0,1803290103",YES,"0,1324309529",NA,NA,NA,261,103,1962,Tropical Moist,50,20,FALSE,"(25,50]",-85.1540277777778,10.4768888888889,FALSE,Pasture,SilvoPasture,1,A:<0/+1,Randomized Designs,Grassland,"[45,55)",FALSE,FALSE,0.19665537584563025,0.18031376291322604
338,19,338,2008,"Andrade, Hernan J.; Brook, Robert; Ibrahim, Muhammad",English,Article,10.1007/s11104-008-9600-x,http://dx.doi.org/10.1007/s11104-008-9600-x,"Error bars correspond to standard error of mean in the graphs. The samplings are made in 2005, so the SAF was 4 years old. The biomass data is given as carbon stock, for the trees and the grass.The error bar for the biomass is for the total carbon produced in the biomass, so the error bar just for the aboveground biomass isnt available",LMP,Grassland,Full sun,NA,Hyparrhenia rufa,1,0,1,0,Grassland,SilvoPasture,Pasture,NA,"Hyparrhenia rufa,Diphysa robinioides",2,1,1,1,"1111,111111",NA,NA,NA,Costa Rica,10°28′36.8′′N,85°9′14.5′′W,10.4768888888889,-85.1540277777778,50,1500,28,NA,Cambisols,40,60,20,117,44,117,44,RCBD,4.5,Pastures which had been grazed over the previous 20 years,grassland,grassland,3,3,Figure 3,SE,t C ha-1,Done,"19,51","7,46 SE","12,92",19.51,12.92,"19,37","1,303853474 SE","2,26",19.37,2.26,NA,NA,YES,"-0,007306410348","0,150752722",YES,"-0,004438165833",NA,NA,NA,261,103,1962,Tropical Moist,50,20,FALSE,"(25,50]",-85.1540277777778,10.4768888888889,FALSE,Pasture,SilvoPasture,1,A:<0/+1,Randomized Designs,Grassland,"[45,55)",FALSE,FALSE,-0.007201677216115314,0.15071813587046531
429,20,429,2012,"Hergoualc'h, Kristell; Blanchart, Eric; Skiba, Ute; Henault, Catherine; Harmand, Jean-Michel",English,Article,10.1016/j.agee.2011.11.018,http://dx.doi.org/10.1016/j.agee.2011.11.018,"The error bars in the graphs correspond to SE not to SD. For the biomass, we compare the biomass in I.densiflora and biomass in C.arabica",LMP,Cropland,Full sun,NA,Coffea arabica,1,1,0,0,Cropland,Shaded perennial,Coffee,NA,"Coffea arabica,Inga densiflora",2,2,0,1,278,NO,NA,NA,Costa Rica,10°02'N,84°08'W,10.0333333333333,-84.1333333333333,1180,2300,21,NA,Cambisols,0,10,10,98,62,86,62,BACI,9,Land use for at least the previous 10 years was a coffee monoculture in the case of SAF and coffee associated with a small number of Eucalyptus trees inthe case of Control.,cropland,cropland,1,1,Table 2,SE,t C ha-1,Done,"29,67","0,8 SE","0,80",29.67,0.8,"32,08","1,02 SE","1,02",32.08,1.02,NA,NA,YES,"0,0780963487","0,001737972061",NO,NO,NA,NA,NA,172,90,1663,Tropical Montane,5,10,TRUE,"(0,5]",-84.1333333333333,10.0333333333333,FALSE,Cocoa/Coffee,Shaded perennial,1,A:<0/+1,Before-After Designs,Cropland,"[0,15)",FALSE,FALSE,0.07809634869558317,0.001737972061462254
430,20,430,2012,"Hergoualc'h, Kristell; Blanchart, Eric; Skiba, Ute; Henault, Catherine; Harmand, Jean-Michel",English,Article,10.1016/j.agee.2011.11.018,http://dx.doi.org/10.1016/j.agee.2011.11.018,"The error bars in the graphs correspond to SE not to SD. For the biomass, we compare the biomass in I.densiflora and biomass in C.arabica",LMP,Cropland,Full sun,NA,Coffea arabica,1,1,0,0,Cropland,Shaded perennial,Coffee,NA,"Coffea arabica,Inga densiflora",2,2,0,1,278,NO,NA,NA,Costa Rica,10°02'N,84°08'W,10.0333333333333,-84.1333333333333,1180,2300,21,NA,Cambisols,10,20,10,98,62,92,62,BACI,9,Land use for at least the previous 10 years was a coffee monoculture in the case of SAF and coffee associated with a small number of Eucalyptus trees inthe case of Control.,cropland,cropland,1,1,Table 2,SE,t C ha-1,Done,"29,34","0,84 SE","0,84",29.34,0.84,"29,07","1,6 SE","1,60",29.07,1.6,NA,NA,YES,"-0,009245058144","0,003849021833",NO,NO,NA,NA,NA,172,90,1663,Tropical Montane,15,10,FALSE,"(10,15]",-84.1333333333333,10.0333333333333,FALSE,Cocoa/Coffee,Shaded perennial,1,A:<0/+1,Before-After Designs,Cropland,"[15,30)",FALSE,FALSE,-0.00924505814405105,0.0038490218334485144
431,20,431,2012,"Hergoualc'h, Kristell; Blanchart, Eric; Skiba, Ute; Henault, Catherine; Harmand, Jean-Michel",English,Article,10.1016/j.agee.2011.11.018,http://dx.doi.org/10.1016/j.agee.2011.11.018,"The error bars in the graphs correspond to SE not to SD. For the biomass, we compare the biomass in I.densiflora and biomass in C.arabica",LMP,Cropland,Full sun,NA,Coffea arabica,1,1,0,0,Cropland,Shaded perennial,Coffee,NA,"Coffea arabica,Inga densiflora",2,2,0,1,278,NO,NA,NA,Costa Rica,10°02'N,84°08'W,10.0333333333333,-84.1333333333333,1180,2300,21,NA,Cambisols,20,30,10,91,62,92,62,BACI,9,Land use for at least the previous 10 years was a coffee monoculture in the case of SAF and coffee associated with a small number of Eucalyptus trees inthe case of Control.,cropland,cropland,1,1,Table 2,SE,t C ha-1,Done,"27,06","0,53 SE","0,53",27.06,0.53,"25,48","0,87 SE","0,87",25.48,0.87,NA,NA,YES,"-0,06016279204","0,001549457402",NO,NO,NA,NA,NA,172,90,1663,Tropical Montane,25,10,FALSE,"(15,25]",-84.1333333333333,10.0333333333333,FALSE,Cocoa/Coffee,Shaded perennial,1,A:<0/+1,Before-After Designs,Cropland,"[15,30)",FALSE,FALSE,-0.060162792038679344,0.0015494574024546705
432,20,432,2012,"Hergoualc'h, Kristell; Blanchart, Eric; Skiba, Ute; Henault, Catherine; Harmand, Jean-Michel",English,Article,10.1016/j.agee.2011.11.018,http://dx.doi.org/10.1016/j.agee.2011.11.018,"The error bars in the graphs correspond to SE not to SD. For the biomass, we compare the biomass in I.densiflora and biomass in C.arabica",LMP,Cropland,Full sun,NA,Coffea arabica,1,1,0,0,Cropland,Shaded perennial,Coffee,NA,"Coffea arabica,Inga densiflora",2,2,0,1,278,NO,NA,NA,Costa Rica,10°02'N,84°08'W,10.0333333333333,-84.1333333333333,1180,2300,21,NA,Cambisols,30,40,10,88,62,90,62,BACI,9,Land use for at least the previous 10 years was a coffee monoculture in the case of SAF and coffee associated with a small number of Eucalyptus trees inthe case of Control.,cropland,cropland,1,1,Table 2,SE,t C ha-1,Done,"24,04","0,63 SE","0,63",24.04,0.63,"24,66","0,9 SE","0,90",24.66,0.9,NA,NA,YES,"0,02546338807","0,002018754944",NO,NO,NA,NA,NA,172,90,1663,Tropical Montane,35,10,FALSE,"(25,50]",-84.1333333333333,10.0333333333333,FALSE,Cocoa/Coffee,Shaded perennial,1,A:<0/+1,Before-After Designs,Cropland,"[30,45)",FALSE,FALSE,0.02546338806919139,0.0020187549444157862
449,29,449,2009,"Geissen, Violette; Pena-Pena, Karina; Huerta, Esperanza",English,Article,"10,1016/j,pedobi,2009,03,004",http://dx.doi.org/10.1016/j.pedobi.2009.03.004,NA,LMP,Cropland,Full sun,NA,Musa acuminata,1,0,1,0,Cropland,Shaded perennial,Banana,NA,"Musa acuminata,Cedrela odorata",2,1,1,0,1200,NO,NA,NA,Mexico,17°34'N,92°53'W,17.5666666666667,-92.8833333333333,46,3862,25.4,NA,Luvisols,0,10,10,104,61,94,61,CI,12.6820185614849,Riparian primary forest,forest,forest,5,5,Table 1,NA,g 100 g-1,Done,"1,27","0,30","0,30",12.4,2.93,"2,19","0,77","0,77",19.33,6.8,NA,NA,YES,"0,4437885265","0,03588427744",YES,"0,2348454915","0,3297004068",NA,NA,258,114,1801,Tropical Wet,5,10,TRUE,"(0,5]",-92.8833333333333,17.5666666666667,FALSE,Others,Shaded perennial,1,A:<0/+1,Control-Impact Designs,Forest,"[0,15)",FALSE,FALSE,0.4439618206092482,0.03591713107182181
450,29,450,2009,"Geissen, Violette; Pena-Pena, Karina; Huerta, Esperanza",English,Article,"10,1016/j,pedobi,2009,03,004",http://dx.doi.org/10.1016/j.pedobi.2009.03.004,NA,LMP,Cropland,Full sun,NA,Musa acuminata,1,0,1,0,Cropland,Shaded perennial,Banana,NA,"Musa acuminata,Cedrela odorata",2,1,1,0,1200,NO,NA,NA,Mexico,17°34'N,92°53'W,17.5666666666667,-92.8833333333333,46,3862,25.4,NA,Luvisols,0,10,10,109,61,94,61,CI,12.6820185614849,Riparian primary forest,forest,forest,5,5,Table 1,NA,g 100 g-1,Done,"1,75","0,87","0,87",17.91,8.9,"2,19","0,77","0,77",19.33,6.8,NA,NA,YES,"0,07623265593","0,07415445921",YES,"0,04809589831","0,5322379322",NA,NA,258,114,1801,Tropical Wet,5,10,TRUE,"(0,5]",-92.8833333333333,17.5666666666667,FALSE,Others,Shaded perennial,1,A:<0/+1,Control-Impact Designs,Forest,"[0,15)",FALSE,FALSE,0.07629907714761901,0.07413821183932748
453,29,453,2009,"Geissen, Violette; Pena-Pena, Karina; Huerta, Esperanza",English,Article,"10,1016/j,pedobi,2009,03,004",http://dx.doi.org/10.1016/j.pedobi.2009.03.004,NA,LMP,Cropland,Full sun,NA,Musa acuminata,1,0,1,0,Cropland,Shaded perennial,Banana,NA,"Musa acuminata,Cedrela odorata",2,1,1,0,1200,NO,NA,NA,Mexico,17°34'N,92°53'W,17.5666666666667,-92.8833333333333,46,3862,25.4,NA,Luvisols,0,10,10,104,61,108,61,CI,12.6820185614849,Riparian primary forest,forest,forest,5,5,Table 1,NA,g 100 g-1,Done,"1,27","0,30","0,30",12.4,2.93,"1,27","0,26","0,26",12.88,2.64,NA,NA,YES,"0,03774032798","0,01954243908",YES,"0,01616989831","0,1886912542",NA,NA,258,114,1801,Tropical Wet,5,10,TRUE,"(0,5]",-92.8833333333333,17.5666666666667,FALSE,Others,Shaded perennial,1,A:<0/+1,Control-Impact Designs,Forest,"[0,15)",FALSE,FALSE,0.03797924806521647,0.01956907691809593
454,29,454,2009,"Geissen, Violette; Pena-Pena, Karina; Huerta, Esperanza",English,Article,"10,1016/j,pedobi,2009,03,004",http://dx.doi.org/10.1016/j.pedobi.2009.03.004,NA,LMP,Cropland,Full sun,NA,Musa acuminata,1,0,1,0,Cropland,Shaded perennial,Banana,NA,"Musa acuminata,Cedrela odorata",2,1,1,0,1200,NO,NA,NA,Mexico,17°34'N,92°53'W,17.5666666666667,-92.8833333333333,46,3862,25.4,NA,Luvisols,0,10,10,109,61,108,61,CI,12.6820185614849,Riparian primary forest,forest,forest,5,5,Table 1,NA,g 100 g-1,Done,"1,75","0,87","0,87",17.91,8.9,"1,27","0,26","0,26",12.88,2.64,NA,NA,YES,"-0,3298155426","0,05781262085",YES,"-0,1705796949","0,3912287797",NA,NA,258,114,1801,Tropical Wet,5,10,TRUE,"(0,5]",-92.8833333333333,17.5666666666667,FALSE,Others,Shaded perennial,1,A:<0/+1,Control-Impact Designs,Forest,"[0,15)",FALSE,FALSE,-0.32968349539641284,0.0577901576856016
459,31,459,2002,"McDonald, MA; Healey, JR; Stevens, PA",English,Article,10.1016/S0167-8809(01)00286-9,http://dx.doi.org/10.1016/S0167-8809(01)00286-9,"Here we compare a SAF system to an agricultural system. Here the measure was taken under the hedgerow. The SOC measure is OM in g kg-1. So we divide the data by 1,74",LMP,Cropland,Full sun,NA,"Allium ascalonicum,Thymus vulgaris,Daucus carota,Solanum tuberosum,Beta vulgaris,Brassica oleracea,Capsicum annuum,Cucumis sativus",8,0,8,0,Cropland,Hedgerow,Others,NA,"Allium ascalonicum,Thymus vulgaris,Daucus carota,Solanum tuberosum,Beta vulgaris,Brassica oleracea,Capsicum annuum,Cucumis sativus,Calliandra calothyrsus",9,1,8,1,NA,NA,NA,NA,Jamaica,18°N,76°W,18,-76,1300,2180,16.1,NA,Cambisols,0,10,10,119,0,120,0,BACI,9,Secondary Forest,forest,forest,4,4,Fig 2,OM -SD to estimate,g C kg-1,Done,"76,16",NA,NA,90.63,10.134652330195285,"65,35",NA,NA,78.42,9.972644957194099,NA,#VALUE!,YES,"-0,1447651361",0,NO,NA,NA,NA,NA,NA,NA,1713,Warm Temperate Moist,5,10,TRUE,"(0,5]",-76,18,TRUE,Others,Alley/Hedgerow,1,A:<0/+1,Before-After Designs,Forest,"[0,15)",TRUE,TRUE,-0.1447062872025047,0.007169209186053585
460,31,460,2002,"McDonald, MA; Healey, JR; Stevens, PA",English,Article,10.1016/S0167-8809(01)00286-9,http://dx.doi.org/10.1016/S0167-8809(01)00286-9,"Here we compare a SAF system to an agricultural system. Here the measure was taken under the hedgerow. The SOC measure is OM in g kg-1. So we divide the data by 1,72",LMP,Cropland,Full sun,NA,"Allium ascalonicum,Thymus vulgaris,Daucus carota,Solanum tuberosum,Beta vulgaris,Brassica oleracea,Capsicum annuum,Cucumis sativus",8,0,8,0,Cropland,Hedgerow,Others,NA,"Allium ascalonicum,Thymus vulgaris,Daucus carota,Solanum tuberosum,Beta vulgaris,Brassica oleracea,Capsicum annuum,Cucumis sativus,Calliandra calothyrsus",9,1,8,1,NA,NA,NA,NA,Jamaica,18°N,76°W,18,-76,1300,2180,16.1,NA,Cambisols,0,10,10,119,0,118,0,BACI,5,Secondary Forest,forest,forest,4,4,Fig 2,OM -SD to estimate,g C kg-1,Done,"76,16",NA,NA,90.63,10.134652330195285,"70,59",NA,NA,83.3,10.593232911684117,NA,"-1,466790698",YES,"-0,08438058214",0,NO,NA,NA,NA,-1.466790698,NA,NA,1713,Warm Temperate Moist,5,10,TRUE,"(0,5]",-76,18,FALSE,Others,Alley/Hedgerow,1,A:<0/+1,Before-After Designs,Forest,"[0,15)",TRUE,TRUE,-0.08433673489389329,0.007169209186053585
461,33,461,2002,"Henriksen, I; Michelsen, A; Schlonvoigt, A",English,Article,10.1023/A:1015803618199,http://dx.doi.org/10.1023/A:1015803618199,"Here, the treatment and the control differ in their tillage treatment. The measures were taken in 1997 but only in 1994 the experimental SAF plots were split into two types of tillage management. The measures of carbon are a percentage of SOM in the soil. We did the conversion to carbon percentage by /1,72. They measured the SOM before sawing beans, two times during the bean grow of bean, and one sample was realized after the bean's harvest. Only the sample 2 (first sample made first sample made during the bean crop) is presented here. Here we present SAF with no tillage compared to the same SAF with tillage. No SD error here, it is SE, but too small to be quantified with Web plotdigitizer. The biomass is defined as the weight of the tree prunings applied to the soil, so no biomass data on the entire SAF tree has been made here.",LMP,Cropland,Full sun,NA,Phaseolus vulgaris,1,0,1,1,Cropland,Alley cropping,Beans,no till,"Phaseolus vulgaris,Erythrina poeppigiana",2,1,1,2,NA,NO,NA,NA,Costa Rica,9°53'N,83°43'W,9.88333333333333,-83.716667,602,2640,22,NA,Andosols,0,10,10,107,27,107,27,RCBD,7,cropland at least the 4 previous years,cropland,cropland,3,3,Fig 3,OM - sd to be estimated,%,Done,"10,19",NA,NA,106.07,19.49935289608239,"10,47",NA,NA,109.04,15.1390647664453,NA,NA,YES,"0,02761516703",0,YES,"0,4242732558",0,NA,NA,NA,NA,1713,Tropical Wet,5,10,TRUE,"(0,5]",-83.716667,9.88333333333333,FALSE,Beans/Maize,Alley/Hedgerow,1,A:<0/+1,Randomized Designs,Cropland,"[0,15)",TRUE,TRUE,0.027615533870898427,0.01769054662961864
462,33,462,2002,"Henriksen, I; Michelsen, A; Schlonvoigt, A",English,Article,10.1023/A:1015803618199,http://dx.doi.org/10.1023/A:1015803618199,"Here, the treatment and the control differ in their tillage treatment. The measures were taken in 1997 but only in 1994 the experimental SAF plots were split into two types of tillage management. The measures of carbon are a percentage of SOM in the soil. We did the conversion to carbon percentage by /1,72. They measured the SOM before sawing beans, two times during the bean grow of bean, and one sample was realized after the bean's harvest. Only the sample 2 (first sample made first sample made during the bean crop) is presented here. Here we present SAF with no tillage compared to the same SAF with tillage. No SD error here, it is SE, but too small to be quantified with Web plotdigitizer. The biomass is defined as the weight of the tree prunings applied to the soil, so no biomass data on the entire SAF tree has been made here.",LMP,Cropland,Full sun,NA,Phaseolus vulgaris,1,0,1,1,Cropland,Alley cropping,Beans,no till,"Phaseolus vulgaris,Calliandra calothyrsus",2,1,1,2,NA,NO,NA,NA,Costa Rica,9°53'N,83°43'W,9.88333333333333,-83.716667,602,2640,22,NA,Andosols,0,10,10,107,27,107,27,RCBD,7,cropland at least the 4 previous years,cropland,cropland,3,3,Fig 3,OM - sd to be estimated,%,Done,"10,19",NA,NA,106.07,19.49935289608239,"10,39",NA,NA,108.19,15.021051147117726,NA,NA,YES,"0,0198026273",0,YES,"0,3030523256",NA,NA,NA,NA,NA,1713,Tropical Wet,5,10,TRUE,"(0,5]",-83.716667,9.88333333333333,FALSE,Beans/Maize,Alley/Hedgerow,1,A:<0/+1,Randomized Designs,Cropland,"[0,15)",TRUE,TRUE,0.01978968718210326,0.017690546629618636
463,33,463,2002,"Henriksen, I; Michelsen, A; Schlonvoigt, A",English,Article,10.1023/A:1015803618199,http://dx.doi.org/10.1023/A:1015803618199,"Here, the treatment and the control differ in their tillage treatment. The measures were taken in 1997 but only in 1994 the experimental SAF plots were split into two types of tillage management. The measures of carbon are a percentage of SOM in the soil. We did the conversion to carbon percentage by /1,72. They measured the SOM before sawing beans, two times during the bean grow of bean, and one sample was realized after the bean's harvest. Only the sample 2 (first sample made first sample made during the bean crop) is presented here. Here we present SAF with no tillage compared to the same SAF with tillage. No SD error here, it is SE, but too small to be quantified with Web plotdigitizer. The biomass is defined as the weight of the tree prunings applied to the soil, so no biomass data on the entire SAF tree has been made here.",LMP,Cropland,Full sun,NA,Phaseolus vulgaris,1,0,1,1,Cropland,Alley cropping,Beans,no till,"Phaseolus vulgaris,Erythrina poeppigiana",2,1,1,2,NA,NO,NA,NA,Costa Rica,9°53'N,83°43'W,9.88333333333333,-83.716667,602,2640,22,NA,Andosols,0,10,10,107,27,107,27,RCBD,7,cropland at least the 4 previous years,cropland,cropland,3,3,Fig 3,OM - sd to be estimated,%,Done,"10,19",NA,NA,106.07,19.49935289608239,"10,39",NA,NA,108.19,15.021051147117726,NA,NA,YES,"0,0198026273",0,YES,"0,3030523256",NA,NA,NA,NA,NA,1713,Tropical Wet,5,10,TRUE,"(0,5]",-83.716667,9.88333333333333,FALSE,Beans/Maize,Alley/Hedgerow,1,A:<0/+1,Randomized Designs,Cropland,"[0,15)",TRUE,TRUE,0.01978968718210326,0.017690546629618636
464,33,464,2002,"Henriksen, I; Michelsen, A; Schlonvoigt, A",English,Article,10.1023/A:1015803618199,http://dx.doi.org/10.1023/A:1015803618199,"Here, the treatment is the SAF and the control is the Sole crop system. They measured the SOM before sawing beans, two times during the bean grow of bean, and one sample was realized after the bean's harvest. Only the sample 2 (first sample made during the bean crop) is presented here. No SD error here, it is SE,but too small to be quantified with Web plotdigitizer. The biomass is defined as the weight of the tree prunings applied to the soil, so no biomass data on the entire SAF tree has been made here. We did the conversion to carbon percentage by /1,72 for the SOC data",LMP,Cropland,Full sun,NA,Phaseolus vulgaris,1,0,1,1,Cropland,Alley cropping,Beans,till,"Phaseolus vulgaris,Erythrina poeppigiana",2,1,1,2,NA,NO,NA,NA,Costa Rica,9°53'N,83°43'W,9.88333333333333,-83.716667,602,2640,22,NA,Andosols,0,10,10,107,27,107,27,RCBD,7,cropland at least the 4 previous years,cropland,cropland,3,3,Fig 3,OM - sd to be estimated,%,Done,"10,02",NA,NA,104.37,19.18683380563891,"10,02",NA,NA,104.37,14.490684057904401,NA,NA,YES,0,0,YES,0,NA,NA,NA,NA,NA,1713,Tropical Wet,5,10,TRUE,"(0,5]",-83.716667,9.88333333333333,FALSE,Beans/Maize,Alley/Hedgerow,1,A:<0/+1,Randomized Designs,Cropland,"[0,15)",TRUE,TRUE,0,0.01769054662961864
465,33,465,2002,"Henriksen, I; Michelsen, A; Schlonvoigt, A",English,Article,10.1023/A:1015803618199,http://dx.doi.org/10.1023/A:1015803618199,"Here, the treatment is the SAF and the control is the Sole crop system. They measured the SOM before sawing beans, two times during the bean grow of bean, and one sample was realized after the bean's harvest. Only the sample 2 (first sample made during the bean crop) is presented here. No SD error here, it is SE,but too small to be quantified with Web plotdigitizer. The biomass is defined as the weight of the tree prunings applied to the soil, so no biomass data on the entire SAF tree has been made here. We did the conversion to carbon percentage by /1,72 for the SOC data",LMP,Cropland,Full sun,NA,Phaseolus vulgaris,1,0,1,1,Cropland,Alley cropping,Beans,till,"Phaseolus vulgaris,Calliandra calothyrsus",2,1,1,2,NA,NO,NA,NA,Costa Rica,9°53'N,83°43'W,9.88333333333333,-83.716667,602,2640,22,NA,Andosols,0,10,10,107,27,107,27,RCBD,7,cropland at least the 4 previous years,cropland,cropland,3,3,Fig 3,OM - sd to be estimated,%,Done,"10,02",NA,NA,104.37,19.18683380563891,"10,07",NA,NA,104.8,14.550385065328937,NA,NA,YES,"0,004056800696",0,YES,"0,06061046512",NA,NA,NA,NA,NA,1713,Tropical Wet,5,10,TRUE,"(0,5]",-83.716667,9.88333333333333,FALSE,Beans/Maize,Alley/Hedgerow,1,A:<0/+1,Randomized Designs,Cropland,"[0,15)",TRUE,TRUE,0.004111494054981276,0.01769054662961864
466,33,466,2002,"Henriksen, I; Michelsen, A; Schlonvoigt, A",English,Article,10.1023/A:1015803618199,http://dx.doi.org/10.1023/A:1015803618199,"Here, the treatment is the SAF and the control is the Sole crop system. They measured the SOM before sawing beans, two times during the bean grow of bean, and one sample was realized after the bean's harvest. Only the sample 2 (first sample made during the bean crop) is presented here. No SD error here, it is SE,but too small to be quantified with Web plotdigitizer. The biomass is defined as the weight of the tree prunings applied to the soil, so no biomass data on the entire SAF tree has been made here. We did the conversion to carbon percentage by /1,72 for the SOC data",LMP,Cropland,Full sun,NA,Phaseolus vulgaris,1,0,1,1,Cropland,Alley cropping,Beans,till,"Phaseolus vulgaris,Gliricidia sepium",2,1,1,2,NA,NO,NA,NA,Costa Rica,9°53'N,83°43'W,9.88333333333333,-83.716667,602,2640,22,NA,Andosols,0,10,10,107,27,107,27,RCBD,7,cropland at least the 4 previous years,cropland,cropland,3,3,Fig 3,OM - sd to be estimated,%,Done,"10,02",NA,NA,104.37,19.18683380563891,"10,19",NA,NA,106.07,14.726711296559545,NA,NA,YES,"0,01612938193",0,YES,"0,2424418605",NA,NA,NA,NA,NA,1713,Tropical Wet,5,10,TRUE,"(0,5]",-83.716667,9.88333333333333,FALSE,Beans/Maize,Alley/Hedgerow,1,A:<0/+1,Randomized Designs,Cropland,"[0,15)",TRUE,TRUE,0.016156975685418462,0.01769054662961864
588,51,588,2022,"Valenzuela Que, Fabiola G.; Villanueva-Lopez, Gilberto; Alcudia-Aguilar, Alejandro; Medrano-Perez, Ojilve Ramon; Camara-Cabrales, Luisa; Martinez-Zurimendi, Pablo; Casanova-Lugo, Fernando; Raj Aryal, Deb",English,Article,10.1111/sum.12799,http://dx.doi.org/10.1111/sum.12799,The biomass data is the carbon in the biomass. This data is just for the carbon accumulated in the tree (not litter leaf for example),LMP,Grassland,Full sun,NA,Brachiaria decumbens,1,0,1,0,Grassland,SilvoPasture,Pasture,NA,"Brachiaria brizantha,Cordia alliodora,Cedrela odorata,Ceiba pentandra,Citrus sinensis,Persea americana,Mangifera indica,Bursera simaruba,Vatairea lundelliii,Garcinia intermedia,Diphysa robinioides",11,10,1,2,266,NA,NA,NA,Mexico,17°20'N,92°32'W,17.3333333333333,-92.5333333333333,50,2013.9,27.2,NA,Gleysols,0,10,10,154,83,115,83,CI,40,NA,unknown,unknown,9,18,Table 3,SE,t C ha-1,Done,"44,26","29,28","13,89",44.26,13.89,"85,42",#VALUE!,"35,21",85.42,35.21,NA,NA,YES,"0,6574989308","0,02038448383",NO,NA,NA,NA,NA,231,114,1625,Tropical Wet,5,10,TRUE,"(0,5]",-92.5333333333333,17.3333333333333,FALSE,Pasture,SilvoPasture,10,C+2+,Control-Impact Designs,Unknown/mixed,"[0,15)",FALSE,FALSE,0.6574989307904169,0.02038238315047819
589,51,589,2022,"Valenzuela Que, Fabiola G.; Villanueva-Lopez, Gilberto; Alcudia-Aguilar, Alejandro; Medrano-Perez, Ojilve Ramon; Camara-Cabrales, Luisa; Martinez-Zurimendi, Pablo; Casanova-Lugo, Fernando; Raj Aryal, Deb",English,Article,10.1111/sum.12799,http://dx.doi.org/10.1111/sum.12799,The biomass data is the carbon in the biomass. This data is just for the carbon accumulated in the tree (not litter leaf for example),LMP,Grassland,Full sun,NA,Brachiaria decumbens,1,0,1,0,Grassland,SilvoPasture,Pasture,NA,"Brachiaria brizantha,Cordia alliodora,Cedrela odorata,Ceiba pentandra,Citrus sinensis,Persea americana,Mangifera indica,Bursera simaruba,Vatairea lundelliii,Garcinia intermedia,Diphysa robinioides",11,10,1,2,266,NA,NA,NA,Mexico,17°42'N,92°55'W,17.7,-92.9166666666667,50,2013.9,27.2,NA,Cambisols,10,20,10,154,83,115,83,CI,40,NA,unknown,unknown,9,18,Table 3,SE,t C ha-1,Done,"40,00","21,69","10,29",40,10.29,"82,03",#VALUE!,"14,09",82.03,14.09,NA,NA,YES,"0,7182055799","0,008991126042",NO,NA,NA,NA,NA,264,113,1809,Tropical Wet,15,10,FALSE,"(10,15]",-92.9166666666667,17.7,FALSE,Pasture,SilvoPasture,10,C+2+,Control-Impact Designs,Unknown/mixed,"[15,30)",FALSE,FALSE,0.7182055799007222,0.00899215724532371
590,51,590,2022,"Valenzuela Que, Fabiola G.; Villanueva-Lopez, Gilberto; Alcudia-Aguilar, Alejandro; Medrano-Perez, Ojilve Ramon; Camara-Cabrales, Luisa; Martinez-Zurimendi, Pablo; Casanova-Lugo, Fernando; Raj Aryal, Deb",English,Article,10.1111/sum.12799,http://dx.doi.org/10.1111/sum.12799,The biomass data is the carbon in the biomass. This data is just for the carbon accumulated in the tree (not litter leaf for example),LMP,Grassland,Full sun,NA,Brachiaria decumbens,1,0,1,0,Grassland,SilvoPasture,Pasture,NA,"Brachiaria brizantha,Cordia alliodora,Cedrela odorata,Ceiba pentandra,Citrus sinensis,Persea americana,Mangifera indica,Bursera simaruba,Vatairea lundelliii,Garcinia intermedia,Diphysa robinioides",11,10,1,2,266,NA,NA,NA,Mexico,17°42'N,92°55'W,17.7,-92.9166666666667,50,2013.9,27.2,NA,Cambisols,20,30,10,154,83,115,83,CI,40,NA,unknown,unknown,9,18,Table 3,SE,t C ha-1,Done,"34,91","23,97","11,37",34.91,11.37,"90,00",#VALUE!,"18,88",90,18.88,NA,NA,YES,"0,9470363492","0,0142310865",NO,NA,NA,NA,NA,264,113,1809,Tropical Wet,25,10,FALSE,"(15,25]",-92.9166666666667,17.7,FALSE,Pasture,SilvoPasture,10,C+2+,Control-Impact Designs,Unknown/mixed,"[15,30)",FALSE,FALSE,0.9470363492133205,0.014231150971525717
591,51,591,2022,"Valenzuela Que, Fabiola G.; Villanueva-Lopez, Gilberto; Alcudia-Aguilar, Alejandro; Medrano-Perez, Ojilve Ramon; Camara-Cabrales, Luisa; Martinez-Zurimendi, Pablo; Casanova-Lugo, Fernando; Raj Aryal, Deb",English,Article,10.1111/sum.12799,http://dx.doi.org/10.1111/sum.12799,The biomass data is the carbon in the biomass. This data is just for the carbon accumulated in the tree (not litter leaf for example),LMP,Grassland,Full sun,NA,Brachiaria decumbens,1,0,1,0,Grassland,SilvoPasture,Pasture,NA,"Brachiaria brizantha,Cordia alliodora,Cedrela odorata,Ceiba pentandra,Citrus sinensis,Persea americana,Mangifera indica,Bursera simaruba,Vatairea lundelliii,Garcinia intermedia,Diphysa robinioides",11,10,1,2,NA,NA,NA,NA,Mexico,17°42'N,92°55'W,17.7,-92.9166666666667,50,2013.9,27.2,NA,Cambisols,0,30,30,154,83,115,83,CI,40,NA,unknown,unknown,2,2,Table 1,sd to estimate,%,Done,"1,72",NA,NA,72.87,21.050115942341563,"2,33",NA,NA,73.71,21.769759304420006,NA,NA,YES,"0,0115235027",#VALUE!,NO,NA,NA,NA,NA,264,113,1809,Tropical Wet,15,30,TRUE,"(10,15]",-92.9166666666667,17.7,FALSE,Pasture,SilvoPasture,10,C+2+,Control-Impact Designs,Unknown/mixed,"[15,30)",TRUE,TRUE,0.01146144351900638,0.08533742003025098
592,52,592,2021,"Luis Contreras-Santos, Jose; Martinez-Atencia, Judith; Raghavan, Bindu; Lopez-Rebolledo, Leonardo; Garrido-Pineda, Jeyson",Spanish,Article,10.15517/am.v32i3.43313,http://dx.doi.org/10.15517/am.v32i3.43313,"The tree density was initially 816 trees.ha-1, after 6 years of sawing the trees, in 2012, there was a clearing of 30% in the plantation (571 trees.ha-1 left). We didn't take the error bars, because no information was given about them, we don't know if they are SE or SD",LMP,Grassland,Full sun,NA,Megathyrsus maximus,1,0,1,0,Grassland,SilvoPasture,Pasture,NA,"Megathyrsus maximus,Tectona grandis",2,1,1,0,816,NA,NA,NA,Colombia,8°50'N,75°47'W,8.83333333333333,-75.7833333333333,15,1200,28,NA,Cambisols,0,25,25,134,95,134,95,RCBD,7,NA,forest,forest,3,3,Figure 4,NA,t C ha-1,Done,"34,52","1,08","1,08",34.52,1.08,"38,76","1,18","1,18",38.76,1.18,NA,NA,YES,"0,115898021","0,0006336959383",YES,"0,6059433529",NA,NA,NA,277,94,1733,Tropical Moist,12.5,25,TRUE,"(10,15]",-75.7833333333333,8.83333333333333,FALSE,Pasture,SilvoPasture,1,A:<0/+1,Randomized Designs,Forest,"[0,15)",FALSE,FALSE,0.11584992080733811,6.35216432925755e-4
593,52,593,2021,"Luis Contreras-Santos, Jose; Martinez-Atencia, Judith; Raghavan, Bindu; Lopez-Rebolledo, Leonardo; Garrido-Pineda, Jeyson",Spanish,Article,10.15517/am.v32i3.43313,http://dx.doi.org/10.15517/am.v32i3.43313,"The tree density was initially 816 trees.ha-1, after 6 years of sawing the trees, in 2012, there was a clearing of 30% in the plantation (571 trees.ha-1 left). We didn't take the error bars, because no information was given about them, we don't know if they are SE or SD",LMP,Grassland,Full sun,NA,Megathyrsus maximus,1,0,1,0,Grassland,SilvoPasture,Pasture,NA,"Megathyrsus maximus,Tabebuia rosea",2,1,1,0,816,NA,NA,NA,Colombia,8°50'N,75°47'W,8.83333333333333,-75.7833333333333,15,1200,28,NA,Cambisols,0,25,25,134,95,134,95,RCBD,7,NA,forest,forest,3,3,Figure 4,NA,t C ha-1,Done,"34,52","1,08","1,08",34.52,1.08,"33,69","4,16","4,16",33.69,4.16,NA,NA,YES,"-0,02430426998","0,005408936339",YES,"-0,1184027243",NA,NA,NA,277,94,1733,Tropical Moist,12.5,25,TRUE,"(10,15]",-75.7833333333333,8.83333333333333,FALSE,Pasture,SilvoPasture,1,A:<0/+1,Randomized Designs,Forest,"[0,15)",FALSE,FALSE,-0.024337808796765812,0.005408611794149054
594,52,594,2021,"Luis Contreras-Santos, Jose; Martinez-Atencia, Judith; Raghavan, Bindu; Lopez-Rebolledo, Leonardo; Garrido-Pineda, Jeyson",Spanish,Article,10.15517/am.v32i3.43313,http://dx.doi.org/10.15517/am.v32i3.43313,"The tree density was initially 816 trees.ha-1, after 6 years of sawing the trees, in 2012, there was a clearing of 30% in the plantation (571 trees.ha-1 left). We didn't take the error bars, because no information was given about them, we don't know if they are SE or SD",LMP,Grassland,Full sun,NA,Megathyrsus maximus,1,0,1,0,Grassland,SilvoPasture,Pasture,NA,"Megathyrsus maximus,Pachira quinata",2,1,1,0,816,NA,NA,NA,Colombia,8°50'N,75°47'W,8.83333333333333,-75.7833333333333,15,1200,28,NA,Andosols,0,25,25,134,95,134,95,RCBD,7,NA,forest,forest,3,3,Figure 4,NA,t C ha-1,Done,"34,52","1,08","1,08",34.52,1.08,"33,01","0,45","0,45",33.01,0.45,NA,NA,YES,"-0,04477282084","0,0003882748682",YES,"-0,21591085",NA,NA,NA,277,94,1733,Tropical Moist,12.5,25,TRUE,"(10,15]",-75.7833333333333,8.83333333333333,FALSE,Pasture,SilvoPasture,1,A:<0/+1,Randomized Designs,Forest,"[0,15)",FALSE,FALSE,-0.044728320350125736,3.882215864006051e-4
595,52,595,2021,"Luis Contreras-Santos, Jose; Martinez-Atencia, Judith; Raghavan, Bindu; Lopez-Rebolledo, Leonardo; Garrido-Pineda, Jeyson",Spanish,Article,10.15517/am.v32i3.43313,http://dx.doi.org/10.15517/am.v32i3.43313,"The tree density was initially 816 trees.ha-1, after 6 years of sawing the trees, in 2012, there was a clearing of 30% in the plantation (571 trees.ha-1 left). We didn't take the error bars, because no information was given about them, we don't know if they are SE or SD",LMP,Grassland,Full sun,NA,Megathyrsus maximus,1,0,1,0,Grassland,SilvoPasture,Pasture,NA,"Megathyrsus maximus,Acacia mangium",2,1,1,0,816,NA,NA,NA,Colombia,8°50'N,75°47'W,8.83333333333333,-75.7833333333333,15,1200,28,NA,Andosols,0,25,25,134,95,134,95,RCBD,7,NA,forest,forest,3,3,Figure 4,NA,t C ha-1,Done,"34,52","1,08","1,08",34.52,1.08,"39,88","2,08","2,08",39.88,2.08,NA,NA,YES,"0,1444182429","0,001233044134",YES,"0,7661352729",NA,NA,NA,277,94,1733,Tropical Moist,12.5,25,TRUE,"(10,15]",-75.7833333333333,8.83333333333333,FALSE,Pasture,SilvoPasture,1,A:<0/+1,Randomized Designs,Forest,"[0,15)",FALSE,FALSE,0.14433607887841027,0.0012330414310415222
608,54,608,2020,"Vasquez, Hector V.; Valqui, Leandro; Alegre, Julio C.; Gomez, Carlos; Maicelo, Jorge L.",Spanish,Article,10.17268/sci.agropecu.2020.02.03,http://dx.doi.org/10.17268/sci.agropecu.2020.02.03,"The age of the SAF is the age of the sampled trees for the biomass (more than 40 trees sampled each time). Biomass data is carbon contained in biomass, and the biomass has been calculated for trees + herbaceous",LMP,Grassland,Full sun,NA,"Lolium multiflorum,Lolium perenne,Pennisetum clandestinum,Dactylis glomerata,Paspalidium sp.,Setaria sphacelata,Paspalum racemosum,Trifolium repens,Paspalum bonplandianum",9,0,9,1,Grassland,SilvoPasture,Pasture,NA,"Lolium multiflorum,Lolium perenne,Pennisetum clandestinum,Dactylis glomerata,Paspalidium sp..,Setaria sphacelata,Paspalum racemosum,Trifolium repens,Paspalum bonplandianum,Alnus acuminata",10,1,8,2,NA,NA,NA,NA,Peru,"6°12,33'S","77°40,1'W",-6.2056,-77.6683,2400,1200,14.5,NA,Andosols,0,30,30,79,112,79,112,CI,10,NA,unknown,unknown,3,3,Table 3,NA,t C ha-1,Done,"129,61","8,77","8,77",129.61,8.77,"101,30","5,96","5,96",101.3,5.96,NA,NA,YES,"-0,2464435302","0,002680020989",YES,"-3,53875",NA,NA,NA,NA,NA,1713,Tropical Montane,15,30,TRUE,"(10,15]",-77.6683,-6.2056,FALSE,Pasture,SilvoPasture,1,A:<0/+1,Control-Impact Designs,Unknown/mixed,"[15,30)",FALSE,FALSE,-0.24644353018064621,0.0026800209889327057
609,54,609,2020,"Vasquez, Hector V.; Valqui, Leandro; Alegre, Julio C.; Gomez, Carlos; Maicelo, Jorge L.",Spanish,Article,10.17268/sci.agropecu.2020.02.03,http://dx.doi.org/10.17268/sci.agropecu.2020.02.03,"The age of the SAF is the age of the sampled trees for the biomass (more than 40 trees sampled each time). Biomass data is carbon contained in biomass, and the biomass has been calculated for trees + herbaceous",LMP,Grassland,Full sun,NA,"Lolium multiflorum,Lolium perenne,Pennisetum clandestinum,Dactylis glomerata,Paspalidium sp.,Setaria sphacelata,Paspalum racemosum,Trifolium repens,Paspalum bonplandianum",9,0,9,1,Grassland,SilvoPasture,Pasture,NA,"Lolium multiflorum,Lolium perenne,Pennisetum clandestinum,Dactylis glomerata,Paspalidium sp..,Setaria sphacelata,Paspalum racemosum,Trifolium repens,Paspalum bonplandianum,Pinus patula",10,1,8,1,NA,NA,NA,NA,Peru,"6°12,33'S","77°40,1'W",-6.2056,-77.6683,2400,1200,14.5,NA,Andosols,0,30,30,79,112,79,112,CI,12.5,NA,unknown,unknown,3,3,Table 3,NA,t C ha-1,Done,"129,61","8,77","8,77",129.61,8.77,"149,05","15,27","15,27",149.05,15.27,NA,NA,YES,"0,1397518787","0,005024751421",YES,"1,767272727",NA,NA,NA,NA,NA,1713,Tropical Montane,15,30,TRUE,"(10,15]",-77.6683,-6.2056,FALSE,Pasture,SilvoPasture,1,A:<0/+1,Control-Impact Designs,Unknown/mixed,"[15,30)",FALSE,FALSE,0.13975187868879668,0.005024751421020554
610,54,610,2020,"Vasquez, Hector V.; Valqui, Leandro; Alegre, Julio C.; Gomez, Carlos; Maicelo, Jorge L.",Spanish,Article,10.17268/sci.agropecu.2020.02.03,http://dx.doi.org/10.17268/sci.agropecu.2020.02.03,"The age of the SAF is the age of the sampled trees for the biomass (more than 40 trees sampled each time). Biomass data is carbon contained in biomass, and the biomass has been calculated for trees + herbaceous",LMP,Grassland,Full sun,NA,"Lolium multiflorum,Lolium perenne,Pennisetum clandestinum,Dactylis glomerata,Paspalidium sp.,Setaria sphacelata,Paspalum racemosum,Trifolium repens,Paspalum bonplandianum",9,0,9,1,Grassland,SilvoPasture,Pasture,NA,"Lolium multiflorum,Lolium perenne,Pennisetum clandestinum,Dactylis glomerata,Paspalidium sp..,Setaria sphacelata,Paspalum racemosum,Trifolium repens,Paspalum bonplandianum,Cupressus macrocarpa",10,1,8,1,NA,NA,NA,NA,Peru,"6°12,33'S","77°40,1'W",-6.2056,-77.6683,2400,1200,14.5,NA,Cambisols,0,30,30,79,112,79,112,CI,12.5,NA,unknown,unknown,3,3,Table 3,NA,t C ha-1,Done,"129,61","8,77","8,77",129.61,8.77,"117,28","8,19","8,19",117.28,8.19,NA,NA,YES,"-0,0999657033","0,00315170661",YES,"-1,120909091",NA,NA,NA,NA,NA,1713,Tropical Montane,15,30,TRUE,"(10,15]",-77.6683,-6.2056,FALSE,Pasture,SilvoPasture,1,A:<0/+1,Control-Impact Designs,Unknown/mixed,"[15,30)",FALSE,FALSE,-0.09996570329694247,0.003151706609840655
611,54,611,2020,"Vasquez, Hector V.; Valqui, Leandro; Alegre, Julio C.; Gomez, Carlos; Maicelo, Jorge L.",Spanish,Article,10.17268/sci.agropecu.2020.02.03,http://dx.doi.org/10.17268/sci.agropecu.2020.02.03,"The age of the SAF is the age of the sampled trees for the biomass (more than 40 trees sampled each time). Biomass data is carbon contained in biomass, and the biomass has been calculated for trees + herbaceous",LMP,Grassland,Full sun,NA,"Lolium multiflorum,Lolium perenne,Pennisetum clandestinum,Dactylis glomerata,Paspalidium sp.,Setaria sphacelata,Paspalum racemosum,Trifolium repens,Paspalum bonplandianum",9,0,9,1,Grassland,SilvoPasture,Pasture,NA,"Lolium multiflorum,Lolium perenne,Pennisetum clandestinum,Dactylis glomerata,Paspalidium sp..,Setaria sphacelata,Paspalum racemosum,Trifolium repens,Paspalum bonplandianum,Ceroxylon quindiuense",10,1,8,1,NA,NA,NA,NA,Peru,"6°12,33'S","77°40,1'W",-6.2056,-77.6683,2400,1200,14.5,NA,Cambisols,0,30,30,79,112,79,112,CI,12.6820185614849,NA,unknown,unknown,3,3,Table 3,NA,t C ha-1,Done,"129,61","8,77","8,77",129.61,8.77,"121,63","5,22","5,22",121.63,5.22,NA,NA,YES,"-0,0635462918","0,002140120507",YES,"-0,1064",NA,NA,NA,NA,NA,1713,Tropical Montane,15,30,TRUE,"(10,15]",-77.6683,-6.2056,FALSE,Pasture,SilvoPasture,1,A:<0/+1,Control-Impact Designs,Unknown/mixed,"[15,30)",FALSE,FALSE,-0.06354629180493883,0.002140120506910438
612,58,612,2014,"Villanueva-Lopez, Gilberto; Martinez-Zurimendi, Pablo; Ramirez-Aviles, Luis; Casanova-Lugo, Fernando; Jarquin-Sanchez, Aaron",English,Article,NA,https://www.scielo.cl/scielo.php?script=sci_arttext&pid=S0718-16202014000200004,The SOC data is the carbon content in %,LMP,Grassland,Full sun,NA,Brachiaria decumbens,1,0,1,0,Grassland,Hedgerow,Pasture,NA,"Brachiaria decumbens,Gliricidia sepium",3,1,2,1,NA,NA,NA,NA,Mexico,17°20'N,92°32'W,17.333333,-92.533333,50,3500,25,NA,Cambisols,0,10,10,150,120,130,120,CI,31,NA,unknown,unknown,3,3,Table 2,OM,%,Done,"2,90","0,29","0,17",38.28,2.23,"3,30","0,31","0,18",37.75,2.06,NA,NA,YES,"-0,01388911216","0,002121034989",YES,"-0,01703225806",NA,NA,NA,NA,NA,1713,Tropical Wet,5,10,TRUE,"(0,5]",-92.533333,17.333333,FALSE,Pasture,Alley/Hedgerow,2,C+2+,Control-Impact Designs,Unknown/mixed,"[0,15)",FALSE,FALSE,-0.01394209088971983,0.0021238250231459914
613,58,613,2014,"Villanueva-Lopez, Gilberto; Martinez-Zurimendi, Pablo; Ramirez-Aviles, Luis; Casanova-Lugo, Fernando; Jarquin-Sanchez, Aaron",English,Article,NA,https://www.scielo.cl/scielo.php?script=sci_arttext&pid=S0718-16202014000200004,The SOC data is the carbon content in %,LMP,Grassland,Full sun,NA,Brachiaria decumbens,1,0,1,0,Grassland,Hedgerow,Pasture,NA,"Brachiaria decumbens,Gliricidia sepium",3,1,2,1,NA,NA,NA,NA,Mexico,17°20'N,92°32'W,17.333333,-92.533333,50,3500,25,NA,Cambisols,10,20,10,150,120,130,120,CI,31,NA,unknown,unknown,3,3,Table 2,OM,%,Done,"2,60","0,21","0,12",34.32,1.61,"2,40","0,27","0,16",27.46,1.8,NA,NA,YES,"-0,2231435513","0,002161068893",YES,"-0,2214193548",NA,NA,NA,NA,NA,1713,Tropical Wet,15,10,FALSE,"(10,15]",-92.533333,17.333333,FALSE,Pasture,Alley/Hedgerow,2,C+2+,Control-Impact Designs,Unknown/mixed,"[15,30)",FALSE,FALSE,-0.2229978742799365,0.0021658232277040807
614,58,614,2014,"Villanueva-Lopez, Gilberto; Martinez-Zurimendi, Pablo; Ramirez-Aviles, Luis; Casanova-Lugo, Fernando; Jarquin-Sanchez, Aaron",English,Article,NA,https://www.scielo.cl/scielo.php?script=sci_arttext&pid=S0718-16202014000200004,The SOC data is the carbon content in %,LMP,Grassland,Full sun,NA,Brachiaria decumbens,1,0,1,0,Grassland,Hedgerow,Pasture,NA,"Brachiaria decumbens,Gliricidia sepium",3,1,2,1,NA,NA,NA,NA,Mexico,17°20'N,92°32'W,17.333333,-92.533333,50,3500,25,NA,Cambisols,20,30,10,150,120,130,120,CI,31,NA,unknown,unknown,3,3,Table 2,OM,%,Done,"2,30","0,24","0,14",30.36,1.84,"2,70","0,29","0,17",30.89,1.93,NA,NA,YES,"0,01724180643","0,00252668334",YES,"0,01703225806",NA,NA,NA,NA,NA,1713,Tropical Wet,25,10,FALSE,"(15,25]",-92.533333,17.333333,FALSE,Pasture,Alley/Hedgerow,2,C+2+,Control-Impact Designs,Unknown/mixed,"[15,30)",FALSE,FALSE,0.017306554403061097,0.0025256052853068747
623,65,623,2006,"Augustine C.M.J., Vogt K.A., Harrison R.B., Hunsaker H.M.",English,Article,10.1300/J091v23n04_04,https://www.scopus.com/inward/record.uri?eid=2-s2.0-33947423290&doi=10.1300%2fJ091v23n04_04&partnerID=40&md5=a0eda85ab4e773c676cc3406a1e2f3c1,"The article presents 3 sites, Site 1: alley cropped maize and non alley cropped maize, Site 2 is fallow with the shade tree, compared to a non alley cropped maize, site 3 is a allez cropped Pasture versus a non alley cropped Pasture. I chose to not include the site 2 even though it had been a alley cropped maize for the previous 2 years. The SOC data is OM% we converted it in carbon percentage by /1,72",LMP,Cropland,Full sun,NA,zea mays,1,0,1,0,Cropland,Alley cropping,Maize,NA,"zea mays,Gliricidia sepium",2,1,1,1,"333,3333333",NA,NA,NA,Guatemala,14°42'N,89°27'W,14.7,-89.45,823,750,19,NA,Vertisols,0,20,20,125,111,125,111,CI,3.5,maize or uncultivated Pasture,cropland,cropland,1,1,Figure 1,OM - sd to estimate,%,Done,"1,64",NA,NA,36.35,10.50050383565412,"2,21",NA,NA,49.21,14.533846905040138,NA,NA,YES,"0,3028001905",0,YES,"3,214090287",NA,NA,NA,223,103,1790,Tropical Dry,10,20,TRUE,"(5,10]",-89.45,14.7,FALSE,Beans/Maize,Alley/Hedgerow,1,A:<0/+1,Control-Impact Designs,Cropland,"[0,15)",TRUE,TRUE,0.30290265089835844,0.17067484006050193
624,65,624,2006,"Augustine C.M.J., Vogt K.A., Harrison R.B., Hunsaker H.M.",English,Article,10.1300/J091v23n04_04,https://www.scopus.com/inward/record.uri?eid=2-s2.0-33947423290&doi=10.1300%2fJ091v23n04_04&partnerID=40&md5=a0eda85ab4e773c676cc3406a1e2f3c1,"The article presents 3 sites, Site 1: alley cropped maize and non alley cropped maize, Site 2 is fallow with the shade tree, compared to a non alley cropped maize, site 3 is a allez cropped Pasture versus a non alley cropped Pasture. I chose to not include the site 2 even though it had been a alley cropped maize for the previous 2 years. The SOC data is OM% we converted it in carbon percentage by /1,72",LMP,Grassland,Full sun,NA,Pasture,3,0,3,0,Grassland,SilvoPasture,Pasture,NA,"Pasture,Gliricidia sepium",4,1,3,1,"333,3333333",NA,NA,NA,Guatemala,14°42'N,89°27'W,14.7,-89.45,899,750,19,NA,Vertisols,0,20,20,125,111,125,111,CI,3.5,maize or uncultivated Pasture,cropland,cropland,1,1,Figure 1,OM - sd to estimate,%,Done,"1,77",NA,NA,39.31,11.355565495998995,"2,18",NA,NA,48.52,14.330059984404542,NA,NA,YES,"0,2104668554",0,YES,"2,301983584",NA,NA,NA,223,103,1790,Tropical Dry,10,20,TRUE,"(5,10]",-89.45,14.7,FALSE,Pasture,SilvoPasture,1,A:<0/+1,Control-Impact Designs,Cropland,"[0,15)",TRUE,TRUE,0.2104971446420804,0.17067484006050193
625,65,625,2006,"Augustine C.M.J., Vogt K.A., Harrison R.B., Hunsaker H.M.",English,Article,10.1300/J091v23n04_04,https://www.scopus.com/inward/record.uri?eid=2-s2.0-33947423290&doi=10.1300%2fJ091v23n04_04&partnerID=40&md5=a0eda85ab4e773c676cc3406a1e2f3c1,"The article presents 3 sites, Site 1: alley cropped maize and non alley cropped maize, Site 2 is fallow with the shade tree, compared to a non alley cropped maize, site 3 is a allez cropped Pasture versus a non alley cropped Pasture. I chose to not include the site 2 even though it had been a alley cropped maize for the previous 2 years. The SOC data is OM% we converted it in carbon percentage by /1,72",LMP,Grassland,Full sun,NA,Pasture,3,0,3,0,Grassland,SilvoPasture,Pasture,NA,"Pasture,Gliricidia sepium",4,1,3,1,"444,4444444",NA,NA,NA,Guatemala,14°42'N,89°27'W,14.7,-89.45,899,750,19,NA,Vertisols,0,20,20,125,111,125,111,CI,3.5,maize or uncultivated Pasture,cropland,cropland,1,1,Figure 1,OM - sd to estimate,%,Done,"2,18",NA,NA,48.34,13.964081304415961,"3,03",NA,NA,67.28,19.87070147878684,NA,NA,YES,"0,3305504891",0,YES,"4,734268126",NA,NA,NA,223,103,1790,Tropical Dry,10,20,TRUE,"(5,10]",-89.45,14.7,FALSE,Pasture,SilvoPasture,1,A:<0/+1,Control-Impact Designs,Cropland,"[0,15)",TRUE,TRUE,0.3306036403893555,0.17067484006050193
638,74,638,2017,"Bravo C., Ramírez A., Marín H., Torres B., Alemán R., Torres R., Navarrete H., Changoluisa D.",Spanish,Article,NA,https://www.scopus.com/inward/record.uri?eid=2-s2.0-85040364324&partnerID=40&md5=a2d0301b4ae36b9f6eb8e36f26f1a259,The SAF cacao is a chakra system. No information about the trees. Carbon data is COT : Total organic carbon,LMP,Cropland,Full sun,NA,Theobroma cacao,1,1,0,0,Cropland,Shaded perennial,Cocoa,NA,"Theobroma cacao,Trees",2,2,0,0,NA,NA,NA,NA,Ecuador,1°29'S,77°40'W,-1.48333333333333,-77.6666666666667,550,3481.7,24.4,NA,Ferralsols,0,10,10,104,129,104,129,CI,9,NA,unknown,unknown,2,2,Table 1,sd to estimate,%,Done,"6,76",NA,NA,61.23,17.68764373747185,"12,40",NA,NA,112.32,33.1729665591162,NA,NA,YES,"0,6066735826",#VALUE!,NO,NA,NA,NA,NA,219,99,1127,Tropical Wet,5,10,TRUE,"(0,5]",-77.6666666666667,-1.48333333333333,TRUE,Cocoa/Coffee,Shaded perennial,1,A:<0/+1,Control-Impact Designs,Unknown/mixed,"[0,15)",TRUE,TRUE,0.6067146747876379,0.08533742003025097
639,74,639,2017,"Bravo C., Ramírez A., Marín H., Torres B., Alemán R., Torres R., Navarrete H., Changoluisa D.",Spanish,Article,NA,https://www.scopus.com/inward/record.uri?eid=2-s2.0-85040364324&partnerID=40&md5=a2d0301b4ae36b9f6eb8e36f26f1a259,The SAF cacao is a chakra system. No information about the trees. Carbon data is COT : Total organic carbon,LMP,Grassland,Full sun,NA,Axonopus scoparius,1,0,1,0,Grassland,SilvoPasture,Pasture,NA,"Axonopus scoparius,Trees",2,1,1,0,NA,NA,NA,NA,Ecuador,1°29'S,77°40'W,-1.48333333333333,-77.6666666666667,550,3481.7,24.4,NA,Acrisols,0,10,10,104,129,104,129,CI,9,NA,unknown,unknown,2,2,Table 1,sd to estimate,%,Done,"13,88",NA,NA,125.73,36.319899511878745,"11,83",NA,NA,107.16,31.648994804797827,NA,NA,YES,"-0,1598102771",#VALUE!,NO,NA,NA,NA,NA,219,99,1127,Tropical Wet,5,10,TRUE,"(0,5]",-77.6666666666667,-1.48333333333333,TRUE,Pasture,SilvoPasture,1,A:<0/+1,Control-Impact Designs,Unknown/mixed,"[0,15)",TRUE,TRUE,-0.1598137059286819,0.08533742003025097
640,74,640,2017,"Bravo C., Ramírez A., Marín H., Torres B., Alemán R., Torres R., Navarrete H., Changoluisa D.",Spanish,Article,NA,https://www.scopus.com/inward/record.uri?eid=2-s2.0-85040364324&partnerID=40&md5=a2d0301b4ae36b9f6eb8e36f26f1a259,The SAF cacao is a chakra system. No information about the trees. Carbon data is COT : Total organic carbon,LMP,Grassland,Full sun,NA,Paspalum dilatatum,1,0,1,0,Grassland,SilvoPasture,Pasture,NA,"Paspalum dilatatum,Trees",2,1,1,0,NA,NA,NA,NA,Ecuador,1°29'S,77°40'W,-1.48333333333333,-77.6666666666667,550,3481.7,24.4,NA,Acrisols,0,10,10,104,129,104,129,CI,9,NA,unknown,unknown,2,2,Table 1,sd to estimate,%,Done,"8,59",NA,NA,77.81,22.477144524133344,"9,84",NA,NA,89.13,26.323953965580724,NA,NA,YES,"0,1358569751",#VALUE!,NO,NA,NA,NA,NA,219,99,1127,Tropical Wet,5,10,TRUE,"(0,5]",-77.6666666666667,-1.48333333333333,TRUE,Pasture,SilvoPasture,1,A:<0/+1,Control-Impact Designs,Unknown/mixed,"[0,15)",TRUE,TRUE,0.1358260205137871,0.08533742003025098
647,74,647,2017,"Bravo C., Ramírez A., Marín H., Torres B., Alemán R., Torres R., Navarrete H., Changoluisa D.",Spanish,Article,NA,https://www.scopus.com/inward/record.uri?eid=2-s2.0-85040364324&partnerID=40&md5=a2d0301b4ae36b9f6eb8e36f26f1a259,The SAF cacao is a chakra system. No information about the trees. Carbon data is COT : Total organic carbon,LMP,Cropland,Full sun,NA,Theobroma cacao,1,1,0,0,Cropland,Shaded perennial,Cocoa,NA,"Theobroma cacao,Trees",2,2,0,0,NA,NA,NA,NA,Ecuador,1°29'S,77°40'W,-1.48333333333333,-77.6666666666667,550,3481.7,24.4,NA,Ferralsols,10,30,20,104,129,104,129,CI,9,NA,unknown,unknown,2,2,Table 2,sd to estimate,%,Done,"2,25",NA,NA,40.76,11.774430160694962,"5,23",NA,NA,94.75,27.983783666989495,NA,NA,YES,"0,8434810619",#VALUE!,NO,NA,NA,NA,NA,219,99,1127,Tropical Wet,20,20,FALSE,"(15,25]",-77.6666666666667,-1.48333333333333,TRUE,Cocoa/Coffee,Shaded perennial,1,A:<0/+1,Control-Impact Designs,Unknown/mixed,"[15,30)",TRUE,TRUE,0.8435406356080116,0.08533742003025097
648,74,648,2017,"Bravo C., Ramírez A., Marín H., Torres B., Alemán R., Torres R., Navarrete H., Changoluisa D.",Spanish,Article,NA,https://www.scopus.com/inward/record.uri?eid=2-s2.0-85040364324&partnerID=40&md5=a2d0301b4ae36b9f6eb8e36f26f1a259,The SAF cacao is a chakra system. No information about the trees. Carbon data is COT : Total organic carbon,LMP,Grassland,Full sun,NA,Axonopus scoparius,1,0,1,0,Grassland,SilvoPasture,Pasture,NA,"Axonopus scoparius,Trees",2,1,1,0,NA,NA,NA,NA,Ecuador,1°29'S,77°40'W,-1.48333333333333,-77.6666666666667,550,3481.7,24.4,NA,Acrisols,10,30,20,104,129,104,129,CI,9,NA,unknown,unknown,2,2,Table 2,sd to estimate,%,Done,"7,33",NA,NA,132.8,38.36222584249978,"5,66",NA,NA,102.54,30.284508466629056,NA,NA,YES,"-0,2585516237",#VALUE!,NO,NA,NA,NA,NA,219,99,1127,Tropical Wet,20,20,FALSE,"(15,25]",-77.6666666666667,-1.48333333333333,TRUE,Pasture,SilvoPasture,1,A:<0/+1,Control-Impact Designs,Unknown/mixed,"[15,30)",TRUE,TRUE,-0.2585912706867789,0.08533742003025097
649,74,649,2017,"Bravo C., Ramírez A., Marín H., Torres B., Alemán R., Torres R., Navarrete H., Changoluisa D.",Spanish,Article,NA,https://www.scopus.com/inward/record.uri?eid=2-s2.0-85040364324&partnerID=40&md5=a2d0301b4ae36b9f6eb8e36f26f1a259,The SAF cacao is a chakra system. No information about the trees. Carbon data is COT : Total organic carbon,LMP,Grassland,Full sun,NA,Paspalum dilatatum,1,0,1,0,Grassland,SilvoPasture,Pasture,NA,"Paspalum dilatatum,Trees",2,1,1,0,NA,NA,NA,NA,Ecuador,1°29'S,77°40'W,-1.48333333333333,-77.6666666666667,550,3481.7,24.4,NA,Acrisols,10,30,20,104,129,104,129,CI,9,NA,unknown,unknown,2,2,Table 2,sd to estimate,%,Done,"4,58",NA,NA,82.97,23.967724986085894,"6,01",NA,NA,108.88,32.156985389570615,NA,NA,YES,"0,2717257504",#VALUE!,NO,NA,NA,NA,NA,219,99,1127,Tropical Wet,20,20,FALSE,"(15,25]",-77.6666666666667,-1.48333333333333,TRUE,Pasture,SilvoPasture,1,A:<0/+1,Control-Impact Designs,Unknown/mixed,"[15,30)",TRUE,TRUE,0.27176726166701665,0.08533742003025097
656,78,656,2020,"Solis R., Vallejos-Torres G., Arévalo L., Marín-Díaz J., Ñique-Alvarez M., Engedal T., Bruun T.B.",English,Article,10.1017/S002185962000074X,https://www.scopus.com/inward/record.uri?eid=2-s2.0-85094979604&doi=10.1017%2fS002185962000074X&partnerID=40&md5=752e0467bdc3e4a5396892691e9a874e,SOC data and biomass data is the carbon stock in the soil for soc and in the trees and the coffee plants for the biomass data. No information about the error bars so we chose to not take them.,LMP,Cropland,Full sun,NA,Coffea arabica,1,1,0,0,Cropland,Shaded perennial,Coffee,NA,"Coffea arabica,Inga edulis,Inga ruiziana",3,3,0,2,730,NO,NA,NA,Peru,NA,NA,-6.4,-76.7,845,1800,25,NA,Ferralsols,0,10,10,126,0,126,0,CI,12.6820185614849,"Maize, banana",forest,cropland,3,3,Fig 4,NA,t C ha-1,Done,"45,41","7,19","7,19",45.41,7.19,"50,87","6,49","6,49",50.87,6.49,NA,NA,YES,"0,1136593184","0,01378374191",YES,"0,4968604964",NA,NA,NA,NA,NA,1713,Tropical Moist,5,10,TRUE,"(0,5]",-76.7,-6.4,FALSE,Cocoa/Coffee,Shaded perennial,2,C+2+,Control-Impact Designs,Unknown/mixed,"[0,15)",FALSE,FALSE,0.1135410137248139,0.013782236352955142
657,78,657,2020,"Solis R., Vallejos-Torres G., Arévalo L., Marín-Díaz J., Ñique-Alvarez M., Engedal T., Bruun T.B.",English,Article,10.1017/S002185962000074X,https://www.scopus.com/inward/record.uri?eid=2-s2.0-85094979604&doi=10.1017%2fS002185962000074X&partnerID=40&md5=752e0467bdc3e4a5396892691e9a874e,SOC data and biomass data is the carbon stock in the soil for soc and in the trees and the coffee plants for the biomass data.,LMP,Cropland,Full sun,NA,Coffea arabica,1,1,0,0,Cropland,Shaded perennial,Coffee,NA,"Coffea arabica,Inga edulis,Inga ruiziana",3,3,0,2,730,NO,NA,NA,Peru,NA,NA,-6.4,-76.7,845,1800,25,NA,Ferralsols,10,30,20,126,0,126,0,CI,12.6820185614849,"Maize, banana",forest,cropland,3,3,Fig 4,NA,t C ha-1,Done,"32,06","7,54","7,54",32.06,7.54,"36,16","7,89","7,89",36.16,7.89,NA,NA,YES,"0,1203298808","0,03431389861",YES,"0,3726453727",NA,NA,NA,NA,NA,1713,Tropical Moist,20,20,FALSE,"(15,25]",-76.7,-6.4,FALSE,Cocoa/Coffee,Shaded perennial,2,C+2+,Control-Impact Designs,Unknown/mixed,"[15,30)",FALSE,FALSE,0.12034438834256868,0.03430713875626994
658,78,658,2020,"Solis R., Vallejos-Torres G., Arévalo L., Marín-Díaz J., Ñique-Alvarez M., Engedal T., Bruun T.B.",English,Article,10.1017/S002185962000074X,https://www.scopus.com/inward/record.uri?eid=2-s2.0-85094979604&doi=10.1017%2fS002185962000074X&partnerID=40&md5=752e0467bdc3e4a5396892691e9a874e,SOC data and biomass data is the carbon stock in the soil for soc and in the trees and the coffee plants for the biomass data.,LMP,Cropland,Full sun,NA,Coffea arabica,1,1,0,0,Cropland,Shaded perennial,Coffee,NA,"Coffea arabica,Inga edulis,Inga ruiziana",3,3,0,2,730,NO,NA,NA,Peru,NA,NA,-6.4,-76.7,845,1800,25,NA,Ferralsols,30,60,30,126,0,126,0,CI,12.6820185614849,"Maize, banana",forest,cropland,3,3,Fig 4,NA,t C ha-1,Done,"31,43","7,19","7,19",31.43,7.19,"33,32","8,07","8,07",33.32,8.07,NA,NA,YES,"0,05845820042","0,03700311838",YES,"0,1719901718",NA,NA,NA,NA,NA,1713,Tropical Moist,45,30,FALSE,"(25,50]",-76.7,-6.4,FALSE,Cocoa/Coffee,Shaded perennial,2,C+2+,Control-Impact Designs,Unknown/mixed,"[45,55)",FALSE,FALSE,0.05839496648916575,0.036997177079877194
659,78,659,2020,"Solis R., Vallejos-Torres G., Arévalo L., Marín-Díaz J., Ñique-Alvarez M., Engedal T., Bruun T.B.",English,Article,10.1017/S002185962000074X,https://www.scopus.com/inward/record.uri?eid=2-s2.0-85094979604&doi=10.1017%2fS002185962000074X&partnerID=40&md5=752e0467bdc3e4a5396892691e9a874e,SOC data and biomass data is the carbon stock in the soil for soc and in the trees and the coffee plants for the biomass data.,LMP,Cropland,Full sun,NA,Coffea arabica,1,1,0,0,Cropland,Multistrata system,"Cocoa, Coffee",NA,"Coffea arabica,Cedrela odorata,Theobroma cacao,Vitex cimosa,Mangifera indica,Aniba amazonica,Ceiba pentandra,Inga edulis,Guarea guidonia,Ficus insipida,Terminalia oblonga,Swietenia macrophylla,Brosimum alicastrum,Persea americana,Apuleia leiocarpa,Sickingia williamsii,Schizolobium amazonicum,Acrocarpus fraxinifolius,Erythrina sp,Inga ruiziana,Colubrina glandulosa,Syzygium jambos",22,22,0,5,"633,3333333",NO,NA,NA,Peru,NA,NA,-6.4,-76.7,845,1800,25,NA,Ferralsols,0,10,10,126,0,126,0,CI,12.6820185614849,Secondary Forest,forest,forest,3,3,Fig 4,NA,t C ha-1,Done,"45,41","6,49","6,49",45.41,6.49,"54,65","4,03","4,03",54.65,4.03,NA,NA,YES,"0,1854032231","0,008622411218",YES,"1,088146969",NA,NA,NA,NA,NA,1713,Tropical Moist,5,10,TRUE,"(0,5]",-76.7,-6.4,FALSE,Cocoa/Coffee,Multistrata system,21,C+2+,Control-Impact Designs,Forest,"[0,15)",FALSE,FALSE,0.18521686951268787,0.008621341926470035
660,78,660,2020,"Solis R., Vallejos-Torres G., Arévalo L., Marín-Díaz J., Ñique-Alvarez M., Engedal T., Bruun T.B.",English,Article,10.1017/S002185962000074X,https://www.scopus.com/inward/record.uri?eid=2-s2.0-85094979604&doi=10.1017%2fS002185962000074X&partnerID=40&md5=752e0467bdc3e4a5396892691e9a874e,SOC data and biomass data is the carbon stock in the soil for soc and in the trees and the coffee plants for the biomass data.,LMP,Cropland,Full sun,NA,Coffea arabica,1,1,0,0,Cropland,Multistrata system,"Cocoa, Coffee",NA,"Coffea arabica,Cedrela odorata,Theobroma cacao,Vitex cimosa,Mangifera indica,Aniba amazonica,Ceiba pentandra,Inga edulis,Guarea guidonia,Ficus insipida,Terminalia oblonga,Swietenia macrophylla,Brosimum alicastrum,Persea americana,Apuleia leiocarpa,Sickingia williamsii,Schizolobium amazonicum,Acrocarpus fraxinifolius,Erythrina sp,Inga ruiziana,Colubrina glandulosa,Syzygium jambos",22,22,0,5,"633,3333333",NO,NA,NA,Peru,NA,NA,-6.4,-76.7,845,1800,25,NA,Ferralsols,10,30,20,126,0,126,0,CI,12.6820185614849,Secondary Forest,forest,forest,3,3,Fig 4,NA,t C ha-1,Done,"32,06","7,54","7,54",32.06,7.54,"40,15","9,69","9,69",40.15,9.69,NA,NA,YES,"0,2251088319","0,0378562121",YES,"0,9521285988",NA,NA,NA,NA,NA,1713,Tropical Moist,20,20,FALSE,"(15,25]",-76.7,-6.4,FALSE,Cocoa/Coffee,Multistrata system,21,C+2+,Control-Impact Designs,Forest,"[15,30)",FALSE,FALSE,0.22501329321136365,0.037852971975614026
661,78,661,2020,"Solis R., Vallejos-Torres G., Arévalo L., Marín-Díaz J., Ñique-Alvarez M., Engedal T., Bruun T.B.",English,Article,10.1017/S002185962000074X,https://www.scopus.com/inward/record.uri?eid=2-s2.0-85094979604&doi=10.1017%2fS002185962000074X&partnerID=40&md5=752e0467bdc3e4a5396892691e9a874e,SOC data and biomass data is the carbon stock in the soil for soc and in the trees and the coffee plants for the biomass data.,LMP,Cropland,Full sun,NA,Coffea arabica,1,1,0,0,Cropland,Multistrata system,"Cocoa, Coffee",NA,"Coffea arabica,Cedrela odorata,Theobroma cacao,Vitex cimosa,Mangifera indica,Aniba amazonica,Ceiba pentandra,Inga edulis,Guarea guidonia,Ficus insipida,Terminalia oblonga,Swietenia macrophylla,Brosimum alicastrum,Persea americana,Apuleia leiocarpa,Sickingia williamsii,Schizolobium amazonicum,Acrocarpus fraxinifolius,Erythrina sp,Inga ruiziana,Colubrina glandulosa,Syzygium jambos",22,22,0,5,"633,3333333",NO,NA,NA,Peru,NA,NA,-6.4,-76.7,845,1800,25,NA,Ferralsols,30,60,30,126,0,126,0,CI,12.6820185614849,Secondary Forest,forest,forest,3,3,Fig 4,NA,t C ha-1,Done,"31,43","7,19","7,19",31.43,7.19,"32,37","7,54","7,54",32.37,7.54,NA,NA,YES,"0,0296562094","0,03553111427",YES,"0,1112877576",NA,NA,NA,NA,NA,1713,Tropical Moist,45,30,FALSE,"(25,50]",-76.7,-6.4,FALSE,Cocoa/Coffee,Multistrata system,21,C+2+,Control-Impact Designs,Forest,"[45,55)",FALSE,FALSE,0.02946921712867676,0.035529797520944484
668,81,668,2021,"Bravo-Medina, C.; Goyes-Vera, F.; Arteaga-Crespo, Y.; Garcia-Quintana, Y.; Changoluisa, D.",English,Article,NA,http://dx.doi.org/10.1002/ldr.3897,"Here the SAF is a chakra, so there is no a clear separation of the service trees with the crop (they all are part of the crop and used for food consumption). I separated them in herbaceous _ trees. SOC data is TOC.",LMP,Cropland,Full sun,NA,"Colocasia esculenta, Theobroma cacao",2,0,1,0,Cropland,Other,"Banana, cocoa, maize",NA,"Colocasia esculenta,Manihot esculenta,zea mays,Musa paradisiaca,Theobroma cacao",5,1,4,0,NA,NA,NA,NA,Ecuador,0°04'N,76°55'W,0.066666666666667,-76.9166666666667,954.5,3481.7,24.4,NA,Cambisols,0,30,30,54,40,42,40,CI,9,NA,unknown,unknown,1,1,Figure 2,NA,%,Done,"5,36","0,60","0,60",83.43,9.34,"5,56","0,61","0,61",67.25,7.44,NA,NA,YES,"-0,2155049757","0,02476124738",NO,NA,NA,NA,NA,246,98,1205,Tropical Wet,15,30,TRUE,"(10,15]",-76.9166666666667,0.066666666666667,TRUE,Cocoa/Coffee,Other,3,C+2+,Control-Impact Designs,Unknown/mixed,"[15,30)",FALSE,FALSE,-0.2155909384320347,0.02477226620607749
669,81,669,2021,"Bravo-Medina, C.; Goyes-Vera, F.; Arteaga-Crespo, Y.; Garcia-Quintana, Y.; Changoluisa, D.",English,Article,NA,http://dx.doi.org/10.1002/ldr.3897,"Here the SAF is a chakra, so there is no a clear separation of the service trees with the crop (they all are part of the crop and used for food consumption). I separated them in herbaceous _ trees. SOC data is TOC.",LMP,Cropland,Full sun,NA,"Colocasia esculenta,Theobroma cacao",2,1,1,0,Cropland,Other,"Banana, coffee",NA,"Colocasia esculenta,Saccharum officinarum,Musa paradisiaca,Coffea arabica",4,1,3,0,NA,NA,NA,NA,Ecuador,0°04'N,76°55'W,0.066666666666667,-76.9166666666667,954.5,3481.7,24.4,NA,Andosols,0,30,30,54,40,49,40,CI,9,NA,unknown,unknown,1,1,Figure 2,NA,%,Done,"5,36","0,60","0,60",83.43,9.34,"4,86","0,54","0,54",68.61,7.69,NA,NA,YES,"-0,1956038213","0,02509878683",NO,NA,NA,NA,NA,246,98,1205,Tropical Wet,15,30,TRUE,"(10,15]",-76.9166666666667,0.066666666666667,TRUE,Others,Other,2,C+2+,Control-Impact Designs,Unknown/mixed,"[15,30)",FALSE,FALSE,-0.19556966021118383,0.02509538445160138
674,81,674,2021,"Bravo-Medina, C.; Goyes-Vera, F.; Arteaga-Crespo, Y.; Garcia-Quintana, Y.; Changoluisa, D.",English,Article,NA,http://dx.doi.org/10.1002/ldr.3897,No information about the trees. The SOC data is the TOC (total organic carbon) in %,LMP,Grassland,Full sun,NA,"Brachiaria decumbens,Axonopus scoparius",2,0,2,0,Grassland,SilvoPasture,Pasture,NA,"Brachiaria decumbens,Trees",2,1,1,0,NA,NA,NA,NA,Ecuador,0°04'N,76°55'W,0.066666666666667,-76.9166666666667,954.5,3481.7,24.4,NA,Andosols,0,30,30,43,40,48,40,CI,9,NA,unknown,unknown,1,1,Figure 2,NA,%,Done,"6,36","0,46","0,46",78.72,5.71,"5,20","0,61","0,61",71.84,8.5,NA,NA,YES,"-0,09140266938","0,01925029093",NO,NA,NA,NA,NA,246,98,1205,Tropical Wet,15,30,TRUE,"(10,15]",-76.9166666666667,0.066666666666667,TRUE,Pasture,SilvoPasture,0,A:<0/+1,Control-Impact Designs,Unknown/mixed,"[15,30)",FALSE,FALSE,-0.0914558287500537,0.01926067280203402
675,81,675,2021,"Bravo-Medina, C.; Goyes-Vera, F.; Arteaga-Crespo, Y.; Garcia-Quintana, Y.; Changoluisa, D.",English,Article,NA,http://dx.doi.org/10.1002/ldr.3897,No information about the trees. The SOC data is the TOC (total organic carbon) in %,LMP,Grassland,Full sun,NA,"Brachiaria decumbens,Axonopus scoparius",2,0,2,0,Grassland,SilvoPasture,Pasture,NA,"Axonopus scoparius,Trees",2,1,1,0,NA,NA,NA,NA,Ecuador,0°04'N,76°55'W,0.066666666666667,-76.9166666666667,954.5,3481.7,24.4,NA,Andosols,0,30,30,43,40,48,40,CI,9,NA,unknown,unknown,1,1,Figure 2,NA,%,Done,"6,36","0,46","0,46",78.72,5.71,"5,49","0,54","0,54",75.9,7.53,NA,NA,YES,"-0,03648691182","0,01510814524",NO,NA,NA,NA,NA,246,98,1205,Tropical Wet,15,30,TRUE,"(10,15]",-76.9166666666667,0.066666666666667,TRUE,Pasture,SilvoPasture,0,A:<0/+1,Control-Impact Designs,Unknown/mixed,"[15,30)",FALSE,FALSE,-0.036480568342413686,0.015103930930809795
712,90,711,2020,"Escobar, M. I.; Navas Panadero, A.; Medina, C. A.; Corrales Alvarez, J. D.; Tenjo, A. I.; Borras Sandova, L. M.",Spanish,Article,NA,http://www.lrrd.org/lrrd32/4/maria.es32058.html,SOC data is Organic Carbon.,LMP,Grassland,Full sun,NA,Centhrus clandestinum,1,0,1,0,Grassland,SilvoPasture,Pasture,NA,"Centhrus clandestinum,Alnus acuminata",2,1,1,1,NA,NO,NA,NA,Colombia,05°58'N,072°58'W,5.96666666666667,-72.9666666666667,2725,1057,13,NA,Ferralsols,0,40,40,110,81,110,81,CI,8,agroecological practices in grasslands since 12 years,cropland,cropland,1,1,Tabla 1,MO-sd to be estimated,%,Done,"5,00",NA,NA,202.18,58.40417786774553,"5,64",NA,NA,228.04,67.35010055324838,NA,NA,YES,"0,1203636822",0,NO,NA,NA,NA,NA,121,103,1238,Warm Temperate Dry,20,40,TRUE,"(15,25]",-72.9666666666667,5.96666666666667,FALSE,Pasture,SilvoPasture,1,A:<0/+1,Control-Impact Designs,Cropland,"[15,30)",TRUE,TRUE,0.12036266243746954,0.17067484006050193
713,90,712,2020,"Escobar, M. I.; Navas Panadero, A.; Medina, C. A.; Corrales Alvarez, J. D.; Tenjo, A. I.; Borras Sandova, L. M.",Spanish,Article,NA,http://www.lrrd.org/lrrd32/4/maria.es32058.html,SOC data is Organic Carbon.,LMP,Grassland,Full sun,NA,Centhrus clandestinum,1,0,1,0,Grassland,SilvoPasture,Pasture,NA,"Centhrus clandestinum,Alnus acuminata",2,1,1,1,NA,NO,NA,NA,Colombia,05°58'N,072°58'W,5.96666666666667,-72.9666666666667,2725,1057,13,NA,Cambisols,0,40,40,110,81,110,81,CI,30,agroecological practices in grasslands since 12 years,cropland,cropland,1,1,Tabla 1,MO-sd to be estimated,%,Done,"5,00",NA,NA,202.18,58.40417786774553,"5,52",NA,NA,223.34,65.96198674602041,NA,NA,YES,"0,09952959535",0,NO,NA,NA,NA,NA,121,103,1238,Warm Temperate Dry,20,40,TRUE,"(15,25]",-72.9666666666667,5.96666666666667,FALSE,Pasture,SilvoPasture,1,A:<0/+1,Control-Impact Designs,Cropland,"[15,30)",TRUE,TRUE,0.0995368842917344,0.17067484006050193
714,91,713,2020,"Contreras-Santos, J. L.; Martinez-Atencia, J.; Cadena-Torres, J.; Falla-Guzman, C. K.",Spanish,Article,NA,http://dx.doi.org/10.15517/rac.v44i1.39999 ,"The age of the SAF isn't mentionned, but it was established in 1998, and the study was sent to be published around 2018. We assume the SAF system is approxymately 20 years old. Here we compare the SAFs to the control (non SAF)",LMP,Grassland,Full sun,NA,Panicum maximum,1,0,1,0,Grassland,SilvoPasture,Pasture,NA,"Panicum maximum,Leucaena leucocephala,Crescentia cujete",3,2,1,1,NA,NA,NA,NA,Colombia,8°51'N,75°47'W,8.85,-75.783333,15,1200,28,NA,Cambisols,0,20,20,138,128,114,128,RCBD,20,NA,grassland,grassland,3,3,Figure 3,NA,t C ha-1,Done,"38,44","5,18","5,18",38.44,5.18,"65,56","4,98","4,98",65.56,4.98,NA,NA,YES,"0,533683762","0,007975228352",YES,"1,355555556",NA,NA,NA,277,94,1736,Tropical Moist,10,20,TRUE,"(5,10]",-75.783333,8.85,FALSE,Pasture,SilvoPasture,2,C+2+,Randomized Designs,Grassland,"[0,15)",FALSE,FALSE,0.5338671697735372,0.007976367007557772
715,91,714,2020,"Contreras-Santos, J. L.; Martinez-Atencia, J.; Cadena-Torres, J.; Falla-Guzman, C. K.",Spanish,Article,NA,http://dx.doi.org/10.15517/rac.v44i1.39999 ,"The age of the SAF isn't mentionned, but it was established in 1998, and the study was sent to be published around 2018. We assume the SAF system is approxymately 20 years old. Here we compare the SAFs to the control (non SAF)",LMP,Grassland,Full sun,NA,Panicum maximum,1,0,1,0,Grassland,SilvoPasture,Pasture,NA,"Panicum maximum,Guazuma ulmifolia,Cassia fistula,Albizia saman",4,3,1,2,NA,NA,NA,NA,Colombia,8°51'N,75°47'W,8.85,-75.783333,15,1200,28,NA,Cambisols,0,20,20,138,128,123,128,RCBD,20,NA,grassland,grassland,3,3,Figure 3,NA,t C ha-1,Done,"38,44","5,18","5,18",38.44,5.18,"60,89","4,98","4,98",60.89,4.98,NA,NA,YES,"0,459836512","0,008281388643",YES,"1,122222223",NA,NA,NA,277,94,1736,Tropical Moist,10,20,TRUE,"(5,10]",-75.783333,8.85,FALSE,Pasture,SilvoPasture,3,C+2+,Randomized Designs,Grassland,"[0,15)",FALSE,FALSE,0.45997037351839104,0.008282706724786915
716,91,715,2020,"Contreras-Santos, J. L.; Martinez-Atencia, J.; Cadena-Torres, J.; Falla-Guzman, C. K.",Spanish,Article,NA,http://dx.doi.org/10.15517/rac.v44i1.39999 ,"The age of the SAF isn't mentionned, but it was established in 1998, and the study was sent to be published around 2018. We assume the SAF system is approxymately 20 years old. Here we compare the SAFs to the control (non SAF)",LMP,Grassland,Full sun,NA,Panicum maximum,1,0,1,0,Grassland,SilvoPasture,Pasture,NA,"Panicum maximum,Leucaena leucocephala,Crescentia cujete,Guazuma ulmifolia,Cassia fistula,Albizia saman",6,5,1,3,NA,NA,NA,NA,Colombia,8°51'N,75°47'W,8.85,-75.783333,15,1200,28,NA,Cambisols,0,20,20,138,128,1215,128,RCBD,20,NA,grassland,grassland,3,3,Figure 3,NA,t C ha-1,Done,"38,44","5,18","5,18",38.44,5.18,"62,22","5,17","5,17",62.22,5.17,NA,NA,YES,"0,4814980088","0,008352888617",YES,"1,188888889",NA,NA,NA,277,94,1736,Tropical Moist,10,20,TRUE,"(5,10]",-75.783333,8.85,FALSE,Pasture,SilvoPasture,5,C+2+,Randomized Designs,Grassland,"[0,15)",FALSE,FALSE,0.4815779073673993,0.008354452460643523
717,91,716,2020,"Contreras-Santos, J. L.; Martinez-Atencia, J.; Cadena-Torres, J.; Falla-Guzman, C. K.",Spanish,Article,NA,http://dx.doi.org/10.15517/rac.v44i1.39999 ,"The age of the SAF isn't mentionned, but it was established in 1998, and the study was sent to be published around 2018. We assume the SAF system is approxymately 20 years old. Here we compare the SAFs to the control (non SAF)",LMP,Grassland,Full sun,NA,Panicum maximum,1,0,1,0,Grassland,SilvoPasture,Pasture,NA,"Panicum maximum,Leucaena leucocephala,Crescentia cujete,Guazuma ulmifolia,Cassia fistula,Albizia saman,Pachira quinata,Swietenia macrophylla",8,7,1,3,NA,NA,NA,NA,Colombia,8°51'N,75°47'W,8.85,-75.783333,15,1200,28,NA,Cambisols,0,20,20,138,128,123,128,RCBD,20,NA,grassland,grassland,3,3,Figure 3,NA,t C ha-1,Done,"38,44","5,18","5,18",38.44,5.18,"63,22","5,17","5,17",63.22,5.17,NA,NA,YES,"0,4974416591","0,008280664754",YES,"1,238888889",NA,NA,NA,277,94,1736,Tropical Moist,10,20,TRUE,"(5,10]",-75.783333,8.85,FALSE,Pasture,SilvoPasture,7,C+2+,Randomized Designs,Grassland,"[0,15)",FALSE,FALSE,0.49752212268537993,0.008282220919646099
725,99,724,2018,"Hoosbeek, M, R,; Remme, R, P,; Rusch, G, M,",English,Article,NA,https://link.springer.com/article/10.1007/s10457-016-0049-2,The SOC data here is taken under the canopy of the tree,LMP,Grassland,Full sun,NA,Pasture,3,0,3,0,Grassland,SilvoPasture,Pasture,NA,"Pasture,Guazuma ulmifolia",4,1,3,0,NA,NA,NA,NA,Nicaragua,11°33'N,85°59'W,11.55,-85.9833333333333,170,1400,27,NA,Vertisols,0,20,20,118,98,118,98,CI,70,NA,unknown,unknown,2,2,Figure 2,NA,g C m-2,Done,"4 163,57","396,00","396,00",41.64,3.96,"4 748,45","413,00","413,00",47.48,4.13,NA,NA,YES,"0,1314458861",#VALUE!,YES,"0,116976456",NA,NA,NA,267,101,1941,Tropical Moist,10,20,TRUE,"(5,10]",-85.9833333333333,11.55,FALSE,Pasture,SilvoPasture,1,A:<0/+1,Control-Impact Designs,Unknown/mixed,"[0,15)",FALSE,FALSE,0.13124732599469904,0.008305194761149609
726,99,725,2018,"Hoosbeek, M, R,; Remme, R, P,; Rusch, G, M,",English,Article,NA,https://link.springer.com/article/10.1007/s10457-016-0049-2,The SOC data here is taken under the canopy of the tree,LMP,Grassland,Full sun,NA,Pasture,3,0,3,0,Grassland,SilvoPasture,Pasture,NA,"Pasture,Guazuma ulmifolia",4,1,3,0,NA,NA,NA,NA,Nicaragua,11°33'N,85°59'W,11.55,-85.9833333333333,170,1400,27,NA,Vertisols,0,40,40,118,98,118,98,CI,70,NA,unknown,unknown,2,2,Figure 3,NA,g C m-2,Done,"3 118,33","613,00","613,00",31.18,6.13,"2 744,78","503,00","503,00",27.45,5.03,NA,NA,YES,"-0,1275966571",#VALUE!,YES,"-0,0747099768",NA,NA,NA,267,101,1941,Tropical Moist,20,40,TRUE,"(15,25]",-85.9833333333333,11.55,FALSE,Pasture,SilvoPasture,1,A:<0/+1,Control-Impact Designs,Unknown/mixed,"[15,30)",FALSE,FALSE,-0.1274106956740908,0.03611471834192176
727,99,726,2018,"Hoosbeek, M, R,; Remme, R, P,; Rusch, G, M,",English,Article,NA,https://link.springer.com/article/10.1007/s10457-016-0049-2,The SOC data here is taken in the leaf litter cone of the tree,LMP,Grassland,Full sun,NA,Pasture,3,0,3,0,Grassland,SilvoPasture,Pasture,NA,"Pasture,Guazuma ulmifolia",4,1,3,0,NA,NA,NA,NA,Nicaragua,11°33'N,85°59'W,11.55,-85.9833333333333,170,1400,27,NA,Vertisols,0,20,20,118,98,118,98,CI,70,NA,unknown,unknown,2,2,Figure 2,NA,g C m-2,Done,"4 163,57","396,00","396,00",41.64,3.96,"5 571,25","810,00","810,00",55.71,8.1,NA,NA,YES,"0,2912471387",#VALUE!,YES,"0,2815365552",NA,NA,NA,267,101,1941,Tropical Moist,10,20,TRUE,"(5,10]",-85.9833333333333,11.55,FALSE,Pasture,SilvoPasture,1,A:<0/+1,Control-Impact Designs,Unknown/mixed,"[0,15)",FALSE,FALSE,0.29109842028595606,0.015092056501236257
728,99,727,2018,"Hoosbeek, M, R,; Remme, R, P,; Rusch, G, M,",English,Article,NA,https://link.springer.com/article/10.1007/s10457-016-0049-2,The SOC data here is taken in the leaf litter cone of the tree,LMP,Grassland,Full sun,NA,Pasture,3,0,3,0,Grassland,SilvoPasture,Pasture,NA,"Pasture,Guazuma ulmifolia",4,1,3,0,NA,NA,NA,NA,Nicaragua,11°33'N,85°59'W,11.55,-85.9833333333333,170,1400,27,NA,Vertisols,0,40,40,118,98,118,98,CI,70,NA,unknown,unknown,2,2,Figure 3,NA,g C m-2,Done,"3 118,33","613,00","613,00",31.18,6.13,"3 516,24","802,00","802,00",35.16,8.02,NA,NA,YES,"0,1200951754",#VALUE!,YES,"0,0795823666",NA,NA,NA,267,101,1941,Tropical Moist,20,40,TRUE,"(15,25]",-85.9833333333333,11.55,FALSE,Pasture,SilvoPasture,1,A:<0/+1,Control-Impact Designs,Unknown/mixed,"[15,30)",FALSE,FALSE,0.12013220918734578,0.04534068661391076
729,99,728,2018,"Hoosbeek, M, R,; Remme, R, P,; Rusch, G, M,",English,Article,NA,https://link.springer.com/article/10.1007/s10457-016-0049-2,The SOC data here is taken under the canopy of the tree,LMP,Grassland,Full sun,NA,Pasture,3,0,3,0,Grassland,SilvoPasture,Pasture,NA,"Pasture,Crescentia alata",4,1,3,0,NA,NA,NA,NA,Nicaragua,11°33'N,85°59'W,11.55,-85.9833333333333,170,1400,27,NA,Luvisols,0,20,20,118,98,118,98,CI,70,NA,unknown,unknown,2,2,Figure 2,NA,g C m-2,Done,"4 441,14","431,00","431,00",44.41,4.31,"6 929,37","689,00","689,00",69.29,6.89,NA,NA,YES,"0,4448575098",#VALUE!,YES,"0,497645601",NA,NA,NA,267,101,1941,Tropical Moist,10,20,TRUE,"(5,10]",-85.9833333333333,11.55,FALSE,Pasture,SilvoPasture,1,A:<0/+1,Control-Impact Designs,Unknown/mixed,"[0,15)",FALSE,FALSE,0.4448359263352792,0.009653245233377846
730,99,729,2018,"Hoosbeek, M, R,; Remme, R, P,; Rusch, G, M,",English,Article,NA,https://link.springer.com/article/10.1007/s10457-016-0049-2,The SOC data here is taken under the canopy of the tree,LMP,Grassland,Full sun,NA,Pasture,3,0,3,0,Grassland,SilvoPasture,Pasture,NA,"Pasture,Crescentia alata",4,1,3,0,NA,NA,NA,NA,Nicaragua,11°33'N,85°59'W,11.55,-85.9833333333333,170,1400,27,NA,Luvisols,0,40,40,118,98,118,98,CI,70,NA,unknown,unknown,2,2,Figure 3,NA,g C m-2,Done,"4 604,41","157,00","157,00",46.04,1.57,"5 676,33","393,00","393,00",56.76,3.93,NA,NA,YES,"0,2092914385",#VALUE!,YES,"0,2143851508",NA,NA,NA,267,101,1941,Tropical Moist,20,40,TRUE,"(15,25]",-85.9833333333333,11.55,FALSE,Pasture,SilvoPasture,1,A:<0/+1,Control-Impact Designs,Unknown/mixed,"[15,30)",FALSE,FALSE,0.20932126843815996,0.0029784443445960767
731,99,730,2018,"Hoosbeek, M, R,; Remme, R, P,; Rusch, G, M,",English,Article,NA,https://link.springer.com/article/10.1007/s10457-016-0049-2,The SOC data here is taken in the leaf litter cone of the tree,LMP,Grassland,Full sun,NA,Pasture,3,0,3,0,Grassland,SilvoPasture,Pasture,NA,"Pasture,Crescentia alata",4,1,3,0,NA,NA,NA,NA,Nicaragua,11°33'N,85°59'W,11.55,-85.9833333333333,170,1400,27,NA,Luvisols,0,20,20,118,98,118,98,CI,70,NA,unknown,unknown,2,2,Figure 2,NA,g C m-2,Done,"4 441,14","431,00","431,00",44.41,4.31,"6 294,92","698,00","698,00",62.95,6.98,NA,NA,YES,"0,3488317665",#VALUE!,YES,"0,370755886",NA,NA,NA,267,101,1941,Tropical Moist,10,20,TRUE,"(5,10]",-85.9833333333333,11.55,FALSE,Pasture,SilvoPasture,1,A:<0/+1,Control-Impact Designs,Unknown/mixed,"[0,15)",FALSE,FALSE,0.34887609118634544,0.01085674239729974
732,99,731,2018,"Hoosbeek, M, R,; Remme, R, P,; Rusch, G, M,",English,Article,NA,https://link.springer.com/article/10.1007/s10457-016-0049-2,The SOC data here is taken in the leaf litter cone of the tree,LMP,Grassland,Full sun,NA,Pasture,3,0,3,0,Grassland,SilvoPasture,Pasture,NA,"Pasture,Crescentia alata",4,1,3,0,NA,NA,NA,NA,Nicaragua,11°33'N,85°59'W,11.55,-85.9833333333333,170,1400,27,NA,Luvisols,0,40,40,118,98,118,98,CI,70,NA,unknown,unknown,2,2,Figure 3,NA,g C m-2,Done,"4 604,41","157,00","157,00",46.04,1.57,"5 481,44","330,00","330,00",54.81,3.3,NA,NA,YES,"0,1743533871",#VALUE!,YES,"0,1754060324",NA,NA,NA,267,101,1941,Tropical Moist,20,40,TRUE,"(15,25]",-85.9833333333333,11.55,FALSE,Pasture,SilvoPasture,1,A:<0/+1,Control-Impact Designs,Unknown/mixed,"[15,30)",FALSE,FALSE,0.17436207520434327,0.0023939327688032534
734,102,733,2017,"Mejias, S, L,; Crespo, G,; Torres, V,",English,Article,NA,http://scielo.sld.cu/scielo.php?script=sci_abstract&pid=S2079-34802017000200012&lng=es&nrm=iso&tlng=en,"Here we have no information about the unit, so the soc data is the (treatment/control)*100",LMP,Grassland,Full sun,NA,"Stylosanthes spp,Desmodium spp,Pueraria phaseoloides,Macroptilium atropurpureum,Neonotonia wightii,Cynodon sp",6,0,7,5,Grassland,SilvoPasture,Pasture,NA,"Megathyrsus maximus,Leucaena leucocephala",2,1,1,1,NA,NA,NA,NA,Cuba,22°53'N,82°00'W,22.8833333333333,-82,113,1473,24.6,NA,Luvisols,0,45,45,124,80,124,80,BACI,13,6 to 9 years grazing before the study,grassland,grassland,2,2,Figure 2,Extractool,t C ha-1,Done,"63,14",NA,NA,63.14,7.060597463627169,"64,15",NA,NA,64.15,8.157933868962019,1.291066282,"0,181556196",YES,"0,01584819224",#VALUE!,NO,NA,NA,NA,0.181556196,241,105,1750,Tropical Moist,22.5,45,TRUE,"(15,25]",-82,22.8833333333333,FALSE,Pasture,SilvoPasture,-4,A:<0/+1,Before-After Designs,Grassland,"[15,30)",TRUE,TRUE,0.01586960793179982,0.01433841837210717
736,102,735,2017,"Mejias, S, L,; Crespo, G,; Torres, V,",English,Article,NA,http://scielo.sld.cu/scielo.php?script=sci_abstract&pid=S2079-34802017000200012&lng=es&nrm=iso&tlng=en,"Here we have no information about the unit, so the soc data is the (treatment/control)*100",LMP,Grassland,Full sun,NA,"Stylosanthes spp,Desmodium spp,Pueraria phaseoloides,Macroptilium atropurpureum,Neonotonia wightii,Cynodon sp",6,0,7,5,Grassland,SilvoPasture,Pasture,NA,"Megathyrsus maximus,Leucaena leucocephala",2,1,1,1,NA,NA,NA,NA,Cuba,22°53'N,82°00'W,22.8833333333333,-82,113,1473,24.6,NA,Cambisols,0,15,15,124,80,124,80,BACI,13,6 to 9 years grazing before the study,grassland,grassland,2,2,Figure 2,Extractool,t C ha-1,Done,"24,41",NA,NA,24.41,2.7296354780984986,"25,42",NA,NA,25.42,3.232652828511528,0.5648414986,"0,2219020173",YES,"0,04049136135",#VALUE!,NO,NA,NA,NA,0.2219020173,241,105,1750,Tropical Moist,7.5,15,TRUE,"(5,10]",-82,22.8833333333333,FALSE,Pasture,SilvoPasture,-4,A:<0/+1,Before-After Designs,Grassland,"[0,15)",TRUE,TRUE,0.04054338135643934,0.01433841837210717
757,108,756,2013,"Alvarado, J.; Jair Andrade, H.; Segura, M.",Spanish,Article,NA,https://www.researchgate.net/publication/262754005_Storage_of_soil_organic_carbon_in_coffee_Coffea_arabica_L_production_systems_in_the_municipality_of_Libano_Tolima_Colombia,NA,LMP,Cropland,Full sun,NA,Coffea arabica,1,1,0,0,Cropland,Shaded perennial,Coffee,NA,"Coffea arabica,Cordia alliodora",2,2,0,0,NA,NA,NA,NA,Colombia,4°55'N,75°04'W,4.91666666666667,-75.0666666666667,1565,2235,20,NA,Acrisols,0,30,30,87,58,82,58,CI,9,NA,unknown,unknown,5,5,Figure 1,NA,t C ha-1,Done,"53,23","6,50","6,50",53.23,6.5,"50,09","5,86","5,86",50.09,5.86,NA,NA,YES,"-0,060870715","0,005714527257",NO,NA,NA,NA,NA,181,89,1336,Tropical Montane,15,30,TRUE,"(10,15]",-75.0666666666667,4.91666666666667,TRUE,Cocoa/Coffee,Shaded perennial,1,A:<0/+1,Control-Impact Designs,Unknown/mixed,"[15,30)",FALSE,FALSE,-0.06080075981514049,0.005719552975199159
758,108,757,2013,"Alvarado, J.; Jair Andrade, H.; Segura, M.",Spanish,Article,NA,https://www.researchgate.net/publication/262754005_Storage_of_soil_organic_carbon_in_coffee_Coffea_arabica_L_production_systems_in_the_municipality_of_Libano_Tolima_Colombia,NA,LMP,Cropland,Full sun,NA,Coffea arabica,1,1,0,0,Cropland,Shaded perennial,"Banana, coffee",NA,"Coffea arabica,Musacea",2,1,0,0,NA,NA,NA,NA,Colombia,4°55'N,75°04'W,4.91666666666667,-75.0666666666667,1565,2235,20,NA,Acrisols,0,30,30,87,58,91,58,CI,9,NA,unknown,unknown,5,5,Figure 1,NA,t C ha-1,Done,"53,23","6,50","6,50",53.23,6.5,"49,69","2,90","2,90",49.69,2.9,NA,NA,YES,"-0,06890253704","0,003660351064",NO,NA,NA,NA,NA,181,89,1336,Tropical Montane,15,30,TRUE,"(10,15]",-75.0666666666667,4.91666666666667,TRUE,Others,Shaded perennial,1,A:<0/+1,Control-Impact Designs,Unknown/mixed,"[15,30)",FALSE,FALSE,-0.06881844157043686,0.0036634690951605773
761,113,760,2007,"Miranda, T,; Machado, R,; Machado, H,; Duquesne, P,",Spanish,Article,NA,https://www.researchgate.net/publication/303987082_Carbon_sequestered_in_Cuban_livestock_production_ecosystems_and_its_economic_assessment_Case_study,"No information about the Pasture or the trees, The SOC and biomass data are carbon storage,",LMP,Grassland,Full sun,NA,Natural Pasture,3,0,3,0,Grassland,SilvoPasture,Pasture,NA,"Pasture,Trees",4,1,3,0,2500,NA,NA,NA,Cuba,22°57' N,80°55'W,22.95,-80.9166666666667,26,1458,25.2,NA,Acrisols,0,20,20,230,74,230,74,CI,11,NA,NA,NA,2,2,Table 3,sd to be estimated,t C ha-1,Done,"19,50",NA,NA,19.5,5.633007559704411,"24,00",NA,NA,24,7.088240717759872,NA,NA,YES,"0,2076393648",#VALUE!,YES,"0,4090909091",NA,NA,NA,251,111,1808,Tropical Moist,10,20,TRUE,"(5,10]",-80.9166666666667,22.95,FALSE,Pasture,SilvoPasture,1,A:<0/+1,Control-Impact Designs,Unknown/mixed,"[0,15)",TRUE,TRUE,0.20763936477824455,0.08533742003025097
762,114,761,2006,"Giraldo, L, A,; Zapata, M,; Montoya, E,",Spanish,Article,NA,https://www.redalyc.org/articulo.oa?id=269121676005,"No information about the age of the silvoPasture, but it was established in 1997, and the study was published in 2006, For the SOC data, we have error bars on the graph, but no information on it (SE or SD or Confidence interval), For the biomass, we have the data for the Pasture in carbon content (t C ha-1), and for the aboveground biomass it is in t ha-1, but not the conversion in carbon, We did the conversion,",LMP,Grassland,Full sun,NA,Brachiaria dictyoneura,1,0,1,0,Grassland,SilvoPasture,Pasture,NA,"Brachiaria dictyoneura,Acacia mangium",2,1,1,0,169,NA,NA,different stocking rate,Colombia,7°58'N,75°10'W,7.96666666666667,-75.1666666666667,49,2402,27,NA,Acrisols,0,5,5,112,57,112,57,RCBD,6,NA,unknown,unknown,3,3,Figure 3,NA,t C ha-1,Done,"20,47","0,94","0,94",20.47,0.94,"16,73","0,45","0,45",16.73,0.45,NA,NA,YES,"-0,2015529185","0,0009440370356",YES,"-0,6227436817",NA,NA,NA,279,101,1667,Tropical Wet,2.5,5,TRUE,"(0,5]",-75.1666666666667,7.96666666666667,FALSE,Pasture,SilvoPasture,1,A:<0/+1,Randomized Designs,Unknown/mixed,"[0,15)",FALSE,FALSE,-0.20175688467446548,9.440721284418338e-4
763,114,762,2006,"Giraldo, L, A,; Zapata, M,; Montoya, E,",Spanish,Article,NA,https://www.redalyc.org/articulo.oa?id=269121676005,"No information about the age of the silvoPasture, but it was established in 1997, and the study was published in 2006, For the SOC data, we have error bars on the graph, but no information on it (SE or SD or Confidence interval), For the biomass, we have the data for the Pasture in carbon content (t C ha-1), and for the aboveground biomass it is in t ha-1, but not the conversion in carbon, We did the conversion,",LMP,Grassland,Full sun,NA,Brachiaria dictyoneura,1,0,1,0,Grassland,SilvoPasture,Pasture,NA,"Brachiaria dictyoneura,Acacia mangium",2,1,1,0,169,NA,NA,different stocking rate,Colombia,7°58'N,75°10'W,7.96666666666667,-75.1666666666667,49,2402,27,NA,Acrisols,5,15,10,112,57,112,57,RCBD,6,NA,unknown,unknown,3,3,Figure 3,NA,t C ha-1,Done,"23,61","1,44","1,44",23.61,1.44,"19,22","0,95","0,95",19.22,0.95,NA,NA,YES,"-0,205524454","0,002054001256",YES,"-0,7310469317",NA,NA,NA,279,101,1667,Tropical Wet,10,10,FALSE,"(5,10]",-75.1666666666667,7.96666666666667,FALSE,Pasture,SilvoPasture,1,A:<0/+1,Randomized Designs,Unknown/mixed,"[0,15)",FALSE,FALSE,-0.20571894755527512,0.0020543368155002953
764,114,763,2006,"Giraldo, L, A,; Zapata, M,; Montoya, E,",Spanish,Article,NA,https://www.redalyc.org/articulo.oa?id=269121676005,"No information about the age of the silvoPasture, but it was established in 1997, and the study was published in 2006, For the SOC data, we have error bars on the graph, but no information on it (SE or SD or Confidence interval), For the biomass, we have the data for the Pasture in carbon content (t C ha-1), and for the aboveground biomass it is in t ha-1, but not the conversion in carbon, We did the conversion,",LMP,Grassland,Full sun,NA,Brachiaria dictyoneura,1,0,1,0,Grassland,SilvoPasture,Pasture,NA,"Brachiaria dictyoneura,Acacia mangium",2,1,1,0,169,NA,NA,different stocking rate,Colombia,7°58'N,75°10'W,7.96666666666667,-75.1666666666667,49,2402,27,NA,Acrisols,15,20,5,112,57,112,57,RCBD,6,NA,unknown,unknown,3,3,Figure 3,NA,t C ha-1,Done,"22,42","0,65","0,65",22.42,0.65,"14,84","14,56","0,37",14.84,0.37,NA,NA,YES,"-0,412737867","0,00049024879",YES,"-1,263537905",NA,NA,NA,279,101,1667,Tropical Wet,17.5,5,FALSE,"(15,25]",-75.1666666666667,7.96666666666667,FALSE,Pasture,SilvoPasture,1,A:<0/+1,Randomized Designs,Unknown/mixed,"[15,30)",FALSE,FALSE,-0.41262717990477954,4.873898924513104e-4
765,114,764,2006,"Giraldo, L, A,; Zapata, M,; Montoya, E,",Spanish,Article,NA,https://www.redalyc.org/articulo.oa?id=269121676005,"No information about the age of the silvoPasture, but it was established in 1997, and the study was published in 2006, For the SOC data, we have error bars on the graph, but no information on it (SE or SD or Confidence interval), For the biomass, we have the data for the Pasture in carbon content (t C ha-1), and for the aboveground biomass it is in t ha-1, but not the conversion in carbon, We did the conversion,",LMP,Grassland,Full sun,NA,Brachiaria dictyoneura,1,0,1,0,Grassland,SilvoPasture,Pasture,NA,"Brachiaria dictyoneura,Acacia mangium",2,1,1,0,169,NA,NA,different stocking rate,Colombia,7°58'N,75°10'W,7.96666666666667,-75.1666666666667,49,2402,27,NA,Acrisols,20,30,10,112,57,112,57,RCBD,6,NA,unknown,unknown,3,3,Figure 3,NA,t C ha-1,Done,"23,88","3,46","3,46",23.88,3.46,"14,62","12,05","0,89",14.62,0.89,NA,NA,YES,"-0,4906229165","0,008229818261",YES,"-1,5433213",NA,NA,NA,279,101,1667,Tropical Wet,25,10,FALSE,"(15,25]",-75.1666666666667,7.96666666666667,FALSE,Pasture,SilvoPasture,1,A:<0/+1,Randomized Designs,Unknown/mixed,"[15,30)",FALSE,FALSE,-0.49065083420276895,0.008233088465836121
766,114,765,2006,"Giraldo, L, A,; Zapata, M,; Montoya, E,",Spanish,Article,NA,https://www.redalyc.org/articulo.oa?id=269121676005,"No information about the age of the silvoPasture, but it was established in 1997, and the study was published in 2006, For the SOC data, we have error bars on the graph, but no information on it (SE or SD or Confidence interval), For the biomass, we have the data for the Pasture in carbon content (t C ha-1), and for the aboveground biomass it is in t ha-1, but not the conversion in carbon, We did the conversion,",LMP,Grassland,Full sun,NA,Brachiaria dictyoneura,1,0,1,0,Grassland,SilvoPasture,Pasture,NA,"Brachiaria dictyoneura,Acacia mangium",2,1,1,0,169,NA,NA,different stocking rate,Colombia,7°58'N,75°10'W,7.96666666666667,-75.1666666666667,49,2402,27,NA,Acrisols,30,35,5,112,57,112,57,RCBD,6,NA,unknown,unknown,3,3,Figure 3,NA,t C ha-1,Done,"15,11","0,43","0,43",15.11,0.43,"15,92","16,31","0,82",15.92,0.82,NA,NA,YES,"0,05236798563","0,001153045368",YES,"0,1353790617",NA,NA,NA,279,101,1667,Tropical Wet,32.5,5,FALSE,"(25,50]",-75.1666666666667,7.96666666666667,FALSE,Pasture,SilvoPasture,1,A:<0/+1,Randomized Designs,Unknown/mixed,"[30,45)",FALSE,FALSE,0.0522194041315887,0.001154294257117226
767,114,766,2006,"Giraldo, L, A,; Zapata, M,; Montoya, E,",Spanish,Article,NA,https://www.redalyc.org/articulo.oa?id=269121676005,"No information about the age of the silvoPasture, but it was established in 1997, and the study was published in 2006, For the SOC data, we have error bars on the graph, but no information on it (SE or SD or Confidence interval), For the biomass, we have the data for the Pasture in carbon content (t C ha-1), and for the aboveground biomass it is in t ha-1, but not the conversion in carbon, We did the conversion,",LMP,Grassland,Full sun,NA,Brachiaria dictyoneura,1,0,1,0,Grassland,SilvoPasture,Pasture,NA,"Brachiaria dictyoneura,Acacia mangium",2,1,1,0,169,NA,NA,different stocking rate,Colombia,7°58'N,75°10'W,7.96666666666667,-75.1666666666667,49,2402,27,NA,Acrisols,35,45,10,112,57,112,57,RCBD,6,NA,unknown,unknown,3,3,Figure 3,NA,t C ha-1,Done,"15,22","0,36","0,36",15.22,0.36,"16,41","16,75","0,70",16.41,0.7,NA,NA,YES,"0,07537813616","0,000796834528",YES,"0,1985559567",NA,NA,NA,279,101,1667,Tropical Wet,40,10,FALSE,"(25,50]",-75.1666666666667,7.96666666666667,FALSE,Pasture,SilvoPasture,1,A:<0/+1,Randomized Designs,Unknown/mixed,"[30,45)",FALSE,FALSE,0.07528055266845965,7.930270334782258e-4
768,114,767,2006,"Giraldo, L, A,; Zapata, M,; Montoya, E,",Spanish,Article,NA,https://www.redalyc.org/articulo.oa?id=269121676005,"No information about the age of the silvoPasture, but it was established in 1997, and the study was published in 2006, For the SOC data, we have error bars on the graph, but no information on it (SE or SD or Confidence interval), For the biomass, we have the data for the Pasture in carbon content (t C ha-1), and for the aboveground biomass it is in t ha-1, but not the conversion in carbon, We did the conversion,",LMP,Grassland,Full sun,NA,Brachiaria dictyoneura,1,0,1,0,Grassland,SilvoPasture,Pasture,NA,"Brachiaria dictyoneura,Acacia mangium",2,1,1,0,100,NA,NA,different stocking rate,Colombia,7°58'N,75°10'W,7.96666666666667,-75.1666666666667,49,2402,27,NA,Acrisols,0,5,5,112,57,112,57,RCBD,6,NA,unknown,unknown,3,3,Figure 3,NA,t C ha-1,Done,"20,47","0,94","0,94",20.47,0.94,"19,60","1,90","1,90",19.6,1.9,NA,NA,YES,"-0,04324998365","0,003834408047",YES,"-0,1444043317",NA,NA,NA,279,101,1667,Tropical Wet,2.5,5,TRUE,"(0,5]",-75.1666666666667,7.96666666666667,FALSE,Pasture,SilvoPasture,1,A:<0/+1,Randomized Designs,Unknown/mixed,"[0,15)",FALSE,FALSE,-0.043430833436726525,0.0038352838539044707
769,114,768,2006,"Giraldo, L, A,; Zapata, M,; Montoya, E,",Spanish,Article,NA,https://www.redalyc.org/articulo.oa?id=269121676005,"No information about the age of the silvoPasture, but it was established in 1997, and the study was published in 2006, For the SOC data, we have error bars on the graph, but no information on it (SE or SD or Confidence interval), For the biomass, we have the data for the Pasture in carbon content (t C ha-1), and for the aboveground biomass it is in t ha-1, but not the conversion in carbon, We did the conversion,",LMP,Grassland,Full sun,NA,Brachiaria dictyoneura,1,0,1,0,Grassland,SilvoPasture,Pasture,NA,"Brachiaria dictyoneura,Acacia mangium",2,1,1,0,100,NA,NA,different stocking rate,Colombia,7°58'N,75°10'W,7.96666666666667,-75.1666666666667,49,2402,27,NA,Acrisols,5,15,10,112,57,112,57,RCBD,6,NA,unknown,unknown,3,3,Figure 3,NA,t C ha-1,Done,"23,61","1,44","1,44",23.61,1.44,"22,58","1,42","1,42",22.58,1.42,NA,NA,YES,"-0,04455602127","0,002558096645",YES,"-0,1714801433",NA,NA,NA,279,101,1667,Tropical Wet,10,10,FALSE,"(5,10]",-75.1666666666667,7.96666666666667,FALSE,Pasture,SilvoPasture,1,A:<0/+1,Randomized Designs,Unknown/mixed,"[0,15)",FALSE,FALSE,-0.04460579237590559,0.0025582513314978566
770,114,769,2006,"Giraldo, L, A,; Zapata, M,; Montoya, E,",Spanish,Article,NA,https://www.redalyc.org/articulo.oa?id=269121676005,"No information about the age of the silvoPasture, but it was established in 1997, and the study was published in 2006, For the SOC data, we have error bars on the graph, but no information on it (SE or SD or Confidence interval), For the biomass, we have the data for the Pasture in carbon content (t C ha-1), and for the aboveground biomass it is in t ha-1, but not the conversion in carbon, We did the conversion,",LMP,Grassland,Full sun,NA,Brachiaria dictyoneura,1,0,1,0,Grassland,SilvoPasture,Pasture,NA,"Brachiaria dictyoneura,Acacia mangium",2,1,1,0,100,NA,NA,different stocking rate,Colombia,7°58'N,75°10'W,7.96666666666667,-75.1666666666667,49,2402,27,NA,Acrisols,15,20,5,112,57,112,57,RCBD,6,NA,unknown,unknown,3,3,Figure 3,NA,t C ha-1,Done,"22,42","0,65","0,65",22.42,0.65,"15,81","15,73","0,57",15.81,0.57,NA,NA,YES,"-0,3491121713","0,0007099105093",YES,"-1,101083032",NA,NA,NA,279,101,1667,Tropical Wet,17.5,5,FALSE,"(15,25]",-75.1666666666667,7.96666666666667,FALSE,Pasture,SilvoPasture,1,A:<0/+1,Randomized Designs,Unknown/mixed,"[15,30)",FALSE,FALSE,-0.34931076642263326,7.134542195445455e-4
771,114,770,2006,"Giraldo, L, A,; Zapata, M,; Montoya, E,",Spanish,Article,NA,https://www.redalyc.org/articulo.oa?id=269121676005,"No information about the age of the silvoPasture, but it was established in 1997, and the study was published in 2006, For the SOC data, we have error bars on the graph, but no information on it (SE or SD or Confidence interval), For the biomass, we have the data for the Pasture in carbon content (t C ha-1), and for the aboveground biomass it is in t ha-1, but not the conversion in carbon, We did the conversion,",LMP,Grassland,Full sun,NA,Brachiaria dictyoneura,1,0,1,0,Grassland,SilvoPasture,Pasture,NA,"Brachiaria dictyoneura,Acacia mangium",2,1,1,0,100,NA,NA,different stocking rate,Colombia,7°58'N,75°10'W,7.96666666666667,-75.1666666666667,49,2402,27,NA,Acrisols,20,30,10,112,57,112,57,RCBD,6,NA,unknown,unknown,3,3,Figure 3,NA,t C ha-1,Done,"23,88","3,46","3,46",23.88,3.46,"14,68","12,05","0,83",14.68,0.83,NA,NA,YES,"-0,4869260549","0,008076242071",YES,"-1,53429603",NA,NA,NA,279,101,1667,Tropical Wet,25,10,FALSE,"(15,25]",-75.1666666666667,7.96666666666667,FALSE,Pasture,SilvoPasture,1,A:<0/+1,Randomized Designs,Unknown/mixed,"[15,30)",FALSE,FALSE,-0.4865552653380318,0.008063384484551676
772,114,771,2006,"Giraldo, L, A,; Zapata, M,; Montoya, E,",Spanish,Article,NA,https://www.redalyc.org/articulo.oa?id=269121676005,"No information about the age of the silvoPasture, but it was established in 1997, and the study was published in 2006, For the SOC data, we have error bars on the graph, but no information on it (SE or SD or Confidence interval), For the biomass, we have the data for the Pasture in carbon content (t C ha-1), and for the aboveground biomass it is in t ha-1, but not the conversion in carbon, We did the conversion,",LMP,Grassland,Full sun,NA,Brachiaria dictyoneura,1,0,1,0,Grassland,SilvoPasture,Pasture,NA,"Brachiaria dictyoneura,Acacia mangium",2,1,1,0,100,NA,NA,different stocking rate,Colombia,7°58'N,75°10'W,7.96666666666667,-75.1666666666667,49,2402,27,NA,Acrisols,30,35,5,112,57,112,57,RCBD,6,NA,unknown,unknown,3,3,Figure 3,NA,t C ha-1,Done,"15,11","0,43","0,43",15.11,0.43,"12,08","12,02","0,37",12.08,0.37,NA,NA,YES,"-0,2240400108","0,0005900681231",YES,"-0,5054151633",NA,NA,NA,279,101,1667,Tropical Wet,32.5,5,FALSE,"(25,50]",-75.1666666666667,7.96666666666667,FALSE,Pasture,SilvoPasture,1,A:<0/+1,Randomized Designs,Unknown/mixed,"[30,45)",FALSE,FALSE,-0.2238055837779793,5.826668309897429e-4
773,114,772,2006,"Giraldo, L, A,; Zapata, M,; Montoya, E,",Spanish,Article,NA,https://www.redalyc.org/articulo.oa?id=269121676005,"No information about the age of the silvoPasture, but it was established in 1997, and the study was published in 2006, For the SOC data, we have error bars on the graph, but no information on it (SE or SD or Confidence interval), For the biomass, we have the data for the Pasture in carbon content (t C ha-1), and for the aboveground biomass it is in t ha-1, but not the conversion in carbon, We did the conversion,",LMP,Grassland,Full sun,NA,Brachiaria dictyoneura,1,0,1,0,Grassland,SilvoPasture,Pasture,NA,"Brachiaria dictyoneura,Acacia mangium",2,1,1,0,100,NA,NA,different stocking rate,Colombia,7°58'N,75°10'W,7.96666666666667,-75.1666666666667,49,2402,27,NA,Acrisols,35,45,10,112,57,112,57,RCBD,6,NA,unknown,unknown,3,3,Figure 3,NA,t C ha-1,Done,"15,22","0,36","0,36",15.22,0.36,"11,97","12,01","0,40",11.97,0.4,NA,NA,YES,"-0,2401919675","0,0005636093042",YES,"-0,541516245",NA,NA,NA,279,101,1667,Tropical Wet,40,10,FALSE,"(25,50]",-75.1666666666667,7.96666666666667,FALSE,Pasture,SilvoPasture,1,A:<0/+1,Randomized Designs,Unknown/mixed,"[30,45)",FALSE,FALSE,-0.24020683286365796,5.587187145290257e-4
786,115,785,2006,"Maldonado Mares, F.; Jasso Mata, J.; Palma-Lopez, D. J.; Salgado Garcia, S.; Gonzalez Hernandez, V. A.",Spanish,Article,10.35196/rfm.2006.3.223,https://doi.org/10.35196/rfm.2006.3.223,"The control isn't exactly the same crop as the treatment, it cumulates, the banana datil and the banana enano gigante. The soc data is the Organic matter content in the soil in %. The conversion has been made by /1,72. No measures made on the biomass produced just for the biomass of the Musa sp..",LMP,Cropland,Full sun,NA,Musa AA,1,0,1,0,Cropland,Shaded perennial,Banana,NA,"MusaAAA ,Cedrela odorata",2,1,0,0,NA,NA,NA,NA,Mexico,17°35'14''N,92°56'50''W,17.5872222222222,-92.9472222222222,40,3825,26.4,NA,Andosols,0,30,30,132,75,132,75,CI,5,NA,unknown,unknown,3,3,Table 2,OM - extractool,%,Done,"1,45","0,19 OM","0,11",53.24,4.05,"1,74","0,19 OM","0,11",63.89,4.05,NA,NA,YES,"0,1823215568","0,00326237037",YES,"2,129651163","1,618534884",NA,NA,258,114,1812,Tropical Wet,15,30,TRUE,"(10,15]",-92.9472222222222,17.5872222222222,FALSE,Others,Shaded perennial,1,A:<0/+1,Control-Impact Designs,Unknown/mixed,"[15,30)",FALSE,FALSE,0.182352861087341,0.0032683524905660543
787,115,786,2006,"Maldonado Mares, F.; Jasso Mata, J.; Palma-Lopez, D. J.; Salgado Garcia, S.; Gonzalez Hernandez, V. A.",Spanish,Article,10.35196/rfm.2006.3.223,https://doi.org/10.35196/rfm.2006.3.223,"The control isn't exactly the same crop as the treatment, it cumulates, the banana datil and the banana enano gigante. The soc data is the Organic matter content in the soil in %. The conversion has been made by /1,72. No measures made on the biomass produced just for the biomass of the Musa sp..",LMP,Cropland,Full sun,NA,Musa AA,1,0,1,0,Cropland,Shaded perennial,Banana,NA,"MusaAAA ,Cedrela odorata",2,1,0,0,NA,NA,NA,NA,Mexico,17°35'14''N,92°56'50''W,17.5872222222222,-92.9472222222222,40,3825,26.4,NA,Andosols,30,60,30,132,75,132,75,CI,5,NA,unknown,unknown,3,3,Table 2,OM - extractool,%,Done,"1,10","0,19 OM","0,11",40.46,4.05,"1,05","0,19 OM","0,11",38.33,4.05,NA,NA,YES,"-0,05406722127","0,007047325103",YES,"-0,4259302326","1,618534884",NA,NA,258,114,1812,Tropical Wet,45,30,FALSE,"(25,50]",-92.9472222222222,17.5872222222222,FALSE,Others,Shaded perennial,1,A:<0/+1,Control-Impact Designs,Unknown/mixed,"[45,55)",FALSE,FALSE,-0.05408095234713575,0.007061368592809524
788,115,787,2006,"Maldonado Mares, F.; Jasso Mata, J.; Palma-Lopez, D. J.; Salgado Garcia, S.; Gonzalez Hernandez, V. A.",Spanish,Article,10.35196/rfm.2006.3.223,https://doi.org/10.35196/rfm.2006.3.223,"The control isn't exactly the same crop as the treatment, it cumulates, the banana datil and the banana enano gigante. The soc data is the Organic matter content in the soil in %. The conversion has been made by /1,72. No measures made on the biomass produced just for the biomass of the Musa sp..",LMP,Cropland,Full sun,NA,Musa AA,1,0,1,0,Cropland,Shaded perennial,Banana,NA,"MusaAA ,Cedrela odorata",2,1,0,0,NA,NA,NA,NA,Mexico,17°36'12''N,92°56'50''W,17.6033333333333,-92.9472222222222,45,3825,26.4,NA,Andosols,0,30,30,132,82,132,82,CI,9,NA,unknown,unknown,3,3,Table 2,OM - extractool,%,Done,"1,45","0,19 OM","0,11",52.84,4.02,"1,69","0,19 OM","0,11",61.29,4.02,NA,NA,YES,"0,1484200051","0,003356169639",NO,NA,NA,NA,NA,258,114,1812,Tropical Wet,15,30,TRUE,"(10,15]",-92.9472222222222,17.6033333333333,TRUE,Others,Shaded perennial,1,A:<0/+1,Control-Impact Designs,Unknown/mixed,"[15,30)",FALSE,FALSE,0.1483482178435157,0.003363332410851528
789,115,788,2006,"Maldonado Mares, F.; Jasso Mata, J.; Palma-Lopez, D. J.; Salgado Garcia, S.; Gonzalez Hernandez, V. A.",Spanish,Article,10.35196/rfm.2006.3.223,https://doi.org/10.35196/rfm.2006.3.223,"The control isn't exactly the same crop as the treatment, it cumulates, the banana datil and the banana enano gigante. The soc data is the Organic matter content in the soil in %. The conversion has been made by /1,72. No measures made on the biomass produced just for the biomass of the Musa sp..",LMP,Cropland,Full sun,NA,Musa AA,1,0,1,0,Cropland,Shaded perennial,Banana,NA,"MusaAA ,Cedrela odorata",2,1,0,0,NA,NA,NA,NA,Mexico,17°36'12''N,92°56'50''W,17.6033333333333,-92.9472222222222,45,3825,26.4,NA,Andosols,30,60,30,132,82,132,82,CI,9,NA,unknown,unknown,3,3,Table 2,OM - extractool,%,Done,"1,10","0,19 OM","0,11",40.16,4.02,"0,76","0,19 OM","0,11",27.48,4.02,NA,NA,YES,"-0,3794896217","0,01045364892",NO,NA,NA,NA,NA,258,114,1812,Tropical Wet,45,30,FALSE,"(25,50]",-92.9472222222222,17.6033333333333,TRUE,Others,Shaded perennial,1,A:<0/+1,Control-Impact Designs,Unknown/mixed,"[45,55)",FALSE,FALSE,-0.3794130080293251,0.010473390169740094
794,116,793,2002,"Callo-Concha, D.; Krishnamurthy, L.; Alegre, J.",Spanish,Article,NA,NA,The biomass and soc data are carbon storage.,LMP,Grassland,Full sun,NA,Pasture,3,0,3,0,Grassland,SilvoPasture,Pasture,NA,"Pasture,Trees",4,1,3,0,NA,NA,NA,NA,Peru,8°21'S,74°35'W,-8.35,-74.5833333333333,500,3000,26.6,NA,Cambisols,0,100,100,124,27,124,27,CI,9,NA,NA,NA,3,3,Cuadro 1,sd to be estimated,t C ha-1,Done,"93,01",NA,NA,93.01,26.868001698877297,"86,38",NA,NA,86.38,25.51175971667074,NA,NA,YES,"-0,07395084672",0,NO,NA,NA,NA,NA,264,112,1260,Tropical Wet,50,100,TRUE,"(25,50]",-74.5833333333333,-8.35,TRUE,Pasture,SilvoPasture,1,A:<0/+1,Control-Impact Designs,Unknown/mixed,"[45,55)",TRUE,TRUE,-0.07395084672182062,0.05689161335350065
803,121,802,2020,"Caulfield, Mark; Groot, Jeroen C. J.; Fonte, Steven J.; Sherwood, Stephen; Oyarzun, Pedro; Borja, Ross Mary; Dumble, Sam; Tittonell, Pablo",English,Article,10.1002/ldr.3558,http://dx.doi.org/10.1002/ldr.3558,"Here the SOC is measurd between July 2015 and July 2017, so it is a mean net change in soil. Biomass data is available for the crop only",LMP,Cropland,Full sun,NA,"Hordeum vulgare,Secale cereale",2,0,2,0,Cropland,Hedgerow,Others,NA,"Hordeum vulgare,Secale cereale,Alnus acuminata",3,1,2,1,NA,NA,NA,NA,Ecuador,1°51'24.0'S,78°39'16'W,-1.85666666666667,-78.6544444444445,3225,450,14,NA,Cambisols,0,20,20,121,200,121,200,BACI,2,NA,cropland,cropland,24,24,Table S4,sd to be determined,%,Done,"4,40",NA,NA,85.18,9.525208931766905,"4,48",NA,NA,86.73,11.029424855106406,1.6456,"3,4848",YES,"0,0180185055",0,NO,NA,NA,NA,3.4848,90,107,1107,Warm Temperate Dry,10,20,TRUE,"(5,10]",-78.6544444444445,-1.85666666666667,FALSE,Others,Alley/Hedgerow,1,A:<0/+1,Before-After Designs,Cropland,"[0,15)",TRUE,TRUE,0.01803318020129693,0.0011948681976755977
804,121,803,2020,"Caulfield, Mark; Groot, Jeroen C. J.; Fonte, Steven J.; Sherwood, Stephen; Oyarzun, Pedro; Borja, Ross Mary; Dumble, Sam; Tittonell, Pablo",English,Article,10.1002/ldr.3558,http://dx.doi.org/10.1002/ldr.3558,"Here the SOC is measurd between July 2015 and July 2017, so it is a mean net change in soil. Biomass data is available for the crop only",LMP,Cropland,Full sun,NA,"Hordeum vulgare,Secale cereale",2,0,2,0,Cropland,Hedgerow,Others,NA,"Hordeum vulgare,Secale cereale,Alnus acuminata,Phalaris tuberosa",4,1,3,1,NA,NA,NA,NA,Ecuador,1°51'24.0'S,78°39'16'W,-1.85666666666667,-78.6544444444445,3225,450,14,NA,Cambisols,0,20,20,121,200,121,200,BACI,2,NA,cropland,cropland,24,24,Table S4,sd to be determined,%,Done,"4,40",NA,NA,85.18,9.525208931766905,"4,69",NA,NA,90.8,11.547005382724103,1.6456,"4,1624",YES,"0,06382804153",0,NO,NA,NA,NA,4.1624,90,107,1107,Warm Temperate Dry,10,20,TRUE,"(5,10]",-78.6544444444445,-1.85666666666667,FALSE,Others,Alley/Hedgerow,2,C+2+,Before-After Designs,Cropland,"[0,15)",TRUE,TRUE,0.06389262111218001,0.0011948681976755977
805,121,804,2020,"Caulfield, Mark; Groot, Jeroen C. J.; Fonte, Steven J.; Sherwood, Stephen; Oyarzun, Pedro; Borja, Ross Mary; Dumble, Sam; Tittonell, Pablo",English,Article,10.1002/ldr.3558,http://dx.doi.org/10.1002/ldr.3558,"Here the SOC is measurd between July 2015 and July 2017, so it is a mean net change in soil. Biomass data is available for the crop only",LMP,Cropland,Full sun,NA,"Hordeum vulgare,Secale cereale",2,0,2,0,Cropland,Hedgerow,Others,NA,"Hordeum vulgare,Secale cereale,Alnus acuminata",3,1,2,1,NA,NA,NA,NA,Ecuador,1°51'24.0'S,78°39'16'W,-1.85666666666667,-78.6544444444445,3225,450,14,NA,Cambisols,0,20,20,121,200,121,200,BACI,2,NA,cropland,cropland,24,24,Table S4,sd to be determined,%,Done,"4,56",NA,NA,88.28,9.871864809772038,"4,48",NA,NA,86.73,11.029424855106406,4.7432,"3,4848",YES,"-0,0176995771",0,NO,NA,NA,NA,3.4848,90,107,1107,Warm Temperate Dry,10,20,TRUE,"(5,10]",-78.6544444444445,-1.85666666666667,FALSE,Others,Alley/Hedgerow,1,A:<0/+1,Before-After Designs,Cropland,"[0,15)",TRUE,TRUE,-0.01771373669217126,0.0011948681976755977
806,121,805,2020,"Caulfield, Mark; Groot, Jeroen C. J.; Fonte, Steven J.; Sherwood, Stephen; Oyarzun, Pedro; Borja, Ross Mary; Dumble, Sam; Tittonell, Pablo",English,Article,10.1002/ldr.3558,http://dx.doi.org/10.1002/ldr.3558,"Here the SOC is measurd between July 2015 and July 2017, so it is a mean net change in soil. Biomass data is available for the crop only",LMP,Cropland,Full sun,NA,"Hordeum vulgare,Secale cereale",2,0,2,0,Cropland,Hedgerow,Others,NA,"Hordeum vulgare,Secale cereale,Alnus acuminata,Phalaris tuberosa",4,1,3,1,NA,NA,NA,NA,Ecuador,1°51'24.0'S,78°39'16'W,-1.85666666666667,-78.6544444444445,3225,450,14,NA,Cambisols,0,20,20,121,200,121,200,BACI,2,NA,cropland,cropland,24,24,Table S4,sd to be determined,%,Done,"4,56",NA,NA,88.28,9.871864809772038,"4,69",NA,NA,90.8,11.547005382724103,4.7432,"4,1624",YES,"0,02810995893",0,NO,NA,NA,NA,4.1624,90,107,1107,Warm Temperate Dry,10,20,TRUE,"(5,10]",-78.6544444444445,-1.85666666666667,FALSE,Others,Alley/Hedgerow,2,C+2+,Before-After Designs,Cropland,"[0,15)",TRUE,TRUE,0.028145704218711824,0.0011948681976755977
807,121,806,2020,"Caulfield, Mark; Groot, Jeroen C. J.; Fonte, Steven J.; Sherwood, Stephen; Oyarzun, Pedro; Borja, Ross Mary; Dumble, Sam; Tittonell, Pablo",English,Article,10.1002/ldr.3558,http://dx.doi.org/10.1002/ldr.3558,"Here the SOC is measurd between July 2015 and July 2017, so it is a mean net change in soil. Biomass data is available for the crop only",LMP,Cropland,Full sun,NA,"Hordeum vulgare,Secale cereale",2,0,2,0,Cropland,Hedgerow,Others,NA,"Hordeum vulgare,Secale cereale,Alnus acuminata",3,1,2,1,NA,NA,NA,NA,Ecuador,1°51'24.0'S,78°39'16'W,-1.85666666666667,-78.6544444444445,3225,450,14,NA,Cambisols,0,20,20,121,200,121,200,BACI,2,NA,cropland,cropland,24,24,Table S4,sd to be determined,%,Done,"1,36",NA,NA,26.33,2.94433847350813,"1,50",NA,NA,29.04,3.693007007866828,2.8072,"3,0976",YES,"0,09798040836",0,NO,NA,NA,NA,3.0976,90,107,1107,Warm Temperate Dry,10,20,TRUE,"(5,10]",-78.6544444444445,-1.85666666666667,FALSE,Others,Alley/Hedgerow,1,A:<0/+1,Before-After Designs,Cropland,"[0,15)",TRUE,TRUE,0.0979652164483773,0.0011948681976755977
808,121,807,2020,"Caulfield, Mark; Groot, Jeroen C. J.; Fonte, Steven J.; Sherwood, Stephen; Oyarzun, Pedro; Borja, Ross Mary; Dumble, Sam; Tittonell, Pablo",English,Article,10.1002/ldr.3558,http://dx.doi.org/10.1002/ldr.3558,"Here the SOC is measurd between July 2015 and July 2017, so it is a mean net change in soil. Biomass data is available for the crop only",LMP,Cropland,Full sun,NA,"Hordeum vulgare,Secale cereale",2,0,2,0,Cropland,Hedgerow,Others,NA,"Hordeum vulgare,Secale cereale,Alnus acuminata,Phalaris tuberosa",4,1,3,1,NA,NA,NA,NA,Ecuador,1°51'24.0'S,78°39'16'W,-1.85666666666667,-78.6544444444445,3225,450,14,NA,Cambisols,0,20,20,121,200,121,200,BACI,2,NA,cropland,cropland,24,24,Table S4,sd to be determined,%,Done,"1,36",NA,NA,26.33,2.94433847350813,"1,34",NA,NA,25.94,3.2987810531703,2.8072,"2,904",YES,"-0,01481508579",0,NO,NA,NA,NA,2.904,90,107,1107,Warm Temperate Dry,10,20,TRUE,"(5,10]",-78.6544444444445,-1.85666666666667,FALSE,Others,Alley/Hedgerow,2,C+2+,Before-After Designs,Cropland,"[0,15)",TRUE,TRUE,-0.014922794619920061,0.0011948681976755972
809,121,808,2020,"Caulfield, Mark; Groot, Jeroen C. J.; Fonte, Steven J.; Sherwood, Stephen; Oyarzun, Pedro; Borja, Ross Mary; Dumble, Sam; Tittonell, Pablo",English,Article,10.1002/ldr.3558,http://dx.doi.org/10.1002/ldr.3558,"Here the SOC is measurd between July 2015 and July 2017, so it is a mean net change in soil. Biomass data is available for the crop only",LMP,Cropland,Full sun,NA,"Hordeum vulgare,Secale cereale",2,0,2,0,Cropland,Hedgerow,Others,NA,"Hordeum vulgare,Secale cereale,Alnus acuminata",3,1,2,1,NA,NA,NA,NA,Ecuador,1°51'24.0'S,78°39'16'W,-1.85666666666667,-78.6544444444445,3225,450,14,NA,Cambisols,0,20,20,121,200,121,200,BACI,2,NA,cropland,cropland,24,24,Table S4,sd to be determined,%,Done,"1,55",NA,NA,30.01,3.355852548043259,"1,50",NA,NA,29.04,3.693007007866828,4.4528,"3,0976",YES,"-0,03278982282",0,NO,NA,NA,NA,3.0976,90,107,1107,Warm Temperate Dry,10,20,TRUE,"(5,10]",-78.6544444444445,-1.85666666666667,FALSE,Others,Alley/Hedgerow,1,A:<0/+1,Before-After Designs,Cropland,"[0,15)",TRUE,TRUE,-0.032856469495680544,0.0011948681976755977
810,121,809,2020,"Caulfield, Mark; Groot, Jeroen C. J.; Fonte, Steven J.; Sherwood, Stephen; Oyarzun, Pedro; Borja, Ross Mary; Dumble, Sam; Tittonell, Pablo",English,Article,10.1002/ldr.3558,http://dx.doi.org/10.1002/ldr.3558,"Here the SOC is measurd between July 2015 and July 2017, so it is a mean net change in soil. Biomass data is available for the crop only",LMP,Cropland,Full sun,NA,"Hordeum vulgare,Secale cereale",2,0,2,0,Cropland,Hedgerow,Others,NA,"Hordeum vulgare,Secale cereale,Alnus acuminata,Phalaris tuberosa",4,1,3,1,NA,NA,NA,NA,Ecuador,1°51'24.0'S,78°39'16'W,-1.85666666666667,-78.6544444444445,3225,450,14,NA,Cambisols,0,20,20,121,200,121,200,BACI,2,NA,cropland,cropland,24,24,Table S4,sd to be determined,%,Done,"1,55",NA,NA,30.01,3.355852548043259,"1,34",NA,NA,25.94,3.2987810531703,4.4528,"2,904",YES,"-0,145585317",0,NO,NA,NA,NA,2.904,90,107,1107,Warm Temperate Dry,10,20,TRUE,"(5,10]",-78.6544444444445,-1.85666666666667,FALSE,Others,Alley/Hedgerow,2,C+2+,Before-After Designs,Cropland,"[0,15)",TRUE,TRUE,-0.14574448056397787,0.0011948681976755974
811,124,810,1993,"MAZZARINO, MJ; SZOTT, L; JIMENEZ, M",English,Article,10.1016/0038-0717(93)90028-A,http://dx.doi.org/10.1016/0038-0717(93)90028-A,"Here we compare the two type of SAF (poeppigiana, and sepium) with two control: the first control is with N fertilizer, the second without",LMP,Cropland,Full sun,ferti,"Phaseolus vulgaris,zea mays,Manihot esculenta",3,0,3,1,Cropland,Alley cropping,"Beans, Maize",NA,"Phaseolus vulgaris,zea mays,Manihot esculenta,Erythrina poeppigiana",4,1,3,2,555,NO,NA,NA,Costa Rica,9°53'N,83°34'W,9.88333333333333,-83.5666666666667,602,2640,22,NA,Cambisols,0,10,10,100,47,100,47,RCBD,9,NA,cropland,cropland,3,3,Table 3,Extractool,g C kg-1,Done,"41,50",1.13 sdmax,"1,13",39.55,1.08,"45,00",1.13 sdmax,"1,13",42.89,1.08,NA,NA,YES,"0,08096906253","0,0004573272498",YES,"0,3706111111",NA,NA,NA,224,95,1533,Tropical Wet,5,10,TRUE,"(0,5]",-83.5666666666667,9.88333333333333,FALSE,Beans/Maize,Alley/Hedgerow,1,A:<0/+1,Randomized Designs,Cropland,"[0,15)",FALSE,FALSE,0.0810730043151264,4.5991696463282603e-4
812,124,811,1993,"MAZZARINO, MJ; SZOTT, L; JIMENEZ, M",English,Article,10.1016/0038-0717(93)90028-A,http://dx.doi.org/10.1016/0038-0717(93)90028-A,"Here we compare the two type of SAF (poeppigiana, and sepium) with two control: the first control is with N fertilizer, the second without",LMP,Cropland,Full sun,ferti,"Phaseolus vulgaris,zea mays,Manihot esculenta",3,0,3,1,Cropland,Alley cropping,"Beans, Maize",NA,"Phaseolus vulgaris,zea mays,Manihot esculenta,Gliricidia sepium",4,1,3,2,555,NO,NA,NA,Costa Rica,9°53'N,83°34'W,9.88333333333333,-83.5666666666667,602,2640,22,NA,Cambisols,0,10,10,100,47,100,47,RCBD,9,NA,cropland,cropland,3,3,Table 3,Extractool,g C kg-1,Done,"41,50",1.13 sdmax,"1,13",39.55,1.08,"44,70",1.13 sdmax,"1,13",42.6,1.08,NA,NA,YES,"0,07428007438","0,0004601580503",YES,"0,3388444444",NA,NA,NA,224,95,1533,Tropical Wet,5,10,TRUE,"(0,5]",-83.5666666666667,9.88333333333333,FALSE,Beans/Maize,Alley/Hedgerow,1,A:<0/+1,Randomized Designs,Cropland,"[0,15)",FALSE,FALSE,0.07428855906166187,4.6280437346477e-4
813,124,812,1993,"MAZZARINO, MJ; SZOTT, L; JIMENEZ, M",English,Article,10.1016/0038-0717(93)90028-A,http://dx.doi.org/10.1016/0038-0717(93)90028-A,"Here we compare the two type of SAF (poeppigiana, and sepium) with two control: the first control is with N fertilizer, the second without",LMP,Cropland,Full sun,no ferti,"Phaseolus vulgaris,zea mays,Manihot esculenta",3,0,3,1,Cropland,Alley cropping,"Beans, Maize",NA,"Phaseolus vulgaris,zea mays,Manihot esculenta,Erythrina poeppigiana",4,1,3,2,3333,NO,NA,NA,Costa Rica,9°53'N,83°34'W,9.88333333333333,-83.5666666666667,602,2640,22,NA,Cambisols,0,10,10,100,47,100,47,RCBD,9,NA,cropland,cropland,3,3,Table 3,Extractool,g C kg-1,Done,"40,30",1.13 sdmax,"1,13",38.41,1.08,"45,00",1.13 sdmax,"1,13",42.89,1.08,NA,NA,YES,"0,1103110208","0,0004722642675",YES,"0,4976777778",NA,NA,NA,224,95,1533,Tropical Wet,5,10,TRUE,"(0,5]",-83.5666666666667,9.88333333333333,FALSE,Beans/Maize,Alley/Hedgerow,1,A:<0/+1,Randomized Designs,Cropland,"[0,15)",FALSE,FALSE,0.11032085617097576,4.748903964052057e-4
814,124,813,1993,"MAZZARINO, MJ; SZOTT, L; JIMENEZ, M",English,Article,10.1016/0038-0717(93)90028-A,http://dx.doi.org/10.1016/0038-0717(93)90028-A,"Here we compare the two type of SAF (poeppigiana, and sepium) with two control: the first control is with N fertilizer, the second without",LMP,Cropland,Full sun,no ferti,"Phaseolus vulgaris,zea mays,Manihot esculenta",3,0,3,1,Cropland,Alley cropping,"Beans, Maize",NA,"Phaseolus vulgaris,zea mays,Manihot esculenta,Gliricidia sepium",4,1,3,2,3333,NO,NA,NA,Costa Rica,9°53'N,83°34'W,9.88333333333333,-83.5666666666667,602,2640,22,NA,Cambisols,0,10,10,100,47,100,47,RCBD,9,NA,cropland,cropland,3,3,Table 3,Extractool,g C kg-1,Done,"40,30",1.13 sdmax,"1,13",38.41,1.08,"44,70",1.13 sdmax,"1,13",42.6,1.08,NA,NA,YES,"0,1036220327","0,000475095068",YES,"0,4659111111",NA,NA,NA,224,95,1533,Tropical Wet,5,10,TRUE,"(0,5]",-83.5666666666667,9.88333333333333,FALSE,Beans/Maize,Alley/Hedgerow,1,A:<0/+1,Randomized Designs,Cropland,"[0,15)",FALSE,FALSE,0.10353641091751149,4.777778052371496e-4
817,129,816,2005,"Sierra, J; Nygren, P",English,Article,10.1071/SR04167,http://dx.doi.org/10.1071/SR04167,NA,LMP,Grassland,Full sun,NA,Dichanthium aristatum,1,0,1,0,Grassland,SilvoPasture,Pasture,NA,"Dichanthium aristatum,Gliricidia sepium",2,1,1,1,NA,NO,NA,NA,Guadeloupe,16°25'N,61°30'W,16.4166666666667,-61.5,10,1300,26,NA,Cambisols,0,20,20,130,104,130,104,RCT,12,NA,cropland,cropland,3,3,Table 1,Extractool,g C kg-1,Done,"29,70",0.62 Sdmax,"0,62",69.19,1.44,"28,30",0.62 Sdmax,"0,62",65.93,1.44,NA,NA,YES,"-0,04828524116","0,0003052497448",YES,"-0,2717866667",NA,NA,NA,258,78,2010,Tropical Moist,10,20,TRUE,"(5,10]",-61.5,16.4166666666667,FALSE,Pasture,SilvoPasture,1,A:<0/+1,Randomized Designs,Cropland,"[0,15)",FALSE,FALSE,-0.04826277038551128,3.033981459677832e-4
818,129,817,2005,"Sierra, J; Nygren, P",English,Article,10.1071/SR04167,http://dx.doi.org/10.1071/SR04167,NA,LMP,Grassland,Full sun,NA,Dichanthium aristatum,1,0,1,0,Grassland,SilvoPasture,Pasture,NA,"Dichanthium aristatum,Gliricidia sepium",2,1,1,1,NA,NO,NA,NA,Guadeloupe,16°25'N,61°30'W,16.4166666666667,-61.5,10,1300,26,NA,Cambisols,0,20,20,130,104,130,104,RCT,12,NA,cropland,cropland,3,3,Table 1,Extractool,g C kg-1,Done,"29,70",0.62 Sdmax,"0,62",69.19,1.44,"33,10",0.62 Sdmax,"0,62",77.11,1.44,NA,NA,YES,"0,1083862366","0,0002622126572",YES,"0,6600533333",NA,NA,NA,258,78,2010,Tropical Moist,10,20,TRUE,"(5,10]",-61.5,16.4166666666667,FALSE,Pasture,SilvoPasture,1,A:<0/+1,Randomized Designs,Cropland,"[0,15)",FALSE,FALSE,0.10837663033414958,2.6063048715723385e-4
820,137,819,2017,"Cerda, Rolando; Allinne, Clementine; Gary, Christian; Tixier, Philippe; Harvey, Celia A.; Krolczyk, Louise; Mathiot, Charlie; Clement, Eugenie; Aubertot, Jean-Noel; Avelino, Jacques",English,Article,10.1016/j.eja.2016.09.019,http://dx.doi.org/10.1016/j.eja.2016.09.019,"The biomass data is the total aboveground biomass carbon. For the SOC data, it is a mean, we could have collected the data of the SOC depending on the type of shade and of the elevation of the plot, but not the same elevations for the control. We also had the SOC data depending on the type of shade and on the management intensity index, but this index isn't clear about the practices, just on the intensity.",LMP,Cropland,Full sun,NA,Coffea arabica,1,1,0,0,Cropland,Multistrata system,"Banana, coffee",NA,"Coffea arabica,Musacea sp.,Erythrina poeppigiana,Cordia alliodora,Cedrela odorata,Citrus sinensis,Citrus aurantifolia,Persea americana,Psidium friedrichsthalium,Eugenia stipitata,Bactris gasipaes",11,10,1,1,695,NO,NA,NA,Costa Rica,9°53'N,83°38'W,9.88333333333333,-83.6333,1000,2781,22.2,NA,Cambisols,0,20,20,110,40,110,40,CI,9,NA,unknown,unknown,13,29,Figure 4,NA,%,Done,"4,74","1,78","1,78",100.11,37.59,"4,85","3,05","3,05",102.43,64.42,NA,NA,YES,"0,02294156924","0,02448473752",NO,NA,NA,NA,NA,NA,NA,1713,Tropical Montane,10,20,TRUE,"(5,10]",-83.6333,9.88333333333333,TRUE,Others,Multistrata system,10,C+2+,Control-Impact Designs,Unknown/mixed,"[0,15)",FALSE,FALSE,0.0229100570170509,0.02448462630715133
821,137,820,2017,"Cerda, Rolando; Allinne, Clementine; Gary, Christian; Tixier, Philippe; Harvey, Celia A.; Krolczyk, Louise; Mathiot, Charlie; Clement, Eugenie; Aubertot, Jean-Noel; Avelino, Jacques",English,Article,10.1016/j.eja.2016.09.019,http://dx.doi.org/10.1016/j.eja.2016.09.019,"The biomass data is the total aboveground biomass carbon. For the SOC data, it is a mean, we could have collected the data of the SOC depending on the type of shade and of the elevation of the plot, but not the same elevations for the control. We also had the SOC data depending on the type of shade and on the management intensity index, but this index isn't clear about the practices, just on the intensity.",LMP,Cropland,Full sun,NA,Coffea arabica,1,1,0,0,Cropland,Multistrata system,"Banana, coffee",NA,"Coffea arabica,Musacea sp.,Erythrina poeppigiana,Cordia alliodora,Cedrela odorata,Citrus sinensis,Citrus aurantifolia,Persea americana,Psidium friedrichsthalium,Eugenia stipitata,Bactris gasipaes",11,10,1,1,392,NO,NA,NA,Costa Rica,9°53'N,83°38'W,9.88333333333333,-83.6333,1000,2781,22.2,NA,Cambisols,0,20,20,110,40,110,40,CI,9,NA,unknown,unknown,13,27,Figure 4,NA,%,Done,"4,74","1,78","1,78",100.11,37.59,"4,90","3,10","3,10",103.49,65.47,NA,NA,YES,"0,03319806941","0,02567182774",NO,NA,NA,NA,NA,NA,NA,1713,Tropical Montane,10,20,TRUE,"(5,10]",-83.6333,9.88333333333333,TRUE,Others,Multistrata system,10,C+2+,Control-Impact Designs,Unknown/mixed,"[0,15)",FALSE,FALSE,0.03320540824868928,0.02566801166175462
836,139,835,2006,"Oelbermann, M.; Voroney, R. P.; Kass, D. C. L.; Schlonvoigt, A. M.",English,Article,NA,http://dx.doi.org/10.1016/j.geoderma.2005.02.009,Here we compare a SAF system that is 19 year old with its sole crop equivalent,LMP,Cropland,Full sun,NA,"zea mays,Phaseolus vulgaris",2,0,2,1,Cropland,Alley cropping,"Beans, Maize",NA,"zea mays,Phaseolus vulgaris,Erythrina poeppigiana",3,1,2,2,555,NO,Ferti+_ both,NA,Costa Rica,9°53'N,83°38'W,9.88333333333333,-83.6333,602,2648,21.7,NA,Cambisols,0,20,20,110,40,110,40,RCBD,19,NA,cropland,cropland,3,3,Fig 1,sd to be estimated,g C m-2,Done,"6 310,65",NA,NA,63.11,11.601811645816532,"8 254,44",NA,NA,82.54,11.45981663446804,NA,NA,YES,"0,2685121563",0,YES,"1,02304578",NA,NA,NA,NA,NA,1713,Tropical Wet,10,20,TRUE,"(5,10]",-83.6333,9.88333333333333,FALSE,Beans/Maize,Alley/Hedgerow,1,A:<0/+1,Randomized Designs,Cropland,"[0,15)",TRUE,TRUE,0.2684037887282877,0.017690546629618643
837,139,836,2006,"Oelbermann, M.; Voroney, R. P.; Kass, D. C. L.; Schlonvoigt, A. M.",English,Article,NA,http://dx.doi.org/10.1016/j.geoderma.2005.02.009,Here we compare a SAF system that is 19 year old with its sole crop equivalent,LMP,Cropland,Full sun,NA,"zea mays,Phaseolus vulgaris",2,0,2,1,Cropland,Alley cropping,"Beans, Maize",NA,"zea mays,Phaseolus vulgaris,Erythrina poeppigiana",3,1,2,2,555,NO,Ferti+_ both,NA,Costa Rica,9°53'N,83°38'W,9.88333333333333,-83.6333,602,2648,21.7,NA,Cambisols,20,40,20,110,40,110,40,RCBD,19,NA,cropland,cropland,3,3,Fig 1,sd to be estimated,g C m-2,Done,"5 192,31",NA,NA,51.92,9.544700691662088,"7 748,52",NA,NA,77.49,10.758676896110108,NA,NA,YES,"0,4003237087",0,YES,"1,345375273",NA,NA,NA,NA,NA,1713,Tropical Wet,30,20,FALSE,"(25,50]",-83.6333,9.88333333333333,FALSE,Beans/Maize,Alley/Hedgerow,1,A:<0/+1,Randomized Designs,Cropland,"[30,45)",TRUE,TRUE,0.40044482338002413,0.017690546629618643
838,139,837,2006,"Oelbermann, M.; Voroney, R. P.; Kass, D. C. L.; Schlonvoigt, A. M.",English,Article,NA,http://dx.doi.org/10.1016/j.geoderma.2005.02.009,Here we compare a SAF system that is 19 year old with its sole crop equivalent,LMP,Cropland,Full sun,NA,"zea mays,Phaseolus vulgaris",2,0,2,1,Cropland,Alley cropping,"Beans, Maize",NA,"zea mays,Phaseolus vulgaris,Erythrina poeppigiana",3,1,2,2,555,NO,Ferti-_ both,NA,Costa Rica,9°53'N,83°38'W,9.88333333333333,-83.6333,602,2648,21.7,NA,Cambisols,0,20,20,110,40,110,40,RCBD,19,NA,cropland,cropland,3,3,Fig 1,sd to be estimated,g C m-2,Done,"8 467,46",NA,NA,84.67,15.565289051676213,"9 559,17",NA,NA,95.59,13.271672790026653,NA,NA,YES,"0,1212710058",0,YES,"0,5745873563",NA,NA,NA,NA,NA,1713,Tropical Wet,10,20,TRUE,"(5,10]",-83.6333,9.88333333333333,FALSE,Beans/Maize,Alley/Hedgerow,1,A:<0/+1,Randomized Designs,Cropland,"[0,15)",TRUE,TRUE,0.12130686442148533,0.01769054662961864
839,139,838,2006,"Oelbermann, M.; Voroney, R. P.; Kass, D. C. L.; Schlonvoigt, A. M.",English,Article,NA,http://dx.doi.org/10.1016/j.geoderma.2005.02.009,Here we compare a SAF system that is 19 year old with its sole crop equivalent,LMP,Cropland,Full sun,NA,"zea mays,Phaseolus vulgaris",2,0,2,1,Cropland,Alley cropping,"Beans, Maize",NA,"zea mays,Phaseolus vulgaris,Erythrina poeppigiana",3,1,2,2,555,NO,Ferti-_ both,NA,Costa Rica,9°53'N,83°38'W,9.88333333333333,-83.6333,602,2648,21.7,NA,Cambisols,20,40,20,110,40,110,40,RCBD,19,NA,cropland,cropland,3,3,Fig 1,sd to be estimated,g C m-2,Done,"5 644,97",NA,NA,56.45,10.377472150314425,"6 656,80",NA,NA,66.57,9.242548986631176,NA,NA,YES,"0,1648746433",0,YES,"0,5325443789",NA,NA,NA,NA,NA,1713,Tropical Wet,30,20,FALSE,"(25,50]",-83.6333,9.88333333333333,FALSE,Beans/Maize,Alley/Hedgerow,1,A:<0/+1,Randomized Designs,Cropland,"[30,45)",TRUE,TRUE,0.1648987350169411,0.017690546629618643
840,139,839,2006,"Oelbermann, M.; Voroney, R. P.; Kass, D. C. L.; Schlonvoigt, A. M.",English,Article,NA,http://dx.doi.org/10.1016/j.geoderma.2005.02.009,Here we compare a SAF system that is 19 year old with its sole crop equivalent,LMP,Cropland,Full sun,NA,"zea mays,Phaseolus vulgaris",2,0,2,1,Cropland,Alley cropping,"Beans, Maize",NA,"zea mays,Phaseolus vulgaris,Gliricidia sepium",3,1,2,2,3333,NO,Ferti+_ both,NA,Costa Rica,9°53'N,83°38'W,9.88333333333333,-83.6333,602,2648,21.7,NA,Cambisols,0,20,20,110,40,110,40,RCBD,19,NA,cropland,cropland,3,3,Fig 1,sd to be estimated,g C m-2,Done,"6 548,52",NA,NA,65.49,12.039338372437406,"7 156,12",NA,NA,71.56,9.935358351860103,NA,NA,YES,"0,08872811551",0,YES,"0,3197868084",NA,NA,NA,NA,NA,1713,Tropical Wet,10,20,TRUE,"(5,10]",-83.6333,9.88333333333333,FALSE,Beans/Maize,Alley/Hedgerow,1,A:<0/+1,Randomized Designs,Cropland,"[0,15)",TRUE,TRUE,0.08863879941055623,0.017690546629618643
841,139,840,2006,"Oelbermann, M.; Voroney, R. P.; Kass, D. C. L.; Schlonvoigt, A. M.",English,Article,NA,http://dx.doi.org/10.1016/j.geoderma.2005.02.009,Here we compare a SAF system that is 19 year old with its sole crop equivalent,LMP,Cropland,Full sun,NA,"zea mays,Phaseolus vulgaris",2,0,2,1,Cropland,Alley cropping,"Beans, Maize",NA,"zea mays,Phaseolus vulgaris,Gliricidia sepium",3,1,2,2,3333,NO,Ferti+_ both,NA,Costa Rica,9°53'N,83°38'W,9.88333333333333,-83.6333,602,2648,21.7,NA,Cambisols,20,40,20,110,40,110,40,RCBD,19,NA,cropland,cropland,3,3,Fig 1,sd to be estimated,g C m-2,Done,"5 130,80",NA,NA,51.31,9.432561488620605,"6 784,81",NA,NA,67.85,9.420263613383286,NA,NA,YES,"0,2794243872",0,YES,"0,8705307574",NA,NA,NA,NA,NA,1713,Tropical Wet,30,20,FALSE,"(25,50]",-83.6333,9.88333333333333,FALSE,Beans/Maize,Alley/Hedgerow,1,A:<0/+1,Randomized Designs,Cropland,"[30,45)",TRUE,TRUE,0.27941372132700465,0.017690546629618643
842,139,841,2006,"Oelbermann, M.; Voroney, R. P.; Kass, D. C. L.; Schlonvoigt, A. M.",English,Article,NA,http://dx.doi.org/10.1016/j.geoderma.2005.02.009,Here we compare a SAF system that is 19 year old with its sole crop equivalent,LMP,Cropland,Full sun,NA,"zea mays,Phaseolus vulgaris",2,0,2,1,Cropland,Alley cropping,"Beans, Maize",NA,"zea mays,Phaseolus vulgaris,Gliricidia sepium",3,1,2,2,3333,NO,Ferti-_ both,NA,Costa Rica,9°53'N,83°38'W,9.88333333333333,-83.6333,602,2648,21.7,NA,Cambisols,0,20,20,110,40,110,40,RCBD,19,NA,cropland,cropland,3,3,Fig 1,sd to be estimated,g C m-2,Done,"6 109,70",NA,NA,61.1,11.232303780056888,"8 135,02",NA,NA,81.35,11.294597567409436,NA,NA,YES,"0,2862999023",0,YES,"1,065956029",NA,NA,NA,NA,NA,1713,Tropical Wet,10,20,TRUE,"(5,10]",-83.6333,9.88333333333333,FALSE,Beans/Maize,Alley/Hedgerow,1,A:<0/+1,Randomized Designs,Cropland,"[0,15)",TRUE,TRUE,0.28624896748749706,0.017690546629618643
843,139,842,2006,"Oelbermann, M.; Voroney, R. P.; Kass, D. C. L.; Schlonvoigt, A. M.",English,Article,NA,http://dx.doi.org/10.1016/j.geoderma.2005.02.009,Here we compare a SAF system that is 19 year old with its sole crop equivalent,LMP,Cropland,Full sun,NA,"zea mays,Phaseolus vulgaris",2,0,2,1,Cropland,Alley cropping,"Beans, Maize",NA,"zea mays,Phaseolus vulgaris,Gliricidia sepium",3,1,2,2,3333,NO,Ferti-_ both,NA,Costa Rica,9°53'N,83°38'W,9.88333333333333,-83.6333,602,2648,21.7,NA,Cambisols,20,40,20,110,40,110,40,RCBD,19,NA,cropland,cropland,3,3,Fig 1,sd to be estimated,g C m-2,Done,"5 670,89",NA,NA,56.71,10.425269187676369,"7 223,63",NA,NA,72.24,10.029769247322161,NA,NA,YES,"0,2420120356",0,YES,"0,8172329558",NA,NA,NA,NA,NA,1713,Tropical Wet,30,20,FALSE,"(25,50]",-83.6333,9.88333333333333,FALSE,Beans/Maize,Alley/Hedgerow,1,A:<0/+1,Randomized Designs,Cropland,"[30,45)",TRUE,TRUE,0.2420433470827932,0.017690546629618643
844,139,843,2006,"Oelbermann, M.; Voroney, R. P.; Kass, D. C. L.; Schlonvoigt, A. M.",English,Article,NA,http://dx.doi.org/10.1016/j.geoderma.2005.02.009,Here we compare a SAF system that is 10 year old with its sole crop equivalent,LMP,Cropland,Full sun,NA,"zea mays,Phaseolus vulgaris",2,0,2,1,Cropland,Alley cropping,"Beans, Maize",NA,"zea mays,Phaseolus vulgaris,Erythrina poeppigiana",3,1,2,2,833,NA,Ferti+_ both,NA,Costa Rica,9°53'N,83°38'W,9.88333333333333,-83.6333,602,2648,21.7,NA,Cambisols,0,20,20,110,40,110,40,RCBD,10,NA,cropland,cropland,3,3,Fig 1,sd to be estimated,g C m-2,Done,"6 919,86",NA,NA,69.2,12.721365328640534,"7 547,04",NA,NA,75.47,10.478221000766936,NA,NA,YES,"0,08675958304",0,YES,"0,627177701",NA,NA,NA,NA,NA,1713,Tropical Wet,10,20,TRUE,"(5,10]",-83.6333,9.88333333333333,FALSE,Beans/Maize,Alley/Hedgerow,1,A:<0/+1,Randomized Designs,Cropland,"[0,15)",TRUE,TRUE,0.08673436367315318,0.01769054662961864
845,139,844,2006,"Oelbermann, M.; Voroney, R. P.; Kass, D. C. L.; Schlonvoigt, A. M.",English,Article,NA,http://dx.doi.org/10.1016/j.geoderma.2005.02.009,Here we compare a SAF system that is 10 year old with its sole crop equivalent,LMP,Cropland,Full sun,NA,"zea mays,Phaseolus vulgaris",2,0,2,1,Cropland,Alley cropping,"Beans, Maize",NA,"zea mays,Phaseolus vulgaris,Erythrina poeppigiana",3,1,2,2,833,NA,Ferti+_ both,NA,Costa Rica,9°53'N,83°38'W,9.88333333333333,-83.6333,602,2648,21.7,NA,Cambisols,20,40,20,110,40,110,40,RCBD,10,NA,cropland,cropland,3,3,Fig 1,sd to be estimated,g C m-2,Done,"3 073,17",NA,NA,30.73,5.649242146663636,"3 073,17",NA,NA,30.73,4.266539437572121,NA,NA,YES,0,0,YES,0,NA,NA,NA,NA,NA,1713,Tropical Wet,30,20,FALSE,"(25,50]",-83.6333,9.88333333333333,FALSE,Beans/Maize,Alley/Hedgerow,1,A:<0/+1,Randomized Designs,Cropland,"[30,45)",TRUE,TRUE,0,0.017690546629618643
846,139,845,2006,"Oelbermann, M.; Voroney, R. P.; Kass, D. C. L.; Schlonvoigt, A. M.",English,Article,NA,http://dx.doi.org/10.1016/j.geoderma.2005.02.009,Here we compare a SAF system that is 10 year old with its sole crop equivalent,LMP,Cropland,Full sun,NA,"zea mays,Phaseolus vulgaris",2,0,2,1,Cropland,Alley cropping,"Beans, Maize",NA,"zea mays,Phaseolus vulgaris,Erythrina poeppigiana",3,1,2,2,833,NA,Ferti-_ both,NA,Costa Rica,9°53'N,83°38'W,9.88333333333333,-83.6333,602,2648,21.7,NA,Cambisols,0,20,20,110,40,110,40,RCBD,10,NA,cropland,cropland,3,3,Fig 1,sd to be estimated,g C m-2,Done,"7 317,07",NA,NA,73.17,13.451189322205606,"7 400,70",NA,NA,74.01,10.275515254627813,NA,NA,YES,"0,0113637586",0,YES,"0,083623693",NA,NA,NA,NA,NA,1713,Tropical Wet,10,20,TRUE,"(5,10]",-83.6333,9.88333333333333,FALSE,Beans/Maize,Alley/Hedgerow,1,A:<0/+1,Randomized Designs,Cropland,"[0,15)",TRUE,TRUE,0.01141471831343648,0.017690546629618643
847,139,846,2006,"Oelbermann, M.; Voroney, R. P.; Kass, D. C. L.; Schlonvoigt, A. M.",English,Article,NA,http://dx.doi.org/10.1016/j.geoderma.2005.02.009,Here we compare a SAF system that is 10 year old with its sole crop equivalent,LMP,Cropland,Full sun,NA,"zea mays,Phaseolus vulgaris",2,0,2,1,Cropland,Alley cropping,"Beans, Maize",NA,"zea mays,Phaseolus vulgaris,Erythrina poeppigiana",3,1,2,2,833,NA,Ferti-_ both,NA,Costa Rica,9°53'N,83°38'W,9.88333333333333,-83.6333,602,2648,21.7,NA,Cambisols,20,40,20,110,40,110,40,RCBD,10,NA,cropland,cropland,3,3,Fig 1,sd to be estimated,g C m-2,Done,"3 282,23",NA,NA,32.82,6.033456793150034,"3 804,88",NA,NA,38.05,5.2828449593107445,NA,NA,YES,"0,1477608818",0,YES,"0,522648084",NA,NA,NA,NA,NA,1713,Tropical Wet,30,20,FALSE,"(25,50]",-83.6333,9.88333333333333,FALSE,Beans/Maize,Alley/Hedgerow,1,A:<0/+1,Randomized Designs,Cropland,"[30,45)",TRUE,TRUE,0.14786299864574984,0.017690546629618643
848,139,847,2006,"Oelbermann, M.; Voroney, R. P.; Kass, D. C. L.; Schlonvoigt, A. M.",English,Article,NA,http://dx.doi.org/10.1016/j.geoderma.2005.02.009,Here we compare a SAF system that is 10 year old with its sole crop equivalent,LMP,Cropland,Full sun,NA,"zea mays,Phaseolus vulgaris",2,0,2,1,Cropland,Alley cropping,"Beans, Maize",NA,"zea mays,Phaseolus vulgaris,Gliricidia sepium",3,1,2,2,833,NA,Ferti+_ both,NA,Costa Rica,9°53'N,83°38'W,9.88333333333333,-83.6333,602,2648,21.7,NA,Cambisols,0,20,20,110,40,110,40,RCBD,10,NA,cropland,cropland,3,3,Fig 1,sd to be estimated,g C m-2,Done,"6 902,86",NA,NA,69.03,12.690113419596186,"7 337,14",NA,NA,73.37,10.186657941251758,NA,NA,YES,"0,06101410571",0,YES,"0,434285714",NA,NA,NA,NA,NA,1713,Tropical Wet,10,20,TRUE,"(5,10]",-83.6333,9.88333333333333,FALSE,Beans/Maize,Alley/Hedgerow,1,A:<0/+1,Randomized Designs,Cropland,"[0,15)",TRUE,TRUE,0.06097394001051881,0.017690546629618643
849,139,848,2006,"Oelbermann, M.; Voroney, R. P.; Kass, D. C. L.; Schlonvoigt, A. M.",English,Article,NA,http://dx.doi.org/10.1016/j.geoderma.2005.02.009,Here we compare a SAF system that is 10 year old with its sole crop equivalent,LMP,Cropland,Full sun,NA,"zea mays,Phaseolus vulgaris",2,0,2,1,Cropland,Alley cropping,"Beans, Maize",NA,"zea mays,Phaseolus vulgaris,Gliricidia sepium",3,1,2,2,833,NA,Ferti+_ both,NA,Costa Rica,9°53'N,83°38'W,9.88333333333333,-83.6333,602,2648,21.7,NA,Cambisols,20,40,20,110,40,110,40,RCBD,10,NA,cropland,cropland,3,3,Fig 1,sd to be estimated,g C m-2,Done,"3 085,71",NA,NA,30.86,5.673140665344608,"3 771,43",NA,NA,37.71,5.235639511579716,NA,NA,YES,"0,2006706953",0,YES,"0,685714285",NA,NA,NA,NA,NA,1713,Tropical Wet,30,20,FALSE,"(25,50]",-83.6333,9.88333333333333,FALSE,Beans/Maize,Alley/Hedgerow,1,A:<0/+1,Randomized Designs,Cropland,"[30,45)",TRUE,TRUE,0.20046446433525103,0.017690546629618643
850,139,849,2006,"Oelbermann, M.; Voroney, R. P.; Kass, D. C. L.; Schlonvoigt, A. M.",English,Article,NA,http://dx.doi.org/10.1016/j.geoderma.2005.02.009,Here we compare a SAF system that is 10 year old with its sole crop equivalent,LMP,Cropland,Full sun,NA,"zea mays,Phaseolus vulgaris",2,0,2,1,Cropland,Alley cropping,"Beans, Maize",NA,"zea mays,Phaseolus vulgaris,Gliricidia sepium",3,1,2,2,833,NA,Ferti-_ both,NA,Costa Rica,9°53'N,83°38'W,9.88333333333333,-83.6333,602,2648,21.7,NA,Cambisols,0,20,20,110,40,110,40,RCBD,10,NA,cropland,cropland,3,3,Fig 1,sd to be estimated,g C m-2,Done,"7 314,29",NA,NA,73.14,13.445674279433073,"8 091,43",NA,NA,80.91,11.2335081644634,NA,NA,YES,"0,1009759173",0,YES,"0,777142857",NA,NA,NA,NA,NA,1713,Tropical Wet,10,20,TRUE,"(5,10]",-83.6333,9.88333333333333,FALSE,Beans/Maize,Alley/Hedgerow,1,A:<0/+1,Randomized Designs,Cropland,"[0,15)",TRUE,TRUE,0.10096201309851309,0.017690546629618643
851,139,850,2006,"Oelbermann, M.; Voroney, R. P.; Kass, D. C. L.; Schlonvoigt, A. M.",English,Article,NA,http://dx.doi.org/10.1016/j.geoderma.2005.02.009,Here we compare a SAF system that is 10 year old with its sole crop equivalent,LMP,Cropland,Full sun,NA,"zea mays,Phaseolus vulgaris",2,0,2,1,Cropland,Alley cropping,"Beans, Maize",NA,"zea mays,Phaseolus vulgaris,Gliricidia sepium",3,1,2,2,833,NA,Ferti-_ both,NA,Costa Rica,9°53'N,83°38'W,9.88333333333333,-83.6333,602,2648,21.7,NA,Cambisols,20,40,20,110,40,110,40,RCBD,10,NA,cropland,cropland,3,3,Fig 1,sd to be estimated,g C m-2,Done,"3 291,43",NA,NA,32.91,6.050001921467629,"2 994,29",NA,NA,29.94,4.156856191373554,NA,NA,YES,"-0,09461597634",0,YES,"-0,297142857",NA,NA,NA,NA,NA,1713,Tropical Wet,30,20,FALSE,"(25,50]",-83.6333,9.88333333333333,FALSE,Beans/Maize,Alley/Hedgerow,1,A:<0/+1,Randomized Designs,Cropland,"[30,45)",TRUE,TRUE,-0.09458118396376616,0.017690546629618643
868,148,867,2001,"Gabriela Avila, Francisco Jiménez Otárola, Muhammad Akbar Ibrahim, John Beer",Spanish,Study,https://repositorio.catie.ac.cr/bitstream/handle/11554/5765/Almacenamiento_fijacion_de_carbon.pdf?sequence=1&isAllowed=y,NA,NA,LMP,Cropland,Full sun,NA,Coffea arabica,1,1,0,0,Cropland,Shaded perennial,Coffee,NA,"Coffea arabica,Eucalyptus deglupta",2,2,0,0,277,NA,NA,NA,Costa Rica,NA,NA,10.085,-84.345,1050,2263,21.75,NA,Andosols,0,25,25,73,0,73,0,CI,5.5,NA,unknown,unknown,9,9,Table 1,NA,t C ha-1,Done,"153,90","37,00","37,00",153.9,37,"139,10","23,30","23,30",139.1,23.3,NA,NA,YES,"-0,1011099419","0,009539759928",YES,"-2,690909091",NA,NA,NA,NA,NA,1713,Tropical Montane,12.5,25,TRUE,"(10,15]",-84.345,10.085,FALSE,Cocoa/Coffee,Shaded perennial,1,A:<0/+1,Control-Impact Designs,Unknown/mixed,"[0,15)",FALSE,FALSE,-0.10110994191543643,0.009539759928326815
869,148,868,2001,"Gabriela Avila, Francisco Jiménez Otárola, Muhammad Akbar Ibrahim, John Beer",Spanish,Study,https://repositorio.catie.ac.cr/bitstream/handle/11554/5765/Almacenamiento_fijacion_de_carbon.pdf?sequence=1&isAllowed=y,NA,NA,LMP,Cropland,Full sun,NA,Coffea arabica,1,1,0,0,Cropland,Shaded perennial,Coffee,NA,"Coffea arabica,Eucalyptus deglupta",2,2,0,0,156,NA,NA,NA,Costa Rica,NA,NA,10.085,-84.345,1050,2263,21.75,NA,Andosols,0,25,25,73,0,73,0,CI,6.5,NA,unknown,unknown,9,9,Table 1,NA,t C ha-1,Done,"153,90","37,00","37,00",153.9,37,"161,00","54,40","54,40",161,54.4,NA,NA,YES,"0,04510132414","0,01910757977",YES,"1,092307692",NA,NA,NA,NA,NA,1713,Tropical Montane,12.5,25,TRUE,"(10,15]",-84.345,10.085,FALSE,Cocoa/Coffee,Shaded perennial,1,A:<0/+1,Control-Impact Designs,Unknown/mixed,"[0,15)",FALSE,FALSE,0.04510132413962951,0.01910757977012698
870,148,869,2001,"Gabriela Avila, Francisco Jiménez Otárola, Muhammad Akbar Ibrahim, John Beer",Spanish,Study,https://repositorio.catie.ac.cr/bitstream/handle/11554/5765/Almacenamiento_fijacion_de_carbon.pdf?sequence=1&isAllowed=y,NA,NA,LMP,Cropland,Full sun,NA,Coffea arabica,1,1,0,0,Cropland,Shaded perennial,Coffee,NA,"Coffea arabica,Eucalyptus deglupta",2,2,0,0,156,NA,NA,NA,Costa Rica,NA,NA,10.085,-84.345,1050,2263,21.75,NA,Andosols,0,25,25,73,0,73,0,CI,10,NA,unknown,unknown,9,9,Table 1,NA,t C ha-1,Done,"153,90","37,00","37,00",153.9,37,"108,60","15,40","15,40",108.6,15.4,NA,NA,YES,"-0,3486316333","0,008656486781",YES,"-4,53",NA,NA,NA,NA,NA,1713,Tropical Montane,12.5,25,TRUE,"(10,15]",-84.345,10.085,FALSE,Cocoa/Coffee,Shaded perennial,1,A:<0/+1,Control-Impact Designs,Unknown/mixed,"[0,15)",FALSE,FALSE,-0.3486316333449985,0.008656486781298722
871,148,870,2001,"Gabriela Avila, Francisco Jiménez Otárola, Muhammad Akbar Ibrahim, John Beer",Spanish,Study,https://repositorio.catie.ac.cr/bitstream/handle/11554/5765/Almacenamiento_fijacion_de_carbon.pdf?sequence=1&isAllowed=y,NA,NA,LMP,Cropland,Full sun,NA,Coffea arabica,1,1,0,0,Cropland,Shaded perennial,Coffee,NA,"Coffea arabica,Erythrina poeppigiana",2,2,0,1,156,NA,NA,NA,Costa Rica,NA,NA,10.085,-84.345,1050,2263,21.75,NA,Andosols,0,25,25,73,0,73,0,CI,11,NA,unknown,unknown,9,9,Table 1,NA,t C ha-1,Done,"153,90","37,00","37,00",153.9,37,"184,40","13,80","13,80",184.4,13.8,NA,NA,YES,"0,1808042703","0,007044489563",YES,"2,541666667",NA,NA,NA,NA,NA,1713,Tropical Montane,12.5,25,TRUE,"(10,15]",-84.345,10.085,FALSE,Cocoa/Coffee,Shaded perennial,1,A:<0/+1,Control-Impact Designs,Unknown/mixed,"[0,15)",FALSE,FALSE,0.18080427027765986,0.007044489563181483
878,148,877,2001,"Gabriela Avila, Francisco Jiménez Otárola, Muhammad Akbar Ibrahim, John Beer",Spanish,Study,https://repositorio.catie.ac.cr/bitstream/handle/11554/5765/Almacenamiento_fijacion_de_carbon.pdf?sequence=1&isAllowed=y,NA,NA,LMP,Grassland,Full sun,NA,Brachiaria brizantha,1,0,1,0,Grassland,SilvoPasture,Pasture,NA,"Brachiaria brizantha,Acacia mangium",2,1,1,0,370,NA,NA,NA,Costa Rica,NA,NA,10.21,-83.735,200,4380,24.6,NA,Andosols,0,25,25,73,0,73,0,CI,3.8,NA,unknown,unknown,9,9,Table 1,NA,t C ha-1,Done,"66,20","16,40","16,40",66.2,16.4,"86,60","17,50","17,50",86.6,17.5,NA,NA,YES,"0,2686193526","0,01135643696",YES,"5,1",NA,NA,NA,NA,NA,1713,Tropical Wet,12.5,25,TRUE,"(10,15]",-83.735,10.21,FALSE,Pasture,SilvoPasture,1,A:<0/+1,Control-Impact Designs,Unknown/mixed,"[0,15)",FALSE,FALSE,0.26861935262542685,0.011356436960226195
879,148,878,2001,"Gabriela Avila, Francisco Jiménez Otárola, Muhammad Akbar Ibrahim, John Beer",Spanish,Study,https://repositorio.catie.ac.cr/bitstream/handle/11554/5765/Almacenamiento_fijacion_de_carbon.pdf?sequence=1&isAllowed=y,NA,NA,LMP,Grassland,Full sun,NA,Brachiaria brizantha,1,0,1,0,Grassland,SilvoPasture,Pasture,NA,"Brachiaria brizantha,Eucalyptus deglupta",2,1,1,0,370,NA,NA,NA,Costa Rica,NA,NA,10.21,-83.735,200,4380,24.6,NA,Andosols,0,25,25,73,0,73,0,CI,3.8,NA,unknown,unknown,9,9,Table 1,NA,t C ha-1,Done,"66,20","16,40","16,40",66.2,16.4,"87,30","0,40","0,40",87.3,0.4,NA,NA,YES,"0,2766699999","0,006821466382",YES,"5,275",NA,NA,NA,NA,NA,1713,Tropical Wet,12.5,25,TRUE,"(10,15]",-83.735,10.21,FALSE,Pasture,SilvoPasture,1,A:<0/+1,Control-Impact Designs,Unknown/mixed,"[0,15)",FALSE,FALSE,0.27666999990259394,0.006821466381539482
884,148,883,2001,"Gabriela Avila, Francisco Jiménez Otárola, Muhammad Akbar Ibrahim, John Beer",Spanish,Study,https://repositorio.catie.ac.cr/bitstream/handle/11554/5765/Almacenamiento_fijacion_de_carbon.pdf?sequence=1&isAllowed=y,NA,NA,LMP,Grassland,Full sun,NA,ratana,1,0,0,0,Grassland,SilvoPasture,Pasture,NA,"Brachiaria brizantha,Acacia mangium",2,1,1,0,370,NA,NA,NA,Costa Rica,NA,NA,10.21,-83.735,200,4380,24.6,NA,Andosols,0,25,25,73,0,73,0,CI,3,NA,unknown,unknown,9,9,Table 1,NA,t C ha-1,Done,"84,20","11,10","11,10",84.2,11.1,"86,60","17,50","17,50",86.6,17.5,NA,NA,YES,"0,02810489432","0,006468289848",YES,"0,8",NA,NA,NA,NA,NA,1713,Tropical Wet,12.5,25,TRUE,"(10,15]",-83.735,10.21,FALSE,Pasture,SilvoPasture,1,A:<0/+1,Control-Impact Designs,Unknown/mixed,"[0,15)",FALSE,FALSE,0.028104894320108306,0.00646828984822695
885,148,884,2001,"Gabriela Avila, Francisco Jiménez Otárola, Muhammad Akbar Ibrahim, John Beer",Spanish,Study,https://repositorio.catie.ac.cr/bitstream/handle/11554/5765/Almacenamiento_fijacion_de_carbon.pdf?sequence=1&isAllowed=y,NA,NA,LMP,Grassland,Full sun,NA,ratana,1,0,0,0,Grassland,SilvoPasture,Pasture,NA,"Brachiaria brizantha,Eucalyptus deglupta",2,1,1,0,370,NA,NA,NA,Costa Rica,NA,NA,10.21,-83.735,200,4380,24.6,NA,Andosols,0,25,25,73,0,73,0,CI,3,NA,unknown,unknown,9,9,Table 1,NA,t C ha-1,Done,"84,20","11,10","11,10",84.2,11.1,"87,30","0,40","0,40",87.3,0.4,NA,NA,YES,"0,0361555416","0,00193331927",YES,"1,033333333",NA,NA,NA,NA,NA,1713,Tropical Wet,12.5,25,TRUE,"(10,15]",-83.735,10.21,FALSE,Pasture,SilvoPasture,1,A:<0/+1,Control-Impact Designs,Unknown/mixed,"[0,15)",FALSE,FALSE,0.03615554159727549,0.0019333192695402375
886,150,885,1999,Ibrahim Muhammad Akbar; López Alejandro; Schlönvoigt Andrea; Kleinn Christoph; Kanninen Markku,Spanish,Study,https://repositorio.catie.ac.cr/bitstream/handle/11554/5996/Cuantificacion_del_carbono.pdf?sequence=1&isAllowed=y,NA,NA,LMP,Grassland,Full sun,NA,Panicum maximum,1,0,1,0,Grassland,SilvoPasture,Pasture,NA,"Panicum maximum,Cordia alliodora",2,1,1,0,180,NA,NA,NA,Costa Rica,10°28'N,84°35'W,10.4666666666667,-84.5833333333333,250,3609,26.1,NA,Andosols,0,10,10,110,40,110,40,CI,3,Pastures,unknown,pasture,1,1,Figure 2,sd to be estimated,g C L-1,Done,"71,99",NA,NA,71.99,20.79590842169849,"69,09",NA,NA,69.09,20.405272966251232,NA,NA,YES,"-0,04114707126",0,YES,"-0,9673830567",NA,NA,NA,251,95,1713,Tropical Wet,5,10,TRUE,"(0,5]",-84.5833333333333,10.4666666666667,FALSE,Pasture,SilvoPasture,1,A:<0/+1,Control-Impact Designs,Unknown/mixed,"[0,15)",TRUE,TRUE,-0.04111721798050794,0.17067484006050193
887,150,886,1999,Ibrahim Muhammad Akbar; López Alejandro; Schlönvoigt Andrea; Kleinn Christoph; Kanninen Markku,Spanish,Study,https://repositorio.catie.ac.cr/bitstream/handle/11554/5996/Cuantificacion_del_carbono.pdf?sequence=1&isAllowed=y,NA,NA,LMP,Grassland,Full sun,NA,Panicum maximum,1,0,1,0,Grassland,SilvoPasture,Pasture,NA,"Panicum maximum,Cordia alliodora",2,1,1,0,180,NA,NA,NA,Costa Rica,10°28'N,84°35'W,10.4666666666667,-84.5833333333333,250,3609,26.1,NA,Andosols,10,20,10,110,40,110,40,CI,3,Pastures,unknown,pasture,1,1,Figure 2,sd to be estimated,g C L-1,Done,"48,99",NA,NA,48.99,14.151848223072774,"45,00",NA,NA,45,13.29045134579976,NA,NA,YES,"-0,08493747999",0,YES,"-1,329735033",NA,NA,NA,251,95,1713,Tropical Wet,15,10,FALSE,"(10,15]",-84.5833333333333,10.4666666666667,FALSE,Pasture,SilvoPasture,1,A:<0/+1,Control-Impact Designs,Unknown/mixed,"[15,30)",TRUE,TRUE,-0.08495370588016372,0.17067484006050193
888,150,887,1999,Ibrahim Muhammad Akbar; López Alejandro; Schlönvoigt Andrea; Kleinn Christoph; Kanninen Markku,Spanish,Study,https://repositorio.catie.ac.cr/bitstream/handle/11554/5996/Cuantificacion_del_carbono.pdf?sequence=1&isAllowed=y,NA,NA,LMP,Grassland,Full sun,NA,Panicum maximum,1,0,1,0,Grassland,SilvoPasture,Pasture,NA,"Panicum maximum,Cordia alliodora",2,1,1,0,180,NA,NA,NA,Costa Rica,10°28'N,84°35'W,10.4666666666667,-84.5833333333333,250,3609,26.1,NA,Andosols,20,30,10,110,40,110,40,CI,9,Pastures,unknown,pasture,1,1,Figure 2,sd to be estimated,g C L-1,Done,"45,85",NA,NA,45.85,13.24478956986909,"25,35",NA,NA,25.35,7.486954258133865,NA,NA,YES,"-0,5925718542",0,YES,"-6,832957147",NA,NA,NA,251,95,1713,Tropical Wet,25,10,FALSE,"(15,25]",-84.5833333333333,10.4666666666667,TRUE,Pasture,SilvoPasture,1,A:<0/+1,Control-Impact Designs,Unknown/mixed,"[15,30)",TRUE,TRUE,-0.5925964686652817,0.17067484006050193
889,150,888,1999,Ibrahim Muhammad Akbar; López Alejandro; Schlönvoigt Andrea; Kleinn Christoph; Kanninen Markku,Spanish,Study,https://repositorio.catie.ac.cr/bitstream/handle/11554/5996/Cuantificacion_del_carbono.pdf?sequence=1&isAllowed=y,NA,NA,LMP,Grassland,Full sun,NA,Panicum maximum,1,0,1,0,Grassland,SilvoPasture,Pasture,NA,"Panicum maximum,Cordia alliodora",2,1,1,0,180,NA,NA,NA,Costa Rica,10°28'N,84°35'W,10.4666666666667,-84.5833333333333,250,3609,26.1,NA,Andosols,30,50,20,110,40,110,40,CI,9,Pastures,unknown,pasture,1,1,Figure 2,sd to be estimated,g C L-1,Done,"32,66",NA,NA,65.32,18.869130964097028,"19,27",NA,NA,38.54,11.382533219269394,NA,NA,YES,"-0,5275853793",0,YES,"-8,92631338",NA,NA,NA,251,95,1713,Tropical Wet,40,20,FALSE,"(25,50]",-84.5833333333333,10.4666666666667,TRUE,Pasture,SilvoPasture,1,A:<0/+1,Control-Impact Designs,Unknown/mixed,"[30,45)",TRUE,TRUE,-0.527601605116044,0.17067484006050193
890,150,889,1999,Ibrahim Muhammad Akbar; López Alejandro; Schlönvoigt Andrea; Kleinn Christoph; Kanninen Markku,Spanish,Study,https://repositorio.catie.ac.cr/bitstream/handle/11554/5996/Cuantificacion_del_carbono.pdf?sequence=1&isAllowed=y,NA,NA,LMP,Grassland,Full sun,NA,Panicum maximum,1,0,1,0,Grassland,SilvoPasture,Pasture,NA,"Panicum maximum,Cordia alliodora",2,1,1,0,153,NA,NA,NA,Costa Rica,10°28'N,84°35'W,10.4666666666667,-84.5833333333333,250,3609,26.1,NA,Cambisols,0,10,10,110,40,110,40,CI,9,Pastures,unknown,pasture,1,1,Figure 2,sd to be estimated,g C L-1,Done,"71,99",NA,NA,71.99,20.79590842169849,"62,89",NA,NA,62.89,18.574144114163264,NA,NA,YES,"-0,1352465253",0,YES,"-1,821393524",NA,NA,NA,251,95,1713,Tropical Wet,5,10,TRUE,"(0,5]",-84.5833333333333,10.4666666666667,TRUE,Pasture,SilvoPasture,1,A:<0/+1,Control-Impact Designs,Unknown/mixed,"[0,15)",TRUE,TRUE,-0.13514005192579945,0.17067484006050193
891,150,890,1999,Ibrahim Muhammad Akbar; López Alejandro; Schlönvoigt Andrea; Kleinn Christoph; Kanninen Markku,Spanish,Study,https://repositorio.catie.ac.cr/bitstream/handle/11554/5996/Cuantificacion_del_carbono.pdf?sequence=1&isAllowed=y,NA,NA,LMP,Grassland,Full sun,NA,Panicum maximum,1,0,1,0,Grassland,SilvoPasture,Pasture,NA,"Panicum maximum,Cordia alliodora",2,1,1,0,153,NA,NA,NA,Costa Rica,10°28'N,84°35'W,10.4666666666667,-84.5833333333333,250,3609,26.1,NA,Cambisols,10,20,10,110,40,110,40,CI,12.6820185614849,Pastures,unknown,pasture,1,1,Figure 2,sd to be estimated,g C L-1,Done,"48,99",NA,NA,48.99,14.151848223072774,"47,97",NA,NA,47.97,14.167621134622543,NA,NA,YES,"-0,02105340921",0,YES,"-0,204121688",NA,NA,NA,251,95,1713,Tropical Wet,15,10,FALSE,"(10,15]",-84.5833333333333,10.4666666666667,FALSE,Pasture,SilvoPasture,1,A:<0/+1,Control-Impact Designs,Unknown/mixed,"[15,30)",TRUE,TRUE,-0.0210403801365109,0.17067484006050193
892,150,891,1999,Ibrahim Muhammad Akbar; López Alejandro; Schlönvoigt Andrea; Kleinn Christoph; Kanninen Markku,Spanish,Study,https://repositorio.catie.ac.cr/bitstream/handle/11554/5996/Cuantificacion_del_carbono.pdf?sequence=1&isAllowed=y,NA,NA,LMP,Grassland,Full sun,NA,Panicum maximum,1,0,1,0,Grassland,SilvoPasture,Pasture,NA,"Panicum maximum,Cordia alliodora",2,1,1,0,153,NA,NA,NA,Costa Rica,10°28'N,84°35'W,10.4666666666667,-84.5833333333333,250,3609,26.1,NA,Cambisols,20,30,10,110,40,110,40,CI,9,Pastures,unknown,pasture,1,1,Figure 2,sd to be estimated,g C L-1,Done,"45,85",NA,NA,45.85,13.24478956986909,"33,05",NA,NA,33.05,9.761098155081823,NA,NA,YES,"-0,327268149",0,YES,"-2,559371932",NA,NA,NA,251,95,1713,Tropical Wet,25,10,FALSE,"(15,25]",-84.5833333333333,10.4666666666667,TRUE,Pasture,SilvoPasture,1,A:<0/+1,Control-Impact Designs,Unknown/mixed,"[15,30)",TRUE,TRUE,-0.32735363240477866,0.17067484006050193
893,150,892,1999,Ibrahim Muhammad Akbar; López Alejandro; Schlönvoigt Andrea; Kleinn Christoph; Kanninen Markku,Spanish,Study,https://repositorio.catie.ac.cr/bitstream/handle/11554/5996/Cuantificacion_del_carbono.pdf?sequence=1&isAllowed=y,NA,NA,LMP,Grassland,Full sun,NA,Panicum maximum,1,0,1,0,Grassland,SilvoPasture,Pasture,NA,"Panicum maximum,Cordia alliodora",2,1,1,0,153,NA,NA,NA,Costa Rica,10°28'N,84°35'W,10.4666666666667,-84.5833333333333,250,3609,26.1,NA,Cambisols,30,50,20,110,40,110,40,CI,9,Pastures,unknown,pasture,1,1,Figure 2,sd to be estimated,g C L-1,Done,"32,66",NA,NA,65.32,18.869130964097028,"26,77",NA,NA,53.54,15.812683667869313,NA,NA,YES,"-0,1988027828",0,YES,"-2,355250244",NA,NA,NA,251,95,1713,Tropical Wet,40,20,FALSE,"(25,50]",-84.5833333333333,10.4666666666667,TRUE,Pasture,SilvoPasture,1,A:<0/+1,Control-Impact Designs,Unknown/mixed,"[30,45)",TRUE,TRUE,-0.19886923001005788,0.17067484006050193
894,150,893,1999,Ibrahim Muhammad Akbar; López Alejandro; Schlönvoigt Andrea; Kleinn Christoph; Kanninen Markku,Spanish,Study,https://repositorio.catie.ac.cr/bitstream/handle/11554/5996/Cuantificacion_del_carbono.pdf?sequence=1&isAllowed=y,NA,NA,LMP,Grassland,Full sun,NA,Panicum maximum,1,0,1,0,Grassland,SilvoPasture,Pasture,NA,"Panicum maximum,Cordia alliodora",2,1,1,0,125,NA,NA,NA,Costa Rica,10°28'N,84°35'W,10.4666666666667,-84.5833333333333,250,3609,26.1,NA,Cambisols,0,10,10,110,40,110,40,CI,12,Pastures,unknown,pasture,1,1,Figure 2,sd to be estimated,g C L-1,Done,"71,99",NA,NA,71.99,20.79590842169849,"57,78",NA,NA,57.78,17.064939528006892,NA,NA,YES,"-0,2198773536",0,YES,"-2,030001403",NA,NA,NA,251,95,1713,Tropical Wet,5,10,TRUE,"(0,5]",-84.5833333333333,10.4666666666667,FALSE,Pasture,SilvoPasture,1,A:<0/+1,Control-Impact Designs,Unknown/mixed,"[0,15)",TRUE,TRUE,-0.21988452544312231,0.17067484006050193
895,150,894,1999,Ibrahim Muhammad Akbar; López Alejandro; Schlönvoigt Andrea; Kleinn Christoph; Kanninen Markku,Spanish,Study,https://repositorio.catie.ac.cr/bitstream/handle/11554/5996/Cuantificacion_del_carbono.pdf?sequence=1&isAllowed=y,NA,NA,LMP,Grassland,Full sun,NA,Panicum maximum,1,0,1,0,Grassland,SilvoPasture,Pasture,NA,"Panicum maximum,Cordia alliodora",2,1,1,0,125,NA,NA,NA,Costa Rica,10°28'N,84°35'W,10.4666666666667,-84.5833333333333,250,3609,26.1,NA,Cambisols,10,20,10,110,40,110,40,CI,12,Pastures,unknown,pasture,1,1,Figure 2,sd to be estimated,g C L-1,Done,"48,99",NA,NA,48.99,14.151848223072774,"42,16",NA,NA,42.16,12.451676194198173,NA,NA,YES,"-0,1501522738",0,YES,"-0,97574653",NA,NA,NA,251,95,1713,Tropical Wet,15,10,FALSE,"(10,15]",-84.5833333333333,10.4666666666667,FALSE,Pasture,SilvoPasture,1,A:<0/+1,Control-Impact Designs,Unknown/mixed,"[15,30)",TRUE,TRUE,-0.15014429141737665,0.17067484006050193
896,150,895,1999,Ibrahim Muhammad Akbar; López Alejandro; Schlönvoigt Andrea; Kleinn Christoph; Kanninen Markku,Spanish,Study,https://repositorio.catie.ac.cr/bitstream/handle/11554/5996/Cuantificacion_del_carbono.pdf?sequence=1&isAllowed=y,NA,NA,LMP,Grassland,Full sun,NA,Panicum maximum,1,0,1,0,Grassland,SilvoPasture,Pasture,NA,"Panicum maximum,Cordia alliodora",2,1,1,0,125,NA,NA,NA,Costa Rica,10°28'N,84°35'W,10.4666666666667,-84.5833333333333,250,3609,26.1,NA,Cambisols,20,30,10,110,40,110,40,CI,12,Pastures,unknown,pasture,1,1,Figure 2,sd to be estimated,g C L-1,Done,"45,85",NA,NA,45.85,13.24478956986909,"28,89",NA,NA,28.89,8.532469764003446,NA,NA,YES,"-0,4618180445",0,YES,"-2,422543109",NA,NA,NA,251,95,1713,Tropical Wet,25,10,FALSE,"(15,25]",-84.5833333333333,10.4666666666667,FALSE,Pasture,SilvoPasture,1,A:<0/+1,Control-Impact Designs,Unknown/mixed,"[15,30)",TRUE,TRUE,-0.46187968422433007,0.17067484006050193
897,150,896,1999,Ibrahim Muhammad Akbar; López Alejandro; Schlönvoigt Andrea; Kleinn Christoph; Kanninen Markku,Spanish,Study,https://repositorio.catie.ac.cr/bitstream/handle/11554/5996/Cuantificacion_del_carbono.pdf?sequence=1&isAllowed=y,NA,NA,LMP,Grassland,Full sun,NA,Panicum maximum,1,0,1,0,Grassland,SilvoPasture,Pasture,NA,"Panicum maximum,Cordia alliodora",2,1,1,0,125,NA,NA,NA,Costa Rica,10°28'N,84°35'W,10.4666666666667,-84.5833333333333,250,3609,26.1,NA,Cambisols,30,50,20,110,40,110,40,CI,12,Pastures,unknown,pasture,1,1,Figure 2,sd to be estimated,g C L-1,Done,"32,66",NA,NA,65.32,18.869130964097028,"23,79",NA,NA,47.58,14.052437222958945,NA,NA,YES,"-0,3169524547",0,YES,"-2,534697883",NA,NA,NA,251,95,1713,Tropical Wet,40,20,FALSE,"(25,50]",-84.5833333333333,10.4666666666667,FALSE,Pasture,SilvoPasture,1,A:<0/+1,Control-Impact Designs,Unknown/mixed,"[30,45)",TRUE,TRUE,-0.3168857632274526,0.17067484006050193
928,151,927,2002,"Villanueva Cristóbal, Ibrahim Muhammad Akbar",Spanish,Study,https://repositorio.catie.ac.cr/bitstream/handle/11554/6284/Evaluacion_del_impacto.pdf?sequence=1&isAllowed=y,NA,NA,LMP,Grassland,Full sun,NA,Pennisetum clandestinum,1,0,1,0,Grassland,SilvoPasture,Pasture,NA,"Pennisetum clandestinum,Alnus acuminata",2,1,1,1,711,NA,NA,NA,Costa Rica,9°57'30''N,83°54'00''W,9.95833333333333,-83.9,2000,2700,17,NA,Cambisols,0,20,20,123,73,107,73,BA,4,Pastures,NA,pasture,3,3,Table 1,NA,t C ha-1,Done,"65,10","15,80","15,80",65.1,15.8,"78,40","3,80","3,80",78.4,3.8,NA,"1,3",YES,"0,1858993781","0,0204180955",YES,NA,NA,NA,1.3,160,90,1290,Warm Temperate Moist,10,20,TRUE,"(5,10]",-83.9,9.95833333333333,FALSE,Pasture,SilvoPasture,1,A:<0/+1,Before-After Designs,Unknown/mixed,"[0,15)",FALSE,FALSE,0.18589937814183882,0.020418095497570763
929,151,928,2002,"Villanueva Cristóbal, Ibrahim Muhammad Akbar",Spanish,Study,https://repositorio.catie.ac.cr/bitstream/handle/11554/6284/Evaluacion_del_impacto.pdf?sequence=1&isAllowed=y,NA,NA,LMP,Grassland,Full sun,NA,Pennisetum clandestinum,1,0,1,0,Grassland,SilvoPasture,Pasture,NA,"Pennisetum clandestinum,Alnus acuminata",2,1,1,1,711,NA,NA,NA,Costa Rica,9°57'30''N,83°54'00''W,9.95833333333333,-83.9,2000,2700,17,NA,Cambisols,20,40,20,123,73,107,73,BA,4,Pastures,NA,pasture,3,3,Table 1,NA,t C ha-1,Done,"62,70","9,70","9,70",62.7,9.7,"65,70","5,40","5,40",65.7,5.4,NA,"0,85",YES,"0,04673747785","0,01022970286",YES,NA,NA,NA,0.85,160,90,1290,Warm Temperate Moist,30,20,FALSE,"(25,50]",-83.9,9.95833333333333,FALSE,Pasture,SilvoPasture,1,A:<0/+1,Before-After Designs,Unknown/mixed,"[30,45)",FALSE,FALSE,0.04673747785168984,0.010229702862663566
930,151,929,2002,"Villanueva Cristóbal, Ibrahim Muhammad Akbar",Spanish,Study,https://repositorio.catie.ac.cr/bitstream/handle/11554/6284/Evaluacion_del_impacto.pdf?sequence=1&isAllowed=y,NA,NA,LMP,Grassland,Full sun,NA,Pennisetum clandestinum,1,0,1,0,Grassland,SilvoPasture,Pasture,NA,"Pennisetum clandestinum,Alnus acuminata",2,1,1,1,711,NA,NA,NA,Costa Rica,9°57'30''N,83°54'00''W,9.95833333333333,-83.9,2000,2700,17,NA,Cambisols,40,60,20,123,73,107,73,BA,4,Pastures,NA,pasture,3,3,Table 1,NA,t C ha-1,Done,"56,80","9,00","9,00",56.8,9,"52,60","3,40","3,40",52.6,3.4,NA,"0,375",YES,"-0,07682020598","0,009761599324",YES,NA,NA,NA,0.375,160,90,1290,Warm Temperate Moist,50,20,FALSE,"(25,50]",-83.9,9.95833333333333,FALSE,Pasture,SilvoPasture,1,A:<0/+1,Before-After Designs,Unknown/mixed,"[45,55)",FALSE,FALSE,-0.07682020598344139,0.009761599324043711
932,153,931,2013,"Muhammad Ibrahim, Mario Chacón, César Cuartas, Juan Naranjo, Guillermo Ponce, Pedro Vega, Francisco Casasola, Jairo Rojas",Spanish,Study,https://repositorio.catie.ac.cr/bitstream/handle/11554/7934/Almacenamiento_de_carbono_en_el_suelo.pdf?sequence=2&isAllowed=y,NA,NA,LMP,Grassland,Full sun,degraded,Pasture,3,0,3,0,Grassland,SilvoPasture,Pasture,NA,"Leucaena leucocephala,Cynodon plectostachyus",2,1,1,1,NA,NA,NA,NA,Colombia,4°26'N,75°38'00''W,4.4333,-75.6333,1128,1950,21.6,NA,Cambisols,0,100,100,85,87,85,87,CI,12,NA,unknown,unknown,9,9,Figure 3,SE,t C ha-1,Done,"68,80","5,38 SE","16,14",68.8,16.14,"63,25","5,38 SE","16,14",63.25,16.14,NA,NA,YES,"-0,08410861733","0,01334995885",YES,"-0,8538461538",NA,NA,NA,NA,NA,1713,Tropical Montane,50,100,TRUE,"(25,50]",-75.6333,4.4333,FALSE,Pasture,SilvoPasture,-1,A:<0/+1,Control-Impact Designs,Unknown/mixed,"[45,55)",FALSE,FALSE,-0.08410861733166834,0.013349958850992182
933,153,932,2013,"Muhammad Ibrahim, Mario Chacón, César Cuartas, Juan Naranjo, Guillermo Ponce, Pedro Vega, Francisco Casasola, Jairo Rojas",Spanish,Study,https://repositorio.catie.ac.cr/bitstream/handle/11554/7934/Almacenamiento_de_carbono_en_el_suelo.pdf?sequence=2&isAllowed=y,NA,NA,LMP,Grassland,Full sun,improved,Pasture,3,0,3,0,Grassland,SilvoPasture,Pasture,NA,"Leucaena leucocephala,Cynodon plectostachyus",2,1,1,1,NA,NA,NA,NA,Colombia,4°26'N,75°38'00''W,4.4333,-75.6333,1128,1950,21.6,NA,Cambisols,0,100,100,85,87,85,87,CI,12,NA,unknown,unknown,9,9,Figure 3,SE,t C ha-1,Done,"81,15","3,84 SE","11,52",81.15,11.52,"63,25","5,38 SE","16,14",63.25,16.14,NA,NA,YES,"-0,2492041664","0,009474243974",YES,"-2,753846154",NA,NA,NA,NA,NA,1713,Tropical Montane,50,100,TRUE,"(25,50]",-75.6333,4.4333,FALSE,Pasture,SilvoPasture,-1,A:<0/+1,Control-Impact Designs,Unknown/mixed,"[45,55)",FALSE,FALSE,-0.24920416635297069,0.009474243974326686
935,153,934,2013,"Muhammad Ibrahim, Mario Chacón, César Cuartas, Juan Naranjo, Guillermo Ponce, Pedro Vega, Francisco Casasola, Jairo Rojas",Spanish,Study,https://repositorio.catie.ac.cr/bitstream/handle/11554/7934/Almacenamiento_de_carbono_en_el_suelo.pdf?sequence=2&isAllowed=y,NA,NA,LMP,Grassland,Full sun,degraded,Brachiaria brizantha,1,0,1,0,Grassland,SilvoPasture,Pasture,low tree density,"Brachiaria brizantha,trees",2,1,1,0,<30,NA,NA,NA,Costa Rica,10°09'N,84°42'W,10.15,-84.7,280,2043,27.2,NA,Cambisols,0,100,100,100,143,100,143,CI,12,NA,unknown,unknown,9,9,Figure 3,SE,t C ha-1,Done,"21,63","6,94 SE","20,82",21.63,20.82,"117,53","20,63 SE","61,89",117.53,61.89,NA,NA,YES,"1,69275182","0,1337845247",NO,"7,991917989",NA,NA,NA,231,99,1810,Tropical Wet,50,100,TRUE,"(25,50]",-84.7,10.15,FALSE,Pasture,SilvoPasture,1,A:<0/+1,Control-Impact Designs,Unknown/mixed,"[45,55)",FALSE,FALSE,1.6926123801797954,0.13375581140637507
937,153,936,2013,"Muhammad Ibrahim, Mario Chacón, César Cuartas, Juan Naranjo, Guillermo Ponce, Pedro Vega, Francisco Casasola, Jairo Rojas",Spanish,Study,https://repositorio.catie.ac.cr/bitstream/handle/11554/7934/Almacenamiento_de_carbono_en_el_suelo.pdf?sequence=2&isAllowed=y,NA,NA,LMP,Grassland,Full sun,Ameliored,Brachiaria brizantha,1,0,1,0,Grassland,SilvoPasture,Pasture,low tree density,"Brachiaria brizantha,trees",2,1,1,0,<30,NA,NA,NA,Costa Rica,10°09'N,84°42'W,10.15,-84.7,280,2043,27.2,NA,Cambisols,0,100,100,100,143,100,143,CI,12,NA,unknown,unknown,9,9,Figure 3,SE,t C ha-1,Done,"139,48","18,25 SE","54,75",139.48,54.75,"117,53","20,63 SE","61,89",117.53,61.89,NA,NA,YES,"-0,1712276017","0,04793058383",YES,"-1,829166667",NA,NA,NA,231,99,1810,Tropical Wet,50,100,TRUE,"(25,50]",-84.7,10.15,FALSE,Pasture,SilvoPasture,1,A:<0/+1,Control-Impact Designs,Unknown/mixed,"[45,55)",FALSE,FALSE,-0.1712276016626875,0.04793058382776542
938,153,937,2013,"Muhammad Ibrahim, Mario Chacón, César Cuartas, Juan Naranjo, Guillermo Ponce, Pedro Vega, Francisco Casasola, Jairo Rojas",Spanish,Study,https://repositorio.catie.ac.cr/bitstream/handle/11554/7934/Almacenamiento_de_carbono_en_el_suelo.pdf?sequence=2&isAllowed=y,NA,NA,LMP,Grassland,Full sun,natural,Brachiaria brizantha,1,0,1,0,Grassland,SilvoPasture,Pasture,low tree density,"Brachiaria brizantha,trees",2,1,1,0,<30,NA,NA,NA,Costa Rica,10°09'N,84°42'W,10.15,-84.7,280,2043,27.2,NA,Cambisols,0,100,100,100,143,100,143,CI,15,NA,unknown,unknown,9,9,Figure 3,SE,t C ha-1,Done,"142,86","35,9 SE","107,70",142.86,107.7,"117,53","20,63 SE","61,89",117.53,61.89,NA,NA,YES,"-0,1951515098","0,09396234873",YES,"-2,110595238",NA,NA,NA,231,99,1810,Tropical Wet,50,100,TRUE,"(25,50]",-84.7,10.15,FALSE,Pasture,SilvoPasture,1,A:<0/+1,Control-Impact Designs,Unknown/mixed,"[45,55)",FALSE,FALSE,-0.1951715095820638,0.09395982274073537
940,153,939,2013,"Muhammad Ibrahim, Mario Chacón, César Cuartas, Juan Naranjo, Guillermo Ponce, Pedro Vega, Francisco Casasola, Jairo Rojas",Spanish,Study,https://repositorio.catie.ac.cr/bitstream/handle/11554/7934/Almacenamiento_de_carbono_en_el_suelo.pdf?sequence=2&isAllowed=y,NA,NA,LMP,Grassland,Full sun,degraded,Brachiaria brizantha,1,0,1,0,Grassland,SilvoPasture,Pasture,high tree density,"Brachiaria brizantha,trees",2,1,1,0,>30,NA,NA,NA,Costa Rica,10°09'N,84°42'W,10.15,-84.7,280,2043,27.2,NA,Cambisols,0,100,100,100,143,100,143,CI,12,NA,unknown,unknown,9,9,Figure 3,SE,t C ha-1,Done,"21,63","6,94 SE","20,82",21.63,20.82,"121,70","25,4 SE","76,20",121.7,76.2,NA,NA,YES,"1,7276172","0,1465337061",NO,"8,339417989",NA,NA,NA,231,99,1810,Tropical Wet,50,100,TRUE,"(25,50]",-84.7,10.15,FALSE,Pasture,SilvoPasture,1,A:<0/+1,Control-Impact Designs,Unknown/mixed,"[45,55)",FALSE,FALSE,1.7274777600285143,0.14650499276445572
942,153,941,2013,"Muhammad Ibrahim, Mario Chacón, César Cuartas, Juan Naranjo, Guillermo Ponce, Pedro Vega, Francisco Casasola, Jairo Rojas",Spanish,Study,https://repositorio.catie.ac.cr/bitstream/handle/11554/7934/Almacenamiento_de_carbono_en_el_suelo.pdf?sequence=2&isAllowed=y,NA,NA,LMP,Grassland,Full sun,Ameliored,Brachiaria brizantha,1,0,1,0,Grassland,SilvoPasture,Pasture,high tree density,"Brachiaria brizantha,trees",2,1,1,0,>30,NA,NA,NA,Costa Rica,10°09'N,84°42'W,10.15,-84.7,280,2043,27.2,NA,Cambisols,0,100,100,100,143,100,143,CI,12,NA,unknown,unknown,9,9,Figure 3,SE,t C ha-1,Done,"139,48","18,25 SE","54,75",139.48,54.75,"121,70","25,4 SE","76,20",121.7,76.2,NA,NA,YES,"-0,1363622218","0,06067976519",YES,"-1,481666667",NA,NA,NA,231,99,1810,Tropical Wet,50,100,TRUE,"(25,50]",-84.7,10.15,FALSE,Pasture,SilvoPasture,1,A:<0/+1,Control-Impact Designs,Unknown/mixed,"[45,55)",FALSE,FALSE,-0.1363622218139688,0.06067976518584606
943,153,942,2013,"Muhammad Ibrahim, Mario Chacón, César Cuartas, Juan Naranjo, Guillermo Ponce, Pedro Vega, Francisco Casasola, Jairo Rojas",Spanish,Study,https://repositorio.catie.ac.cr/bitstream/handle/11554/7934/Almacenamiento_de_carbono_en_el_suelo.pdf?sequence=2&isAllowed=y,NA,NA,LMP,Grassland,Full sun,natural,Brachiaria brizantha,1,0,1,0,Grassland,SilvoPasture,Pasture,high tree density,"Brachiaria brizantha,trees",2,1,1,0,>30,NA,NA,NA,Costa Rica,10°09'N,84°42'W,10.15,-84.7,280,2043,27.2,NA,Cambisols,0,100,100,100,143,100,143,CI,12,NA,unknown,unknown,9,9,Figure 3,SE,t C ha-1,Done,"142,86","35,9 SE","107,70",142.86,107.7,"121,70","25,4 SE","76,20",121.7,76.2,NA,NA,YES,"-0,1602861299","0,1067115301",YES,"-1,763095238",NA,NA,NA,231,99,1810,Tropical Wet,50,100,TRUE,"(25,50]",-84.7,10.15,FALSE,Pasture,SilvoPasture,1,A:<0/+1,Control-Impact Designs,Unknown/mixed,"[45,55)",FALSE,FALSE,-0.16030612973334502,0.10670900409881602
946,153,945,2013,"Muhammad Ibrahim, Mario Chacón, César Cuartas, Juan Naranjo, Guillermo Ponce, Pedro Vega, Francisco Casasola, Jairo Rojas",Spanish,Study,https://repositorio.catie.ac.cr/bitstream/handle/11554/7934/Almacenamiento_de_carbono_en_el_suelo.pdf?sequence=2&isAllowed=y,NA,NA,LMP,Grassland,Full sun,degraded,Pasture,3,0,3,0,Grassland,SilvoPasture,Pasture,low tree density,"Brachiaria brizantha,trees",2,1,1,0,<30,NA,NA,NA,Nicaragua,12°50'N,85°27'W,12.8333333333333,-85.45,302.5,1400,30,NA,Cambisols,0,100,100,85,87,85,87,CI,12,NA,unknown,unknown,9,9,Figure 3,SE,t C ha-1,Done,"63,12","7,61 SE","22,83",63.12,22.83,"106,03","24,7 SE","74,10",106.03,74.1,NA,NA,YES,"0,5187011467","0,06880323753",YES,"6,601701118",NA,NA,NA,231,99,1810,Tropical Moist,50,100,TRUE,"(25,50]",-85.45,12.8333333333333,FALSE,Pasture,SilvoPasture,-1,A:<0/+1,Control-Impact Designs,Unknown/mixed,"[45,55)",FALSE,FALSE,0.5186843964000881,0.06880275057035985
948,153,947,2013,"Muhammad Ibrahim, Mario Chacón, César Cuartas, Juan Naranjo, Guillermo Ponce, Pedro Vega, Francisco Casasola, Jairo Rojas",Spanish,Study,https://repositorio.catie.ac.cr/bitstream/handle/11554/7934/Almacenamiento_de_carbono_en_el_suelo.pdf?sequence=2&isAllowed=y,NA,NA,LMP,Grassland,Full sun,Ameliored,Pasture,3,0,3,0,Grassland,SilvoPasture,Pasture,low tree density,"Brachiaria brizantha,trees",2,1,1,0,<30,NA,NA,NA,Nicaragua,12°50'N,85°27'W,12.8333333333333,-85.45,302.5,1400,30,NA,Cambisols,0,100,100,85,87,85,87,CI,12,NA,unknown,unknown,9,9,Figure 3,SE,t C ha-1,Done,"97,30","8,24 SE","24,72",97.3,24.72,"106,03","24,7 SE","74,10",106.03,74.1,NA,NA,YES,"0,08592308375","0,06143888071",YES,"1,343076923",NA,NA,NA,231,99,1810,Tropical Moist,50,100,TRUE,"(25,50]",-85.45,12.8333333333333,FALSE,Pasture,SilvoPasture,-1,A:<0/+1,Control-Impact Designs,Unknown/mixed,"[45,55)",FALSE,FALSE,0.08592308374574743,0.061438880713752926
951,153,950,2013,"Muhammad Ibrahim, Mario Chacón, César Cuartas, Juan Naranjo, Guillermo Ponce, Pedro Vega, Francisco Casasola, Jairo Rojas",Spanish,Study,https://repositorio.catie.ac.cr/bitstream/handle/11554/7934/Almacenamiento_de_carbono_en_el_suelo.pdf?sequence=2&isAllowed=y,NA,NA,LMP,Grassland,Full sun,degraded,Pasture,3,0,3,0,Grassland,SilvoPasture,Pasture,high tree density,"Brachiaria brizantha,trees",2,1,1,0,>30,NA,NA,NA,Nicaragua,12°50'N,85°27'W,12.8333333333333,-85.45,302.5,1400,30,NA,Cambisols,0,100,100,85,87,85,87,CI,12,NA,unknown,unknown,9,9,Figure 3,SE,t C ha-1,Done,"63,12","7,61 SE","22,83",63.12,22.83,"91,02","3,17 SE","9,51",91.02,9.51,NA,NA,YES,"0,3660583363","0,01574912176",YES,"4,292470349",NA,NA,NA,231,99,1810,Tropical Moist,50,100,TRUE,"(25,50]",-85.45,12.8333333333333,FALSE,Pasture,SilvoPasture,-1,A:<0/+1,Control-Impact Designs,Unknown/mixed,"[45,55)",FALSE,FALSE,0.366041586050877,0.015748634801706605
953,153,952,2013,"Muhammad Ibrahim, Mario Chacón, César Cuartas, Juan Naranjo, Guillermo Ponce, Pedro Vega, Francisco Casasola, Jairo Rojas",Spanish,Study,https://repositorio.catie.ac.cr/bitstream/handle/11554/7934/Almacenamiento_de_carbono_en_el_suelo.pdf?sequence=2&isAllowed=y,NA,NA,LMP,Grassland,Full sun,Ameliored,Pasture,3,0,3,0,Grassland,SilvoPasture,Pasture,high tree density,"Brachiaria brizantha,trees",2,1,1,0,>30,NA,NA,NA,Nicaragua,12°50'N,85°27'W,12.8333333333333,-85.45,302.5,1400,30,NA,Cambisols,0,100,100,85,87,85,87,CI,12,NA,unknown,unknown,9,9,Figure 3,SE,t C ha-1,Done,"97,30","8,24 SE","24,72",97.3,24.72,"91,02","3,17 SE","9,51",91.02,9.51,NA,NA,YES,"-0,0667197266","0,008384764945",YES,"-0,9661538462",NA,NA,NA,231,99,1810,Tropical Moist,50,100,TRUE,"(25,50]",-85.45,12.8333333333333,FALSE,Pasture,SilvoPasture,-1,A:<0/+1,Control-Impact Designs,Unknown/mixed,"[45,55)",FALSE,FALSE,-0.06671972660346351,0.008384764945099684
954,154,953,2015,"Oswaldo Jadán, Miguel Cifuentes, Bolier Torres, Daniela Selesi, Dario Veintimilla, Sven Günter",English,Study,https://repositorio.catie.ac.cr/bitstream/handle/11554/8110/Influence_of_tree_cover_on_diversity.pdf?sequence=1&isAllowed=y,NA,NA,LMP,Cropland,Full sun,NA,Theobroma cacao,1,1,0,0,Cropland,Multistrata system,Cocoa,NA,"Theobroma cacao,Oenocarpus bataua,Solanum sycophanta,Iriartea deltoidea,Wettinia maynensis,Cedrela odorata,Cedrelinga cateniformis,Cordia alliodora,Terminalia
amazonia,Myroxilum balsamun,Bactris gasipaes,Carica papaya,Caryodendron orinocense,Inga edulis,Inga
ilta,Persea americana,Pouoruma bicolor,Pouruma
cecropifolia",18,11,2,2,170,NA,NA,NA,Ecuador,"0°50'0""S",77°30'0''W,-0.833333333333333,-77.5,700,3500,23,NA,Cambisols,0,30,30,94,122,94,122,CI,9,NA,unknown,unknown,8,15,Table 3,SE,t C ha-1,Done,"74,90","6,8 SE","19,23",74.9,19.23,"69,20",5 SE,"19,36",69.2,19.36,NA,NA,YES,"-0,0791530279","0,01346309851",NO,NA,NA,NA,NA,209,105,1121,Tropical Wet,15,30,TRUE,"(10,15]",-77.5,-0.833333333333333,TRUE,Cocoa/Coffee,Multistrata system,17,C+2+,Control-Impact Designs,Unknown/mixed,"[15,30)",FALSE,FALSE,-0.07915302789954994,0.013457615804756535
957,155,956,2008,"Hernán J. Andrade, Milena Segura, Eduardo Somarriba, Marilyn Villalobos",Spanish,Study,https://repositorio.catie.ac.cr/bitstream/handle/11554/10054/A11506e.pdf?sequence=1&isAllowed=y,NA,NA,LMP,Cropland,Full sun,NA,fallow,3,0,3,0,Cropland,Multistrata system,Banana,NA,"Musa × paradisiaca,Trees",2,1,0,0,NA,NA,NA,NA,Costa Rica,9°00'N,82°35'W,9.4167,-82.8333,300,2320,24.5,NA,Cambisols,0,40,40,91,56,91,56,CI,9,NA,unknown,unknown,15,14,Table 3,NA,t C ha-1,Done,"66,80","26,10","26,10",66.8,26.1,"47,30","25,10","25,10",47.3,25.1,NA,NA,YES,"-0,345192785","0,03029133856",NO,NA,NA,NA,NA,216,94,1424,Tropical Wet,20,40,TRUE,"(15,25]",-82.8333,9.4167,TRUE,Others,Multistrata system,-1,A:<0/+1,Control-Impact Designs,Unknown/mixed,"[15,30)",FALSE,FALSE,-0.34519278504471274,0.03029133855772461
958,155,957,2008,"Hernán J. Andrade, Milena Segura, Eduardo Somarriba, Marilyn Villalobos",Spanish,Study,https://repositorio.catie.ac.cr/bitstream/handle/11554/10054/A11506e.pdf?sequence=1&isAllowed=y,NA,NA,LMP,Cropland,Full sun,NA,Musa × paradisiaca,1,0,1,0,Cropland,Multistrata system,Banana,NA,"Musa × paradisiaca,Trees",2,1,1,0,NA,NA,NA,NA,Costa Rica,9°00'N,82°35'W,9.4167,-82.8333,300,2320,24.5,NA,Cambisols,0,40,40,91,56,91,56,CI,9,NA,unknown,unknown,15,14,Table 3,NA,t C ha-1,Done,"41,90","15,60","15,60",41.9,15.6,"47,30","25,10","25,10",47.3,25.1,NA,NA,YES,"0,1212244686","0,02935517126",NO,NA,NA,NA,NA,216,94,1424,Tropical Wet,20,40,TRUE,"(15,25]",-82.8333,9.4167,TRUE,Others,Multistrata system,1,A:<0/+1,Control-Impact Designs,Unknown/mixed,"[15,30)",FALSE,FALSE,0.12122446856979524,0.029355171258249903
960,155,959,2008,"Hernán J. Andrade, Milena Segura, Eduardo Somarriba, Marilyn Villalobos",Spanish,Study,https://repositorio.catie.ac.cr/bitstream/handle/11554/10054/A11506e.pdf?sequence=1&isAllowed=y,NA,NA,LMP,Cropland,Full sun,NA,fallow,3,0,3,0,Cropland,Multistrata system,Cocoa,NA,"Cocoa,Trees",2,2,0,0,NA,NA,NA,NA,Costa Rica,9°00'N,82°35'W,9.4167,-82.8333,300,2320,24.5,NA,Cambisols,0,40,40,91,56,91,56,CI,9,NA,unknown,unknown,15,14,Table 3,NA,t C ha-1,Done,"66,80","26,10","26,10",66.8,26.1,"62,00","33,90","33,90",62,33.9,NA,NA,YES,"-0,0745686955","0,0315318296",NO,NA,NA,NA,NA,216,94,1424,Tropical Wet,20,40,TRUE,"(15,25]",-82.8333,9.4167,TRUE,Cocoa/Coffee,Multistrata system,-1,A:<0/+1,Control-Impact Designs,Unknown/mixed,"[15,30)",FALSE,FALSE,-0.0745686954975085,0.03153182960095534
961,155,960,2008,"Hernán J. Andrade, Milena Segura, Eduardo Somarriba, Marilyn Villalobos",Spanish,Study,https://repositorio.catie.ac.cr/bitstream/handle/11554/10054/A11506e.pdf?sequence=1&isAllowed=y,NA,NA,LMP,Cropland,Full sun,NA,Musa × paradisiaca,1,0,1,0,Cropland,Multistrata system,Cocoa,NA,"Cocoa,Trees",2,2,0,0,NA,NA,NA,NA,Costa Rica,9°00'N,82°35'W,9.4167,-82.8333,300,2320,24.5,NA,Cambisols,0,40,40,91,56,91,56,CI,9,NA,unknown,unknown,15,14,Table 3,NA,t C ha-1,Done,"41,90","15,60","15,60",41.9,15.6,"62,00","33,90","33,90",62,33.9,NA,NA,YES,"0,3918485581","0,0305956623",NO,NA,NA,NA,NA,216,94,1424,Tropical Wet,20,40,TRUE,"(15,25]",-82.8333,9.4167,TRUE,Cocoa/Coffee,Multistrata system,1,A:<0/+1,Control-Impact Designs,Unknown/mixed,"[15,30)",FALSE,FALSE,0.39184855811699953,0.030595662301480635
963,155,962,2008,"Hernán J. Andrade, Milena Segura, Eduardo Somarriba, Marilyn Villalobos",Spanish,Study,https://repositorio.catie.ac.cr/bitstream/handle/11554/10054/A11506e.pdf?sequence=1&isAllowed=y,NA,NA,LMP,Cropland,Full sun,NA,fallow,3,0,3,0,Cropland,Multistrata system,Banana,NA,"Musa × paradisiaca,Trees",2,1,1,0,NA,NA,NA,NA,Costa Rica,9°00'N,82°35'W,9.4167,-82.8333,300,2320,24.5,NA,Cambisols,0,40,40,91,56,91,56,CI,9,NA,unknown,unknown,15,14,Table 3,NA,t C ha-1,Done,"56,80","15,70","15,70",56.8,15.7,"49,50","19,40","19,40",49.5,19.4,NA,NA,YES,"-0,1375636562","0,01606491732",NO,NA,NA,NA,NA,216,94,1424,Tropical Wet,20,40,TRUE,"(15,25]",-82.8333,9.4167,TRUE,Others,Multistrata system,-1,A:<0/+1,Control-Impact Designs,Unknown/mixed,"[15,30)",FALSE,FALSE,-0.13756365615246105,0.0160649173219468
965,155,964,2008,"Hernán J. Andrade, Milena Segura, Eduardo Somarriba, Marilyn Villalobos",Spanish,Study,https://repositorio.catie.ac.cr/bitstream/handle/11554/10054/A11506e.pdf?sequence=1&isAllowed=y,NA,NA,LMP,Cropland,Full sun,NA,fallow,3,0,3,0,Cropland,Multistrata system,Cocoa,NA,"Cocoa,Trees",2,2,0,0,NA,NA,NA,NA,Costa Rica,9°00'N,82°35'W,9.4167,-82.8333,300,2320,24.5,NA,Cambisols,0,40,40,91,56,91,56,CI,9,NA,unknown,unknown,15,14,Table 3,NA,t C ha-1,Done,"56,80","15,70","15,70",56.8,15.7,"61,30","18,30","18,30",61.3,18.3,NA,NA,YES,"0,07624351722","0,01145924511",NO,NA,NA,NA,NA,216,94,1424,Tropical Wet,20,40,TRUE,"(15,25]",-82.8333,9.4167,TRUE,Cocoa/Coffee,Multistrata system,-1,A:<0/+1,Control-Impact Designs,Unknown/mixed,"[15,30)",FALSE,FALSE,0.07624351721506001,0.011459245110880013
969,158,968,2020,"Rolando Cerda, Jacques Avelino, Celia A. Harvey, Christian Gary, Philippe Tixier, Clementine Allinne",English,Article,https://doi.org/10.1016/j.cropro.2020.105149,NA,NA,LMP,Cropland,Full sun,NA,Coffea arabica,1,1,0,0,Cropland,Shaded perennial,Coffee,High diversification,Coffea arabica,2,1,0,0,NA,NA,NA,NA,Costa Rica,NA,NA,9.9,-83.68,900,2781,22.2,NA,Andosols,0,40,40,73,0,73,0,CI,9,NA,unknown,unknown,61,61,Figure 4,NA,%,Done,"4,55","1,63","1,63",132.91,47.63,"5,15","2,98","2,98",150.43,87.04,NA,NA,YES,"0,1238520197","0,007594480316",NO,NA,NA,NA,NA,NA,NA,1713,Tropical Wet,20,40,TRUE,"(15,25]",-83.68,9.9,TRUE,Cocoa/Coffee,Shaded perennial,1,A:<0/+1,Control-Impact Designs,Unknown/mixed,"[15,30)",FALSE,FALSE,0.12382565227649105,0.007593624661790952
970,158,969,2020,"Rolando Cerda, Jacques Avelino, Celia A. Harvey, Christian Gary, Philippe Tixier, Clementine Allinne",English,Article,https://doi.org/10.1016/j.cropro.2020.105149,NA,NA,LMP,Cropland,Full sun,NA,Coffea arabica,1,1,0,0,Cropland,Multistrata system,Coffee,NA,Coffea arabica,3,1,2,0,NA,NA,NA,NA,Costa Rica,NA,NA,9.9,-83.68,900,2781,22.2,NA,Andosols,0,40,40,73,0,73,0,CI,9,NA,unknown,unknown,61,61,Figure 4,NA,%,Done,"4,55","1,63","1,63",132.91,47.63,"4,47","2,76","2,76",130.65,80.64,NA,NA,YES,"-0,01709963786","0,00835097199",NO,NA,NA,NA,NA,NA,NA,1713,Tropical Wet,20,40,TRUE,"(15,25]",-83.68,9.9,TRUE,Cocoa/Coffee,Multistrata system,2,C+2+,Control-Impact Designs,Unknown/mixed,"[15,30)",FALSE,FALSE,-0.017150215466619784,0.0083505964264662
971,159,970,2019,"Aura Cardenas, Ana Moliner, Chiquinquira Hontoria, Muhammad Ibrahim",English,Article,https://repositorio.catie.ac.cr/bitstream/handle/11554/8915/ecological_Structure_And_CarbonSt.pdf?sequence=4&isAllowed=y,NA,NA,LMP,Grassland,Full sun,NA,Pasture,3,0,3,0,Grassland,SilvoPasture,Pasture,high tree density,"Pasture,Trees",4,1,3,0,>30,NA,NA,NA,Nicaragua,12°50'N,85°27'W,12.8333,-85.45,350,1600,30,NA,Acrisols,40,100,60,141,92,141,92,CI,9,NA,unknown,unknown,4,4,Fig 4,SE,t C ha-1,Done,"23,24","8,06100217864929 SE","16,12",23.24,16.12,"32,71","6,312769010043 SE","12,63",32.71,12.63,NA,NA,YES,"0,3417492936","0,1575278188",NO,NA,NA,NA,NA,NA,NA,1713,Tropical Moist,70,60,FALSE,"(50,100]",-85.45,12.8333,TRUE,Pasture,SilvoPasture,1,A:<0/+1,Control-Impact Designs,Unknown/mixed,"[55,75]",FALSE,FALSE,0.3418059095665822,0.1575534741977523
972,159,971,2019,"Aura Cardenas, Ana Moliner, Chiquinquira Hontoria, Muhammad Ibrahim",English,Article,https://repositorio.catie.ac.cr/bitstream/handle/11554/8915/ecological_Structure_And_CarbonSt.pdf?sequence=4&isAllowed=y,NA,NA,LMP,Grassland,Full sun,NA,Pasture,3,0,3,0,Grassland,SilvoPasture,Pasture,high tree density,"Pasture,Trees",4,1,3,0,>30,NA,NA,NA,Nicaragua,12°50'N,85°27'W,12.8333,-85.45,350,1600,30,NA,Acrisols,20,40,20,141,92,141,92,CI,9,NA,unknown,unknown,4,4,Fig 4,SE,t C ha-1,Done,"12,63","3,5628885700621 SE","7,13",12.63,7.13,"22,96","3,73027259684361 SE","7,46",22.96,7.46,NA,NA,YES,"0,5978370006","0,1060413797",NO,NA,NA,NA,NA,NA,NA,1713,Tropical Moist,30,20,FALSE,"(25,50]",-85.45,12.8333,TRUE,Pasture,SilvoPasture,1,A:<0/+1,Control-Impact Designs,Unknown/mixed,"[30,45)",FALSE,FALSE,0.5976786350889659,0.1060653164220481
973,159,972,2019,"Aura Cardenas, Ana Moliner, Chiquinquira Hontoria, Muhammad Ibrahim",English,Article,https://repositorio.catie.ac.cr/bitstream/handle/11554/8915/ecological_Structure_And_CarbonSt.pdf?sequence=4&isAllowed=y,NA,NA,LMP,Grassland,Full sun,NA,Pasture,3,0,3,0,Grassland,SilvoPasture,Pasture,high tree density,"Pasture,Trees",4,1,3,0,>30,NA,NA,NA,Nicaragua,12°50'N,85°27'W,12.8333,-85.45,350,1600,30,NA,Acrisols,10,20,10,141,92,141,92,CI,9,NA,unknown,unknown,4,4,Fig 4,SE,t C ha-1,Done,"13,20","1,57022158456881 SE","3,14",13.2,3.14,"18,94","4,5 SE","9,00",18.94,9,NA,NA,YES,"0,3610133457","0,07061204362",NO,NA,NA,NA,NA,NA,NA,1713,Tropical Moist,15,10,FALSE,"(10,15]",-85.45,12.8333,TRUE,Pasture,SilvoPasture,1,A:<0/+1,Control-Impact Designs,Unknown/mixed,"[15,30)",FALSE,FALSE,0.36105925816560713,0.07059672656344888
974,159,973,2019,"Aura Cardenas, Ana Moliner, Chiquinquira Hontoria, Muhammad Ibrahim",English,Article,https://repositorio.catie.ac.cr/bitstream/handle/11554/8915/ecological_Structure_And_CarbonSt.pdf?sequence=4&isAllowed=y,NA,NA,LMP,Grassland,Full sun,NA,Pasture,3,0,3,0,Grassland,SilvoPasture,Pasture,high tree density,"Pasture,Trees",4,1,3,0,>30,NA,NA,NA,Nicaragua,12°50'N,85°27'W,12.8333,-85.45,350,1600,30,NA,Acrisols,0,10,10,141,92,141,92,CI,9,NA,unknown,unknown,4,4,Fig 4,sd to estimate,t C ha-1,Done,"21,81",NA,NA,21.81,6.300302301392471,"27,55",NA,NA,27.55,8.136709657261854,NA,NA,YES,"0,2336148512",#VALUE!,NO,NA,NA,NA,NA,NA,NA,1713,Tropical Moist,5,10,TRUE,"(0,5]",-85.45,12.8333,TRUE,Pasture,SilvoPasture,1,A:<0/+1,Control-Impact Designs,Unknown/mixed,"[0,15)",TRUE,TRUE,0.23363395538538598,0.04266871001512548
975,159,974,2019,"Aura Cardenas, Ana Moliner, Chiquinquira Hontoria, Muhammad Ibrahim",English,Article,https://repositorio.catie.ac.cr/bitstream/handle/11554/8915/ecological_Structure_And_CarbonSt.pdf?sequence=4&isAllowed=y,NA,NA,LMP,Grassland,Full sun,NA,Pasture,3,0,3,0,Grassland,SilvoPasture,Pasture,low tree density,"Pasture,Trees",4,1,3,0,<30,NA,NA,NA,Nicaragua,12°50'N,85°27'W,12.8333,-85.45,350,1600,30,NA,Acrisols,40,100,60,141,92,141,92,CI,9,NA,unknown,unknown,4,4,Fig 4,SE,t C ha-1,Done,"23,24","8,06100217864929 SE","16,12",23.24,16.12,"33,57","2,611722195653 SE","5,22",33.57,5.22,NA,NA,YES,"0,36772478","0,1263374354",NO,NA,NA,NA,NA,NA,NA,1713,Tropical Moist,70,60,FALSE,"(50,100]",-85.45,12.8333,TRUE,Pasture,SilvoPasture,1,A:<0/+1,Control-Impact Designs,Unknown/mixed,"[55,75]",FALSE,FALSE,0.3677578790082331,0.1263259730820591
976,159,975,2019,"Aura Cardenas, Ana Moliner, Chiquinquira Hontoria, Muhammad Ibrahim",English,Article,https://repositorio.catie.ac.cr/bitstream/handle/11554/8915/ecological_Structure_And_CarbonSt.pdf?sequence=4&isAllowed=y,NA,NA,LMP,Grassland,Full sun,NA,Pasture,3,0,3,0,Grassland,SilvoPasture,Pasture,low tree density,"Pasture,Trees",4,1,3,0,<30,NA,NA,NA,Nicaragua,12°50'N,85°27'W,12.8333,-85.45,350,1600,30,NA,Acrisols,20,40,20,141,92,141,92,CI,9,NA,unknown,unknown,4,4,Fig 4,SE,t C ha-1,Done,"12,63","3,5628885700621 SE","7,13",12.63,7.13,"20,09","2,3247781497423 SE","4,65",20.09,4.65,NA,NA,YES,"0,464305608","0,09303104878",NO,NA,NA,NA,NA,NA,NA,1713,Tropical Moist,30,20,FALSE,"(25,50]",-85.45,12.8333,TRUE,Pasture,SilvoPasture,1,A:<0/+1,Control-Impact Designs,Unknown/mixed,"[30,45)",FALSE,FALSE,0.46414724246444317,0.0930664715958417
977,159,976,2019,"Aura Cardenas, Ana Moliner, Chiquinquira Hontoria, Muhammad Ibrahim",English,Article,https://repositorio.catie.ac.cr/bitstream/handle/11554/8915/ecological_Structure_And_CarbonSt.pdf?sequence=4&isAllowed=y,NA,NA,LMP,Grassland,Full sun,NA,Pasture,3,0,3,0,Grassland,SilvoPasture,Pasture,low tree density,"Pasture,Trees",4,1,3,0,<30,NA,NA,NA,Nicaragua,12°50'N,85°27'W,12.8333,-85.45,350,1600,30,NA,Acrisols,10,20,10,141,92,141,92,CI,9,NA,unknown,unknown,4,4,Fig 4,SE,t C ha-1,Done,"13,20","1,57022158456881 SE","3,14",13.2,3.14,"22,38","4,9365003453956 SE","9,87",22.38,9.87,NA,NA,YES,"0,5280674303","0,06279865109",NO,NA,NA,NA,NA,NA,NA,1713,Tropical Moist,15,10,FALSE,"(10,15]",-85.45,12.8333,TRUE,Pasture,SilvoPasture,1,A:<0/+1,Control-Impact Designs,Unknown/mixed,"[15,30)",FALSE,FALSE,0.5279508732914541,0.06277096758842322
978,159,977,2019,"Aura Cardenas, Ana Moliner, Chiquinquira Hontoria, Muhammad Ibrahim",English,Article,https://repositorio.catie.ac.cr/bitstream/handle/11554/8915/ecological_Structure_And_CarbonSt.pdf?sequence=4&isAllowed=y,NA,NA,LMP,Grassland,Full sun,NA,Pasture,3,0,3,0,Grassland,SilvoPasture,Pasture,low tree density,"Pasture,Trees",4,1,3,0,<30,NA,NA,NA,Nicaragua,12°50'N,85°27'W,12.8333,-85.45,350,1600,30,NA,Acrisols,0,10,10,141,92,141,92,CI,9,NA,unknown,unknown,4,4,Fig 4,sd to estimate,t C ha-1,Done,"21,81",NA,NA,21.81,6.300302301392471,"24,96",NA,NA,24.96,7.371770346470267,NA,NA,YES,"0,1351747782",#VALUE!,NO,NA,NA,NA,NA,NA,NA,1713,Tropical Moist,5,10,TRUE,"(0,5]",-85.45,12.8333,TRUE,Pasture,SilvoPasture,1,A:<0/+1,Control-Impact Designs,Unknown/mixed,"[0,15)",TRUE,TRUE,0.13490596328768942,0.04266871001512548
995,160,994,2002,Ruíz García Alfredo,Spanish,MSc thesis,https://repositorio.catie.ac.cr/bitstream/handle/11554/2148/Fijacion_y_almacenamiento.pdf?sequence=1&isAllowed=y,NA,NA,LMP,Grassland,Full sun,NA,"Paspalum notatum,Paspalum virgatum,Hyparrhenia rufa",3,0,3,0,Grassland,SilvoPasture,Pasture,NA,"Paspalum notatum,Paspalum virgatum,Hyparrhenia rufa,Cassia grandis,Platymiscium pleiostachyum,Pithecellobium saman,Guazuma ulmifolia,Eterolobium cyclocarpum,Cordia alliodora,Tabebuia rosea",10,7,3,4,NA,NA,NA,NA,Nicaragua,12°50'N,85°27'W,12.8333,-85.45,300,1500,27,NA,Acrisols,0,20,20,141,92,NA,NA,CI,9.5,NA,unknown,unknown,5,5,Cuadro 16,NA,t C ha-1,Done,"84,30","6,70","6,70",84.3,6.7,"73,50","6,10","6,10",73.5,6.1,NA,NA,YES,"-0,1370964588","0,00264092639",YES,"-1,136842105",NA,NA,NA,NA,NA,1713,Tropical Moist,10,20,TRUE,"(5,10]",-85.45,12.8333,FALSE,Pasture,SilvoPasture,7,C+2+,Control-Impact Designs,Unknown/mixed,"[0,15)",FALSE,FALSE,-0.1370964587890187,0.002640926390466989
996,160,995,2002,Ruíz García Alfredo,Spanish,MSc thesis,https://repositorio.catie.ac.cr/bitstream/handle/11554/2148/Fijacion_y_almacenamiento.pdf?sequence=1&isAllowed=y,NA,NA,LMP,Grassland,Full sun,NA,"Paspalum notatum,Paspalum virgatum,Hyparrhenia rufa",3,0,3,0,Grassland,SilvoPasture,Pasture,NA,"Paspalum notatum,Paspalum virgatum,Hyparrhenia rufa,Cassia grandis,Platymiscium pleiostachyum,Pithecellobium saman,Guazuma ulmifolia,Eterolobium cyclocarpum,Cordia alliodora,Tabebuia rosea",10,7,3,4,NA,NA,NA,NA,Nicaragua,12°50'N,85°27'W,12.8333,-85.45,300,1500,27,NA,Acrisols,20,40,20,141,92,NA,NA,CI,9.5,NA,unknown,unknown,5,5,Cuadro 16,NA,t C ha-1,Done,"34,10","4,70","4,70",34.1,4.7,"33,80","4,30","4,30",33.8,4.3,NA,NA,YES,"-0,0088365818","0,00703634841",YES,"-0,03157894737",NA,NA,NA,NA,NA,1713,Tropical Moist,30,20,FALSE,"(25,50]",-85.45,12.8333,FALSE,Pasture,SilvoPasture,7,C+2+,Control-Impact Designs,Unknown/mixed,"[30,45)",FALSE,FALSE,-0.008836581800498112,0.0070363484096691645
997,160,996,2002,Ruíz García Alfredo,Spanish,MSc thesis,https://repositorio.catie.ac.cr/bitstream/handle/11554/2148/Fijacion_y_almacenamiento.pdf?sequence=1&isAllowed=y,NA,NA,LMP,Grassland,Full sun,NA,"Paspalum notatum,Paspalum virgatum,Hyparrhenia rufa",3,0,3,0,Grassland,SilvoPasture,Pasture,NA,"Paspalum notatum,Paspalum virgatum,Hyparrhenia rufa,Cassia grandis,Platymiscium pleiostachyum,Pithecellobium saman,Guazuma ulmifolia,Eterolobium cyclocarpum,Cordia alliodora,Tabebuia rosea",10,7,3,4,NA,NA,NA,NA,Nicaragua,12°50'N,85°27'W,12.8333,-85.45,300,1500,27,NA,Acrisols,40,80,40,141,92,NA,NA,CI,9.5,NA,unknown,unknown,5,5,Cuadro 16,NA,t C ha-1,Done,"31,40","7,80","7,80",31.4,7.8,"48,00","7,10","7,10",48,7.1,NA,NA,YES,"0,424393118","0,01671713951",YES,"1,747368421",NA,NA,NA,NA,NA,1713,Tropical Moist,60,40,FALSE,"(50,100]",-85.45,12.8333,FALSE,Pasture,SilvoPasture,7,C+2+,Control-Impact Designs,Unknown/mixed,"[55,75]",FALSE,FALSE,0.4243931179936833,0.016717139506730046
998,160,997,2002,Ruíz García Alfredo,Spanish,MSc thesis,https://repositorio.catie.ac.cr/bitstream/handle/11554/2148/Fijacion_y_almacenamiento.pdf?sequence=1&isAllowed=y,NA,NA,LMP,Grassland,Full sun,NA,"Panicum maximum,Brachiaria brizantha,Cynodon dactylon",3,0,3,0,Grassland,SilvoPasture,Pasture,NA,"Panicum maximum,Brachiaria brizantha,Cynodon dactylon,Cassia grandis,Platymiscium pleiostachyum,Pithecellobium saman,Guazuma ulmifolia,Eterolobium cyclocarpum,Cordia alliodora,Tabebuia rosea",10,7,3,4,NA,NA,NA,NA,Nicaragua,12°50'N,85°27'W,12.8333,-85.45,300,1500,27,NA,Acrisols,0,20,20,141,92,141,92,CI,9,NA,unknown,unknown,5,5,Cuadro 16,NA,t C ha-1,Done,"83,60","6,70","6,70",83.6,6.7,"83,80","7,00","7,00",83.8,7,NA,NA,YES,"0,002389487397","0,002680123763",NO,NA,NA,NA,NA,NA,NA,1713,Tropical Moist,10,20,TRUE,"(5,10]",-85.45,12.8333,TRUE,Pasture,SilvoPasture,7,C+2+,Control-Impact Designs,Unknown/mixed,"[0,15)",FALSE,FALSE,0.0023894873973814854,0.002680123763491882
999,160,998,2002,Ruíz García Alfredo,Spanish,MSc thesis,https://repositorio.catie.ac.cr/bitstream/handle/11554/2148/Fijacion_y_almacenamiento.pdf?sequence=1&isAllowed=y,NA,NA,LMP,Grassland,Full sun,NA,"Panicum maximum,Brachiaria brizantha,Cynodon dactylon",3,0,3,0,Grassland,SilvoPasture,Pasture,NA,"Panicum maximum,Brachiaria brizantha,Cynodon dactylon,Cassia grandis,Platymiscium pleiostachyum,Pithecellobium saman,Guazuma ulmifolia,Eterolobium cyclocarpum,Cordia alliodora,Tabebuia rosea",10,7,3,4,NA,NA,NA,NA,Nicaragua,12°50'N,85°27'W,12.8333,-85.45,300,1500,27,NA,Acrisols,20,40,20,141,92,141,92,CI,9,NA,unknown,unknown,5,5,Cuadro 16,NA,t C ha-1,Done,"33,70","4,70","4,70",33.7,4.7,"35,10","4,90","4,90",35.1,4.9,NA,NA,YES,"0,04070329311","0,007787841714",NO,NA,NA,NA,NA,NA,NA,1713,Tropical Moist,30,20,FALSE,"(25,50]",-85.45,12.8333,TRUE,Pasture,SilvoPasture,7,C+2+,Control-Impact Designs,Unknown/mixed,"[30,45)",FALSE,FALSE,0.04070329311350397,0.007787841714182765
1000,160,999,2002,Ruíz García Alfredo,Spanish,MSc thesis,https://repositorio.catie.ac.cr/bitstream/handle/11554/2148/Fijacion_y_almacenamiento.pdf?sequence=1&isAllowed=y,NA,NA,LMP,Grassland,Full sun,NA,"Panicum maximum,Brachiaria brizantha,Cynodon dactylon",3,0,3,0,Grassland,SilvoPasture,Pasture,NA,"Panicum maximum,Brachiaria brizantha,Cynodon dactylon,Cassia grandis,Platymiscium pleiostachyum,Pithecellobium saman,Guazuma ulmifolia,Eterolobium cyclocarpum,Cordia alliodora,Tabebuia rosea",10,7,3,4,NA,NA,NA,NA,Nicaragua,12°50'N,85°27'W,12.8333,-85.45,300,1500,27,NA,Acrisols,40,80,40,141,92,141,92,CI,9,NA,unknown,unknown,5,5,Cuadro 16,NA,t C ha-1,Done,"39,70","7,80","7,80",39.7,7.8,"35,70","8,10","8,10",35.7,8.1,NA,NA,YES,"-0,1062004989","0,01801625436",NO,NA,NA,NA,NA,NA,NA,1713,Tropical Moist,60,40,FALSE,"(50,100]",-85.45,12.8333,TRUE,Pasture,SilvoPasture,7,C+2+,Control-Impact Designs,Unknown/mixed,"[55,75]",FALSE,FALSE,-0.10620049890755139,0.018016254357699348
1001,161,1000,2008,Rolando Hermes Cerda Bustillos,Spanish,MSc thesis,https://repositorio.catie.ac.cr/bitstream/handle/11554/5551/Soil_quality_in_cacao.pdf?sequence=1&isAllowed=y,NA,NA,LMP,Cropland,Full sun,NA,Theobroma cacao,1,1,0,0,Cropland,Shaded perennial,Cocoa,NA,"Theobroma cacao,Cordia alliodora",2,2,0,0,500-650,NA,NA,NA,Costa Rica,9°00'N,82°35'W,9.57,-82.88,200,2500,25.5,NA,Andosols,0,20,20,90,96,83,96,CI,20,NA,unknown,unknown,5,7,Table 7,MO,%,Done,"1,90","0,39","0,87",30.84,14.17,"2,44","0,91","2,40",36.64,36.01,NA,NA,YES,"0,1723882674","0,1801982593",YES,"0,2901209302",NA,NA,NA,216,94,1424,Tropical Wet,10,20,TRUE,"(5,10]",-82.88,9.57,FALSE,Cocoa/Coffee,Shaded perennial,1,A:<0/+1,Control-Impact Designs,Unknown/mixed,"[0,15)",FALSE,FALSE,0.17232799111080077,0.18020892367106583
1002,161,1001,2008,Rolando Hermes Cerda Bustillos,Spanish,MSc thesis,https://repositorio.catie.ac.cr/bitstream/handle/11554/5551/Soil_quality_in_cacao.pdf?sequence=1&isAllowed=y,NA,NA,LMP,Cropland,Full sun,NA,Theobroma cacao,1,1,0,0,Cropland,Shaded perennial,Cocoa,NA,"Theobroma cacao,Cordia alliodora",2,2,0,0,600-800,NA,NA,NA,Costa Rica,9°00'N,82°35'W,9.57,-82.88,200,2500,25.5,NA,Andosols,0,20,20,90,96,92,96,CI,9,NA,unknown,unknown,5,7,Table 7,MO,%,Done,"1,90","0,39","0,87",30.84,14.17,"1,59","0,38","1,00",26.4,16.63,NA,NA,YES,"-0,1554466795","0,098928418",YES,"-0,4933457364",NA,NA,NA,216,94,1424,Tropical Wet,10,20,TRUE,"(5,10]",-82.88,9.57,FALSE,Cocoa/Coffee,Shaded perennial,1,A:<0/+1,Control-Impact Designs,Unknown/mixed,"[0,15)",FALSE,FALSE,-0.1554485385428583,0.0989085740615775
1003,161,1002,2008,Rolando Hermes Cerda Bustillos,Spanish,MSc thesis,https://repositorio.catie.ac.cr/bitstream/handle/11554/5551/Soil_quality_in_cacao.pdf?sequence=1&isAllowed=y,NA,NA,LMP,Cropland,Full sun,NA,Theobroma cacao,1,1,0,0,Cropland,Shaded perennial,Cocoa,NA,"Theobroma cacao,Cordia alliodora",2,2,0,0,500-650,NA,NA,NA,Costa Rica,9°00'N,82°35'W,9.57,-82.88,200,2500,25.5,NA,Andosols,0,20,20,96,96,83,96,CI,20,NA,unknown,unknown,7,7,Table 7,MO,%,Done,"1,65","0,40","1,05",28.66,18.16,"2,44","0,91","2,40",36.64,36.01,NA,NA,YES,"0,2457728894","0,1952890785",YES,"0,3992316279",NA,NA,NA,216,94,1424,Tropical Wet,10,20,TRUE,"(5,10]",-82.88,9.57,FALSE,Cocoa/Coffee,Shaded perennial,1,A:<0/+1,Control-Impact Designs,Unknown/mixed,"[0,15)",FALSE,FALSE,0.24563811740590372,0.19534303368983813
1004,161,1003,2008,Rolando Hermes Cerda Bustillos,Spanish,MSc thesis,https://repositorio.catie.ac.cr/bitstream/handle/11554/5551/Soil_quality_in_cacao.pdf?sequence=1&isAllowed=y,NA,NA,LMP,Cropland,Full sun,NA,Theobroma cacao,1,1,0,0,Cropland,Shaded perennial,Cocoa,NA,"Theobroma cacao,Cordia alliodora",2,2,0,0,600-800,NA,NA,NA,Costa Rica,9°00'N,82°35'W,9.57,-82.88,200,2500,25.5,NA,Andosols,0,20,20,96,96,92,96,CI,9,NA,unknown,unknown,7,7,Table 7,MO,%,Done,"1,65","0,40","1,05",28.66,18.16,"1,59","0,38","1,00",26.4,16.63,NA,NA,YES,"-0,0820620574","0,1140192372",YES,"-0,2508775194",NA,NA,NA,216,94,1424,Tropical Wet,10,20,TRUE,"(5,10]",-82.88,9.57,FALSE,Cocoa/Coffee,Shaded perennial,1,A:<0/+1,Control-Impact Designs,Unknown/mixed,"[0,15)",FALSE,FALSE,-0.08213841224775542,0.11404268408034982
1007,162,1006,2003,Raúl Armando Ramos Veintimilla,Spanish,MSc thesis,https://repositorio.catie.ac.cr/bitstream/handle/11554/5156/Fraccionamiento_del_carbono.pdf?sequence=1&isAllowed=y,NA,NA,LMP,Grassland,Full sun,NA,"Hyparrhenia rufa,Sporobulus poiretii,Eleusine indica,Panicum trichoides,Digitaria ciliaris",5,0,5,0,Grassland,SilvoPasture,Pasture,NA,"Brachiaría brizantha,Cordia alliodora,Cordia sp.,Acrocomia aculeata,Diphysa americana,Clethra sp.,Psidium guajava,Guazuma umbifolia",8,7,0,1,NA,NA,NA,NA,Costa Rica,10°09'N,84°42',10.15,-84.7,175,2043,27.2,NA,Cambisols,0,20,20,114,143,112,143,CI,3,Pastures,unknown,pasture,5,5,Figure 15,NA,t C ha-1,Done,"63,11","3,57","3,57",63.11,3.57,"64,44","3,05","3,05",64.44,3.05,NA,NA,YES,"0,02085532271","0,001089129871",YES,"0,4433333333",NA,NA,NA,253,103,1604,Tropical Wet,10,20,TRUE,"(5,10]",-84.7,10.15,FALSE,Pasture,SilvoPasture,3,C+2+,Control-Impact Designs,Unknown/mixed,"[0,15)",FALSE,FALSE,0.020855322712625544,0.00108802728147279
1008,162,1007,2003,Raúl Armando Ramos Veintimilla,Spanish,MSc thesis,https://repositorio.catie.ac.cr/bitstream/handle/11554/5156/Fraccionamiento_del_carbono.pdf?sequence=1&isAllowed=y,NA,NA,LMP,Grassland,Full sun,NA,"Hyparrhenia rufa,Sporobulus poiretii,Eleusine indica,Panicum trichoides,Digitaria ciliaris",5,0,5,0,Grassland,SilvoPasture,Pasture,NA,"Brachiaría brizantha,Cordia alliodora,Cordia sp.,Acrocomia aculeata,Diphysa americana,Clethra sp.,Psidium guajava,Guazuma umbifolia",8,7,0,1,NA,NA,NA,NA,Costa Rica,10°09'N,84°42',10.15,-84.7,175,2043,27.2,NA,Cambisols,20,40,20,123,143,121,143,CI,3,Pastures,unknown,pasture,5,5,Figure 15,NA,t C ha-1,Done,"30,50","2,18","2,18",30.5,2.18,"35,90","2,96","2,96",35.9,2.96,NA,NA,YES,"0,1630901949","0,002382459252",YES,"1,801016703",NA,NA,NA,253,103,1604,Tropical Wet,30,20,FALSE,"(25,50]",-84.7,10.15,FALSE,Pasture,SilvoPasture,3,C+2+,Control-Impact Designs,Unknown/mixed,"[30,45)",FALSE,FALSE,0.16301061188086727,0.00238138868239382
1009,162,1008,2003,Raúl Armando Ramos Veintimilla,Spanish,MSc thesis,https://repositorio.catie.ac.cr/bitstream/handle/11554/5156/Fraccionamiento_del_carbono.pdf?sequence=1&isAllowed=y,NA,NA,LMP,Grassland,Full sun,NA,"Hyparrhenia rufa,Sporobulus poiretii,Eleusine indica,Panicum trichoides,Digitaria ciliaris",5,0,5,0,Grassland,SilvoPasture,Pasture,NA,"Brachiaría brizantha,Cordia alliodora,Cordia sp.,Acrocomia aculeata,Diphysa americana,Clethra sp.,Psidium guajava,Guazuma umbifolia",8,7,0,1,NA,NA,NA,NA,Costa Rica,10°09'N,84°42',10.15,-84.7,175,2043,27.2,NA,Cambisols,40,60,20,129,143,121,143,CI,3,Pastures,unknown,pasture,5,5,Figure 15,NA,t C ha-1,Done,"25,97","2,27","2,27",25.97,2.27,"29,63","1,66","1,66",29.63,1.66,NA,NA,YES,"0,1318521311","0,002147021417",YES,"1,220043573",NA,NA,NA,253,103,1604,Tropical Wet,50,20,FALSE,"(25,50]",-84.7,10.15,FALSE,Pasture,SilvoPasture,3,C+2+,Control-Impact Designs,Unknown/mixed,"[45,55)",FALSE,FALSE,0.13184533591081682,0.0021557952953475683
1010,162,1009,2003,Raúl Armando Ramos Veintimilla,Spanish,MSc thesis,https://repositorio.catie.ac.cr/bitstream/handle/11554/5156/Fraccionamiento_del_carbono.pdf?sequence=1&isAllowed=y,NA,NA,LMP,Grassland,Full sun,NA,"Hyparrhenia rufa,Sporobulus poiretii,Eleusine indica,Panicum trichoides,Digitaria ciliaris",5,0,5,0,Grassland,SilvoPasture,Pasture,NA,"Brachiaría brizantha,Cordia alliodora,Cordia sp.,Acrocomia aculeata,Diphysa americana,Clethra sp.,Psidium guajava,Guazuma umbifolia",8,7,0,1,NA,NA,NA,NA,Costa Rica,10°09'N,84°42',10.15,-84.7,175,2043,27.2,NA,Cambisols,60,80,20,129,143,121,143,CI,3,Pastures,unknown,pasture,5,5,Figure 15,NA,t C ha-1,Done,"14,64","0,87","0,87",14.64,0.87,"17,43","1,66","1,66",17.43,1.66,NA,NA,YES,"0,1743533869","0,002513616779",YES,"0,9295570067",NA,NA,NA,253,103,1604,Tropical Wet,70,20,FALSE,"(50,100]",-84.7,10.15,FALSE,Pasture,SilvoPasture,3,C+2+,Control-Impact Designs,Unknown/mixed,"[55,75]",FALSE,FALSE,0.17443535099876392,0.002520354307628274
1019,163,1018,2022,Leonel Salas Juárez,Spanish,MSc thesis,https://repositorio.catie.ac.cr/bitstream/handle/11554/12078/BCO22108412e.pdf?sequence=1&isAllowed=y,NA,NA,LMP,Grassland,Full sun,NA,Brachiaría brizantha,1,0,1,0,Grassland,SilvoPasture,Pasture,NA,"Brachiaría brizantha,Leucaena diversifolia",2,1,0,1,2304,NA,NA,NA,Costa Rica,"9°53'31,6536""N","83°40'30,36""W",9.892126,-83.6751,640,2700,21.8,NA,Cambisols,0,10,10,112,0,109,0,BACI,4,NA,unknown,unknown,4,4,Table 13,NA,t C ha-1,Done,"34,09","4,58 SE","9,16",34.09,9.16,"30,87","3,23 SE","6,46",30.87,6.46,5.375,"3,360201525",YES,"-0,09921924764","0,0289979138",NO,NA,NA,NA,3.360201525,NA,NA,1713,Tropical Wet,5,10,TRUE,"(0,5]",-83.6751,9.892126,FALSE,Pasture,SilvoPasture,1,A:<0/+1,Before-After Designs,Unknown/mixed,"[0,15)",FALSE,FALSE,-0.09921924763574387,0.028997913795236134
1020,163,1019,2022,Leonel Salas Juárez,Spanish,MSc thesis,https://repositorio.catie.ac.cr/bitstream/handle/11554/12078/BCO22108412e.pdf?sequence=1&isAllowed=y,NA,NA,LMP,Grassland,Full sun,NA,Brachiaría brizantha,1,0,1,0,Grassland,SilvoPasture,Pasture,NA,"Brachiaría brizantha,Leucaena diversifolia",2,1,0,1,2304,NA,NA,NA,Costa Rica,"9°53'31,6536""N","83°40'30,36""W",9.892126,-83.6751,640,2700,21.8,NA,Cambisols,10,20,10,117,0,111,0,BACI,4,NA,unknown,unknown,4,4,Table 13,NA,t C ha-1,Done,"19,61","0,81 SE","1,62",19.61,1.62,"22,44","2,03 SE","4,06",22.44,4.06,-2.3625,"-1,705",YES,"0,1348054404","0,009889777982",NO,NA,NA,NA,-1.705,NA,NA,1713,Tropical Wet,15,10,FALSE,"(10,15]",-83.6751,9.892126,FALSE,Pasture,SilvoPasture,1,A:<0/+1,Before-After Designs,Unknown/mixed,"[15,30)",FALSE,FALSE,0.13480544044624077,0.0098897779817087
1023,164,1022,2005,Jairo Rojas Molina,Spanish,MSc thesis,https://repositorio.catie.ac.cr/bitstream/handle/11554/689/Secuestro_de_carbono.pdf?sequence=1&isAllowed=y,NA,NA,LMP,Grassland,Full sun,NA,Brachiaría brizantha,1,0,1,0,Grassland,SilvoPasture,Pasture,NA,"Brachiaria brizantha,Pithecellobium saman",2,1,1,1,NA,NA,NA,NA,Costa Rica,10°28'37''N,85°9'5''W,10.4769444444444,-85.1513888888889,50,1500,28,NA,Cambisols,0,20,20,119,45,119,45,RCBD,4.5,Pastures,pasture,pasture,2,2,Figure 19,NA,t C ha-1,Done,"51,08","2,23","2,23",51.08,2.23,"68,71","5,58","5,58",68.71,5.58,NA,NA,YES,"0,2963777795",#VALUE!,YES,"3,916239318",NA,NA,NA,261,103,1962,Tropical Moist,10,20,TRUE,"(5,10]",-85.1513888888889,10.4769444444444,FALSE,Pasture,SilvoPasture,1,A:<0/+1,Randomized Designs,Grassland,"[0,15)",FALSE,FALSE,0.29650171787864604,0.004250571230124901
1024,164,1023,2005,Jairo Rojas Molina,Spanish,MSc thesis,https://repositorio.catie.ac.cr/bitstream/handle/11554/689/Secuestro_de_carbono.pdf?sequence=1&isAllowed=y,NA,NA,LMP,Grassland,Full sun,NA,Brachiaría brizantha,1,0,1,0,Grassland,SilvoPasture,Pasture,NA,"Brachiaria brizantha,Pithecellobium saman",2,1,1,1,NA,NA,NA,NA,Costa Rica,10°28'37''N,85°9'5''W,10.4769444444444,-85.1513888888889,50,1500,28,NA,Cambisols,20,40,20,119,45,119,45,RCBD,4.5,Pastures,pasture,pasture,2,2,Figure 19,NA,t C ha-1,Done,"19,41","1,78","1,78",19.41,1.78,"30,34","10,26","10,26",30.34,10.26,NA,NA,YES,"0,446746767",#VALUE!,YES,"2,429059829",NA,NA,NA,261,103,1962,Tropical Moist,30,20,FALSE,"(25,50]",-85.1513888888889,10.4769444444444,FALSE,Pasture,SilvoPasture,1,A:<0/+1,Randomized Designs,Grassland,"[30,45)",FALSE,FALSE,0.44667857673946726,0.06138353891763916
1025,164,1024,2005,Jairo Rojas Molina,Spanish,MSc thesis,https://repositorio.catie.ac.cr/bitstream/handle/11554/689/Secuestro_de_carbono.pdf?sequence=1&isAllowed=y,NA,NA,LMP,Grassland,Full sun,NA,Brachiaría brizantha,1,0,1,0,Grassland,SilvoPasture,Pasture,NA,"Brachiaria brizantha,Pithecellobium saman",2,1,1,1,NA,NA,NA,NA,Costa Rica,10°28'37''N,85°9'5''W,10.4769444444444,-85.1513888888889,50,1500,28,NA,Cambisols,40,60,20,119,45,119,45,RCBD,4.5,Pastures,pasture,pasture,2,2,Figure 19,NA,t C ha-1,Done,"17,40","7,58","7,58",17.4,7.58,"25,65","3,57","3,57",25.65,3.57,NA,NA,YES,"0,3882233015",#VALUE!,YES,"1,834188033",NA,NA,NA,261,103,1962,Tropical Moist,50,20,FALSE,"(25,50]",-85.1513888888889,10.4769444444444,FALSE,Pasture,SilvoPasture,1,A:<0/+1,Randomized Designs,Grassland,"[45,55)",FALSE,FALSE,0.3880733653962953,0.10457341509106273
1026,164,1025,2005,Jairo Rojas Molina,Spanish,MSc thesis,https://repositorio.catie.ac.cr/bitstream/handle/11554/689/Secuestro_de_carbono.pdf?sequence=1&isAllowed=y,NA,NA,LMP,Grassland,Full sun,NA,Brachiaría brizantha,1,0,1,0,Grassland,SilvoPasture,Pasture,NA,"Brachiaria brizantha,Dalbergia retusa",2,1,1,1,NA,NA,NA,NA,Costa Rica,10°28'37''N,85°9'5''W,10.4769444444444,-85.1513888888889,50,1500,28,NA,Cambisols,0,20,20,119,45,119,45,RCBD,4.5,Pastures,pasture,pasture,2,2,Figure 19,NA,t C ha-1,Done,"51,08","2,23","2,23",51.08,2.23,"60,68","5,58","5,58",60.68,5.58,NA,NA,YES,"0,1720800629",#VALUE!,YES,"2,131623933",NA,NA,NA,261,103,1962,Tropical Moist,10,20,TRUE,"(5,10]",-85.1513888888889,10.4769444444444,FALSE,Pasture,SilvoPasture,1,A:<0/+1,Randomized Designs,Grassland,"[0,15)",FALSE,FALSE,0.172221123315993,0.005181086745735407
1027,164,1026,2005,Jairo Rojas Molina,Spanish,MSc thesis,https://repositorio.catie.ac.cr/bitstream/handle/11554/689/Secuestro_de_carbono.pdf?sequence=1&isAllowed=y,NA,NA,LMP,Grassland,Full sun,NA,Brachiaría brizantha,1,0,1,0,Grassland,SilvoPasture,Pasture,NA,"Brachiaria brizantha,Dalbergia retusa",2,1,1,1,NA,NA,NA,NA,Costa Rica,10°28'37''N,85°9'5''W,10.4769444444444,-85.1513888888889,50,1500,28,NA,Cambisols,20,40,20,119,45,119,45,RCBD,4.5,Pastures,pasture,pasture,2,2,Figure 19,NA,t C ha-1,Done,"19,41","1,78","1,78",19.41,1.78,"26,55","7,14","7,14",26.55,7.14,NA,NA,YES,"0,3132153745",#VALUE!,YES,"1,586324787",NA,NA,NA,261,103,1962,Tropical Moist,30,20,FALSE,"(25,50]",-85.1513888888889,10.4769444444444,FALSE,Pasture,SilvoPasture,1,A:<0/+1,Randomized Designs,Grassland,"[30,45)",FALSE,FALSE,0.31324135050702895,0.04036567725910918
1028,164,1027,2005,Jairo Rojas Molina,Spanish,MSc thesis,https://repositorio.catie.ac.cr/bitstream/handle/11554/689/Secuestro_de_carbono.pdf?sequence=1&isAllowed=y,NA,NA,LMP,Grassland,Full sun,NA,Brachiaría brizantha,1,0,1,0,Grassland,SilvoPasture,Pasture,NA,"Brachiaria brizantha,Dalbergia retusa",2,1,1,1,NA,NA,NA,NA,Costa Rica,10°28'37''N,85°9'5''W,10.4769444444444,-85.1513888888889,50,1500,28,NA,Cambisols,40,60,20,119,45,119,45,RCBD,4.5,Pastures,pasture,pasture,2,2,Figure 19,NA,t C ha-1,Done,"17,40","7,58","7,58",17.4,7.58,"24,09","3,57","3,57",24.09,3.57,NA,NA,YES,"0,3254224003",#VALUE!,YES,"1,487179487",NA,NA,NA,261,103,1962,Tropical Moist,50,20,FALSE,"(25,50]",-85.1513888888889,10.4769444444444,FALSE,Pasture,SilvoPasture,1,A:<0/+1,Randomized Designs,Grassland,"[45,55)",FALSE,FALSE,0.3253266104062968,0.10586847087827869
1029,164,1028,2005,Jairo Rojas Molina,Spanish,MSc thesis,https://repositorio.catie.ac.cr/bitstream/handle/11554/689/Secuestro_de_carbono.pdf?sequence=1&isAllowed=y,NA,NA,LMP,Grassland,Full sun,NA,Brachiaría brizantha,1,0,1,0,Grassland,SilvoPasture,Pasture,NA,"Brachiaria brizantha,Diphysa robinioides",2,1,1,1,NA,NA,NA,NA,Costa Rica,10°28'37''N,85°9'5''W,10.4769444444444,-85.1513888888889,50,1500,28,NA,Cambisols,0,20,20,119,45,119,45,RCBD,4.5,Pastures,pasture,pasture,2,2,Figure 19,NA,t C ha-1,Done,"51,08","2,23","2,23",51.08,2.23,"62,46","8,03","8,03",62.46,8.03,NA,NA,YES,"0,2010675997",#VALUE!,YES,"2,528205129",NA,NA,NA,261,103,1962,Tropical Moist,10,20,TRUE,"(5,10]",-85.1513888888889,10.4769444444444,FALSE,Pasture,SilvoPasture,1,A:<0/+1,Randomized Designs,Grassland,"[0,15)",FALSE,FALSE,0.2011333206905941,0.009217097101844806
1030,164,1029,2005,Jairo Rojas Molina,Spanish,MSc thesis,https://repositorio.catie.ac.cr/bitstream/handle/11554/689/Secuestro_de_carbono.pdf?sequence=1&isAllowed=y,NA,NA,LMP,Grassland,Full sun,NA,Brachiaría brizantha,1,0,1,0,Grassland,SilvoPasture,Pasture,NA,"Brachiaria brizantha,Diphysa robinioides",2,1,1,1,NA,NA,NA,NA,Costa Rica,10°28'37''N,85°9'5''W,10.4769444444444,-85.1513888888889,50,1500,28,NA,Cambisols,20,40,20,119,45,119,45,RCBD,4.5,Pastures,pasture,pasture,2,2,Figure 19,NA,t C ha-1,Done,"19,41","1,78","1,78",19.41,1.78,"33,68","6,25","6,25",33.68,6.25,NA,NA,YES,"0,5513717179",#VALUE!,YES,"3,172649571",NA,NA,NA,261,103,1962,Tropical Moist,30,20,FALSE,"(25,50]",-85.1513888888889,10.4769444444444,FALSE,Pasture,SilvoPasture,1,A:<0/+1,Randomized Designs,Grassland,"[30,45)",FALSE,FALSE,0.5511157921932072,0.021423057297592526
1031,164,1030,2005,Jairo Rojas Molina,Spanish,MSc thesis,https://repositorio.catie.ac.cr/bitstream/handle/11554/689/Secuestro_de_carbono.pdf?sequence=1&isAllowed=y,NA,NA,LMP,Grassland,Full sun,NA,Brachiaría brizantha,1,0,1,0,Grassland,SilvoPasture,Pasture,NA,"Brachiaria brizantha,Diphysa robinioides",2,1,1,1,NA,NA,NA,NA,Costa Rica,10°28'37''N,85°9'5''W,10.4769444444444,-85.1513888888889,50,1500,28,NA,Cambisols,40,60,20,119,45,119,45,RCBD,4.5,Pastures,pasture,pasture,2,2,Figure 19,NA,t C ha-1,Done,"17,40","7,58","7,58",17.4,7.58,"24,54","3,57","3,57",24.54,3.57,NA,NA,YES,"0,3437715392",#VALUE!,YES,"1,586324787",NA,NA,NA,261,103,1962,Tropical Moist,50,20,FALSE,"(25,50]",-85.1513888888889,10.4769444444444,FALSE,Pasture,SilvoPasture,1,A:<0/+1,Randomized Designs,Grassland,"[45,55)",FALSE,FALSE,0.34383423306228206,0.10546944551365042
1032,164,1031,2005,Jairo Rojas Molina,Spanish,MSc thesis,https://repositorio.catie.ac.cr/bitstream/handle/11554/689/Secuestro_de_carbono.pdf?sequence=1&isAllowed=y,NA,NA,LMP,Grassland,Full sun,NA,Hyparrhenia rufa,1,0,1,0,Grassland,SilvoPasture,Pasture,NA,"Hyparrhenia rufa,Pithecellobium saman",2,1,1,1,NA,NA,NA,NA,Costa Rica,10°28'37''N,85°9'5''W,10.4769444444444,-85.1513888888889,50,1500,28,NA,Cambisols,0,20,20,119,45,119,45,RCBD,4.5,Pastures,pasture,pasture,2,2,Figure 19,NA,t C ha-1,Done,"64,02","19,63","19,63",64.02,19.63,"62,46","22,08","22,08",62.46,22.08,NA,NA,YES,"-0,02469261257",#VALUE!,YES,"-0,3470085467",NA,NA,NA,261,103,1962,Tropical Moist,10,20,TRUE,"(5,10]",-85.1513888888889,10.4769444444444,FALSE,Pasture,SilvoPasture,1,A:<0/+1,Randomized Designs,Grassland,"[0,15)",FALSE,FALSE,-0.024669182686784353,0.10949214297552289
1033,164,1032,2005,Jairo Rojas Molina,Spanish,MSc thesis,https://repositorio.catie.ac.cr/bitstream/handle/11554/689/Secuestro_de_carbono.pdf?sequence=1&isAllowed=y,NA,NA,LMP,Grassland,Full sun,NA,Hyparrhenia rufa,1,0,1,0,Grassland,SilvoPasture,Pasture,NA,"Hyparrhenia rufa,Pithecellobium saman",2,1,1,1,NA,NA,NA,NA,Costa Rica,10°28'37''N,85°9'5''W,10.4769444444444,-85.1513888888889,50,1500,28,NA,Cambisols,20,40,20,119,45,119,45,RCBD,4.5,Pastures,pasture,pasture,2,2,Figure 19,NA,t C ha-1,Done,"29,00","11,38","11,38",29,11.38,"23,65","4,68","4,68",23.65,4.68,NA,NA,YES,"-0,2040953562",#VALUE!,YES,"-1,189743589",NA,NA,NA,261,103,1962,Tropical Moist,30,20,FALSE,"(25,50]",-85.1513888888889,10.4769444444444,FALSE,Pasture,SilvoPasture,1,A:<0/+1,Randomized Designs,Grassland,"[30,45)",FALSE,FALSE,-0.20393271504853216,0.09657369437456792
1034,164,1033,2005,Jairo Rojas Molina,Spanish,MSc thesis,https://repositorio.catie.ac.cr/bitstream/handle/11554/689/Secuestro_de_carbono.pdf?sequence=1&isAllowed=y,NA,NA,LMP,Grassland,Full sun,NA,Hyparrhenia rufa,1,0,1,0,Grassland,SilvoPasture,Pasture,NA,"Hyparrhenia rufa,Pithecellobium saman",2,1,1,1,NA,NA,NA,NA,Costa Rica,10°28'37''N,85°9'5''W,10.4769444444444,-85.1513888888889,50,1500,28,NA,Cambisols,40,60,20,119,45,119,45,RCBD,4.5,Pastures,pasture,pasture,2,2,Figure 19,NA,t C ha-1,Done,"19,85","13,38","13,38",19.85,13.38,"16,95","3,35","3,35",16.95,3.35,NA,NA,YES,"-0,1579030295",#VALUE!,YES,"-0,6444444444",NA,NA,NA,261,103,1962,Tropical Moist,50,20,FALSE,"(25,50]",-85.1513888888889,10.4769444444444,FALSE,Pasture,SilvoPasture,1,A:<0/+1,Randomized Designs,Grassland,"[45,55)",FALSE,FALSE,-0.1579361733067403,0.24670615978175084
1035,164,1034,2005,Jairo Rojas Molina,Spanish,MSc thesis,https://repositorio.catie.ac.cr/bitstream/handle/11554/689/Secuestro_de_carbono.pdf?sequence=1&isAllowed=y,NA,NA,LMP,Grassland,Full sun,NA,Hyparrhenia rufa,1,0,1,0,Grassland,SilvoPasture,Pasture,NA,"Hyparrhenia rufa,Dalbergia retusa",2,1,1,1,NA,NA,NA,NA,Costa Rica,10°28'37''N,85°9'5''W,10.4769444444444,-85.1513888888889,50,1500,28,NA,Cambisols,0,20,20,119,45,119,45,RCBD,4.5,Pastures,pasture,pasture,2,2,Figure 19,NA,t C ha-1,Done,"64,02","19,63","19,63",64.02,19.63,"62,02","15,84","15,84",62.02,15.84,NA,NA,YES,"-0,03186110195",#VALUE!,YES,"-0,4461538444",NA,NA,NA,261,103,1962,Tropical Moist,10,20,TRUE,"(5,10]",-85.1513888888889,10.4769444444444,FALSE,Pasture,SilvoPasture,1,A:<0/+1,Randomized Designs,Grassland,"[0,15)",FALSE,FALSE,-0.03173862086941396,0.07962376956292044
1036,164,1035,2005,Jairo Rojas Molina,Spanish,MSc thesis,https://repositorio.catie.ac.cr/bitstream/handle/11554/689/Secuestro_de_carbono.pdf?sequence=1&isAllowed=y,NA,NA,LMP,Grassland,Full sun,NA,Hyparrhenia rufa,1,0,1,0,Grassland,SilvoPasture,Pasture,NA,"Hyparrhenia rufa,Dalbergia retusa",2,1,1,1,NA,NA,NA,NA,Costa Rica,10°28'37''N,85°9'5''W,10.4769444444444,-85.1513888888889,50,1500,28,NA,Cambisols,20,40,20,119,45,119,45,RCBD,4.5,Pastures,pasture,pasture,2,2,Figure 19,NA,t C ha-1,Done,"29,00","11,38","11,38",29,11.38,"27,88","6,69","6,69",27.88,6.69,NA,NA,YES,"-0,03922071332",#VALUE!,YES,"-0,2478632489",NA,NA,NA,261,103,1962,Tropical Moist,30,20,FALSE,"(25,50]",-85.1513888888889,10.4769444444444,FALSE,Pasture,SilvoPasture,1,A:<0/+1,Randomized Designs,Grassland,"[30,45)",FALSE,FALSE,-0.03938624409415088,0.10578396344955512
1037,164,1036,2005,Jairo Rojas Molina,Spanish,MSc thesis,https://repositorio.catie.ac.cr/bitstream/handle/11554/689/Secuestro_de_carbono.pdf?sequence=1&isAllowed=y,NA,NA,LMP,Grassland,Full sun,NA,Hyparrhenia rufa,1,0,1,0,Grassland,SilvoPasture,Pasture,NA,"Hyparrhenia rufa,Dalbergia retusa",2,1,1,1,NA,NA,NA,NA,Costa Rica,10°28'37''N,85°9'5''W,10.4769444444444,-85.1513888888889,50,1500,28,NA,Cambisols,40,60,20,119,45,119,45,RCBD,4.5,Pastures,pasture,pasture,2,2,Figure 19,NA,t C ha-1,Done,"19,85","13,38","13,38",19.85,13.38,"23,65","4,68","4,68",23.65,4.68,NA,NA,YES,"0,1748027247",#VALUE!,YES,"0,8427350444",NA,NA,NA,261,103,1962,Tropical Moist,50,20,FALSE,"(25,50]",-85.1513888888889,10.4769444444444,FALSE,Pasture,SilvoPasture,1,A:<0/+1,Randomized Designs,Grassland,"[45,55)",FALSE,FALSE,0.17515910780474236,0.24675475352703985
1038,164,1037,2005,Jairo Rojas Molina,Spanish,MSc thesis,https://repositorio.catie.ac.cr/bitstream/handle/11554/689/Secuestro_de_carbono.pdf?sequence=1&isAllowed=y,NA,NA,LMP,Grassland,Full sun,NA,Hyparrhenia rufa,1,0,1,0,Grassland,SilvoPasture,Pasture,NA,"Hyparrhenia rufa,Diphysa robinioides",2,1,1,1,NA,NA,NA,NA,Costa Rica,10°28'37''N,85°9'5''W,10.4769444444444,-85.1513888888889,50,1500,28,NA,Cambisols,0,20,20,119,45,119,45,RCBD,6,Pastures,pasture,pasture,2,2,Figure 19,NA,t C ha-1,Done,"64,02","19,63","19,63",64.02,19.63,"50,64","2,01","2,01",50.64,2.01,NA,NA,YES,"-0,2345321982",#VALUE!,YES,"-2,974358973",NA,NA,NA,261,103,1962,Tropical Moist,10,20,TRUE,"(5,10]",-85.1513888888889,10.4769444444444,FALSE,Pasture,SilvoPasture,1,A:<0/+1,Randomized Designs,Grassland,"[0,15)",FALSE,FALSE,-0.23445375670579613,0.047796535878024154
1039,164,1038,2005,Jairo Rojas Molina,Spanish,MSc thesis,https://repositorio.catie.ac.cr/bitstream/handle/11554/689/Secuestro_de_carbono.pdf?sequence=1&isAllowed=y,NA,NA,LMP,Grassland,Full sun,NA,Hyparrhenia rufa,1,0,1,0,Grassland,SilvoPasture,Pasture,NA,"Hyparrhenia rufa,Diphysa robinioides",2,1,1,1,NA,NA,NA,NA,Costa Rica,10°28'37''N,85°9'5''W,10.4769444444444,-85.1513888888889,50,1500,28,NA,Cambisols,20,40,20,119,45,119,45,RCBD,4.5,Pastures,pasture,pasture,2,2,Figure 19,NA,t C ha-1,Done,"29,00","11,38","11,38",29,11.38,"25,65","3,79","3,79",25.65,3.79,NA,NA,YES,"-0,1226023222",#VALUE!,YES,"-0,7435897444",NA,NA,NA,261,103,1962,Tropical Moist,30,20,FALSE,"(25,50]",-85.1513888888889,10.4769444444444,FALSE,Pasture,SilvoPasture,1,A:<0/+1,Randomized Designs,Grassland,"[30,45)",FALSE,FALSE,-0.12275225836969555,0.08791054784294286
1040,164,1039,2005,Jairo Rojas Molina,Spanish,MSc thesis,https://repositorio.catie.ac.cr/bitstream/handle/11554/689/Secuestro_de_carbono.pdf?sequence=1&isAllowed=y,NA,NA,LMP,Grassland,Full sun,NA,Hyparrhenia rufa,1,0,1,0,Grassland,SilvoPasture,Pasture,NA,"Hyparrhenia rufa,Diphysa robinioides",2,1,1,1,NA,NA,NA,NA,Costa Rica,10°28'37''N,85°9'5''W,10.4769444444444,-85.1513888888889,50,1500,28,NA,Cambisols,40,60,20,119,45,119,45,RCBD,4.5,Pastures,pasture,pasture,2,2,Figure 19,NA,t C ha-1,Done,"19,85","13,38","13,38",19.85,13.38,"20,30","0,89","0,89",20.3,0.89,NA,NA,YES,"0,02222313698",#VALUE!,YES,"0,0991453",NA,NA,NA,261,103,1962,Tropical Moist,50,20,FALSE,"(25,50]",-85.1513888888889,10.4769444444444,FALSE,Pasture,SilvoPasture,1,A:<0/+1,Randomized Designs,Grassland,"[45,55)",FALSE,FALSE,0.022416878914542273,0.22813642812526913
1041,165,1040,2012,Ángel Oswaldo Jadán Maza,Spanish,MSc thesis,https://repositorio.catie.ac.cr/bitstream/handle/11554/5241/Influencia_del_uso_de_la_tierra.pdf?sequence=1&isAllowed=y,NA,NA,LMP,Cropland,Full sun,NA,"Manihot esculenta,Musa × paradisiaca",2,0,1,0,Cropland,Other,"Banana, cocoa",NA,"Manihot esculenta,Musa × paradisiaca,guava Psidium guajava,Bactris gasipaes,Persea americana,porotón,huanchaso,uvilla,paso,avio,Theobroma cacao,Theobroma cacao,pitón,Annona cherimola,Citrus × aurantium,Oenocarpus bataua,Mauritia flexuosa,Ilex guayusa,Inga edulis,Selenicereus undatus,limón – mandarina,lima,Chrysophyllum cainito,Laurus nobilis,Cedrela",25,12,3,1,NA,NA,NA,NA,Ecuador,0°32'32''S,77°37'39''W,0.542222,-77.6275,700,95,28,NA,Andosols,0,30,30,73,0,73,0,CI,20.6,NA,unknown,unknown,7,6,Table 16,SE,t C ha-1,Done,"45,80","6,4 SE","16,93",45.8,16.93,"64,70","9,2 SE","22,54",64.7,22.54,NA,NA,YES,"0,3454771104","0,0397460517",YES,"0,9174757282",NA,NA,NA,106,95,826,Tropical Dry,15,30,TRUE,"(10,15]",-77.6275,0.542222,FALSE,Cocoa/Coffee,Other,23,C+2+,Control-Impact Designs,Unknown/mixed,"[15,30)",FALSE,FALSE,0.3454771103867158,0.039747999763180296
1042,165,1041,2012,Ángel Oswaldo Jadán Maza,Spanish,MSc thesis,https://repositorio.catie.ac.cr/bitstream/handle/11554/5241/Influencia_del_uso_de_la_tierra.pdf?sequence=1&isAllowed=y,NA,NA,LMP,Cropland,Full sun,NA,Theobroma cacao,1,1,0,0,Cropland,Multistrata system,Cocoa,NA,"Theobroma cacao,Laurus nobilis,Cedrela,ahuano,chucho,Chlorophora tinctoria,sangre,Terminalia amazonia,Myroxylon balsamum,avio,Chrysophyllum cainito,Theobroma cacao,Annona cherimola,Bactris gasipaes,guava Psidium guajava,Ilex guayusa,Mauritia flexuosa,paso,porotón,uvilla,Persea americana,lima,limón-mandarina,Citrus × aurantium",24,13,1,1,NA,NA,NA,NA,Ecuador,0°32'32''S,77°37'39''W,0.542222,-77.6275,700,95,28,NA,Andosols,0,30,30,73,0,73,0,CI,20.7,NA,unknown,unknown,7,15,Table 16,SE,t C ha-1,Done,"74,90","6,8 SE","17,99",74.9,17.99,"69,20","4,9 SE","18,98",69.2,18.98,NA,NA,YES,"-0,0791530279","0,01325635923",YES,"-0,2753623188",NA,NA,NA,106,95,826,Tropical Dry,15,30,TRUE,"(10,15]",-77.6275,0.542222,FALSE,Cocoa/Coffee,Multistrata system,23,C+2+,Control-Impact Designs,Unknown/mixed,"[15,30)",FALSE,FALSE,-0.07915302789954994,0.013256601724100193
1043,165,1042,2012,Ángel Oswaldo Jadán Maza,Spanish,MSc thesis,https://repositorio.catie.ac.cr/bitstream/handle/11554/5241/Influencia_del_uso_de_la_tierra.pdf?sequence=1&isAllowed=y,NA,NA,LMP,Cropland,Full sun,NA,Theobroma cacao,1,1,0,0,Cropland,Multistrata system,Cocoa,NA,"Theobroma cacao,Cedrela,Laurus nobilis,pigue,tamburo,yuyun,avio,Chrysophyllum cainito,Theobroma cacao,Annona cherimola,Bactris gasipaes,guava Psidium guajava,Ilex guayusa,Mauritia flexuosa,paso,porotón,uvilla,Persea americana,Citrus",19,11,0,0,NA,NA,NA,NA,Ecuador,0°32'32''S,77°37'39''W,0.542222,-77.6275,700,95,28,NA,Andosols,0,30,30,73,0,73,0,CI,21.4,NA,unknown,unknown,8,11,Table 16,SE,t C ha-1,Done,"73,60","8,9 SE","25,17",73.6,25.17,"65,10","7,1 SE","23,55",65.1,23.55,NA,NA,YES,"-0,1227204765","0,02651732636",YES,"-0,3971962617",NA,NA,NA,106,95,826,Tropical Dry,15,30,TRUE,"(10,15]",-77.6275,0.542222,FALSE,Cocoa/Coffee,Multistrata system,18,C+2+,Control-Impact Designs,Unknown/mixed,"[15,30)",FALSE,FALSE,-0.12272047652030697,0.026515823832096476
1056,166,1055,2004,John Jairo Zuluaga Peláez,Spanish,MSc thesis,https://repositorio.catie.ac.cr/bitstream/handle/11554/4822/Dinamica_de_la_materia_organica.pdf?sequence=1&isAllowed=y,NA,NA,LMP,Cropland,Full sun,NA,Coffea arabica,1,1,0,0,Cropland,Shaded perennial,Coffee,NA,"Coffea arabica,Erythrina poeppigiana",2,2,0,1,NA,YES,NA,NA,Costa Rica,9°53'44''N,83°40'7''W,9.89555555555556,-83.6686111111111,600,2651,21.8,NA,Acrisols,0,10,10,119,45,119,45,CI,2.5,NA,unknown,unknown,4,4,Cuadro 10,EXtractool,%,Done,"2,72",0.328 SDMax,"0,33",30.91,3.73,"3,26",0.328 SDMax,"0,33",37.05,3.73,NA,NA,YES,"0,1810953151","0,006166149564",YES,30.12,NA,NA,NA,187,94,1592,Tropical Wet,5,10,TRUE,"(0,5]",-83.6686111111111,9.89555555555556,FALSE,Cocoa/Coffee,Shaded perennial,1,A:<0/+1,Control-Impact Designs,Unknown/mixed,"[0,15)",FALSE,FALSE,0.18118859559807082,0.006174340507067789
1057,166,1056,2004,John Jairo Zuluaga Peláez,Spanish,MSc thesis,https://repositorio.catie.ac.cr/bitstream/handle/11554/4822/Dinamica_de_la_materia_organica.pdf?sequence=1&isAllowed=y,NA,NA,LMP,Cropland,Full sun,NA,Coffea arabica,1,1,0,0,Cropland,Shaded perennial,Coffee,NA,"Coffea arabica,Erythrina poeppigiana",2,2,0,1,NA,YES,NA,NA,Costa Rica,9°53'44''N,83°40'7''W,9.89555555555556,-83.6686111111111,600,2651,21.8,NA,Acrisols,0,10,10,119,45,119,45,CI,2.5,NA,unknown,unknown,4,4,Cuadro 10,EXtractool,%,Done,"2,72",0.328 SDMax,"0,33",30.91,3.73,"3,42",0.328 SDMax,"0,33",38.87,3.73,NA,NA,YES,"0,2290086708","0,005934891583",YES,30.12,NA,NA,NA,187,94,1592,Tropical Wet,5,10,TRUE,"(0,5]",-83.6686111111111,9.89555555555556,FALSE,Cocoa/Coffee,Shaded perennial,1,A:<0/+1,Control-Impact Designs,Unknown/mixed,"[0,15)",FALSE,FALSE,0.22914298872010683,0.005942611845187892
1058,166,1057,2004,John Jairo Zuluaga Peláez,Spanish,MSc thesis,https://repositorio.catie.ac.cr/bitstream/handle/11554/4822/Dinamica_de_la_materia_organica.pdf?sequence=1&isAllowed=y,NA,NA,LMP,Cropland,Full sun,NA,Coffea arabica,1,1,0,0,Cropland,Shaded perennial,Coffee,NA,"Coffea arabica,Erythrina poeppigiana",2,2,0,1,NA,YES,NA,NA,Costa Rica,9°53'44''N,83°40'7''W,9.89555555555556,-83.6686111111111,600,2651,21.8,NA,Acrisols,0,10,10,119,45,119,45,CI,2.5,NA,unknown,unknown,4,4,Cuadro 10,EXtractool,%,Done,"2,72",0.328 SDMax,"0,33",30.91,3.73,"2,85",0.328 SDMax,"0,33",32.39,3.73,NA,NA,YES,"0,04668711397","0,006946676406",YES,30.12,NA,NA,NA,187,94,1592,Tropical Wet,5,10,TRUE,"(0,5]",-83.6686111111111,9.89555555555556,FALSE,Cocoa/Coffee,Shaded perennial,1,A:<0/+1,Control-Impact Designs,Unknown/mixed,"[0,15)",FALSE,FALSE,0.04676997703921296,0.006955887291350457
1059,166,1058,2004,John Jairo Zuluaga Peláez,Spanish,MSc thesis,https://repositorio.catie.ac.cr/bitstream/handle/11554/4822/Dinamica_de_la_materia_organica.pdf?sequence=1&isAllowed=y,NA,NA,LMP,Cropland,Full sun,NA,Coffea arabica,1,1,0,0,Cropland,Shaded perennial,Coffee,NA,"Coffea arabica,Erythrina poeppigiana",2,2,0,1,NA,NO,NA,NA,Costa Rica,9°53'44''N,83°40'7''W,9.89555555555556,-83.6686111111111,600,2651,21.8,NA,Acrisols,0,10,10,119,45,119,45,CI,2.5,NA,unknown,unknown,4,4,Cuadro 10,EXtractool,%,Done,"2,72",0.328 SDMax,"0,33",30.91,3.73,"3,11",0.328 SDMax,"0,33",35.34,3.73,NA,NA,YES,"0,1339908459","0,006416162459",YES,30.12,NA,NA,NA,187,94,1592,Tropical Wet,5,10,TRUE,"(0,5]",-83.6686111111111,9.89555555555556,FALSE,Cocoa/Coffee,Shaded perennial,1,A:<0/+1,Control-Impact Designs,Unknown/mixed,"[0,15)",FALSE,FALSE,0.13393571074752542,0.00642548452864181
1060,166,1059,2004,John Jairo Zuluaga Peláez,Spanish,MSc thesis,https://repositorio.catie.ac.cr/bitstream/handle/11554/4822/Dinamica_de_la_materia_organica.pdf?sequence=1&isAllowed=y,NA,NA,LMP,Cropland,Full sun,NA,Coffea arabica,1,1,0,0,Cropland,Shaded perennial,Coffee,NA,"Coffea arabica,Erythrina poeppigiana",2,2,0,1,NA,NO,NA,NA,Costa Rica,9°53'44''N,83°40'7''W,9.89555555555556,-83.6686111111111,600,2651,21.8,NA,Acrisols,0,10,10,119,45,119,45,CI,2.5,NA,unknown,unknown,4,4,Cuadro 10,EXtractool,%,Done,"2,72",0.328 SDMax,"0,33",30.91,3.73,"2,83",0.328 SDMax,"0,33",32.16,3.73,NA,NA,YES,"0,03964483135","0,006993644554",YES,30.12,NA,NA,NA,187,94,1592,Tropical Wet,5,10,TRUE,"(0,5]",-83.6686111111111,9.89555555555556,FALSE,Cocoa/Coffee,Shaded perennial,1,A:<0/+1,Control-Impact Designs,Unknown/mixed,"[0,15)",FALSE,FALSE,0.03964368816674058,0.007003478614431218
1061,166,1060,2004,John Jairo Zuluaga Peláez,Spanish,MSc thesis,https://repositorio.catie.ac.cr/bitstream/handle/11554/4822/Dinamica_de_la_materia_organica.pdf?sequence=1&isAllowed=y,NA,NA,LMP,Cropland,Full sun,NA,Coffea arabica,1,1,0,0,Cropland,Shaded perennial,Coffee,NA,"Coffea arabica,Erythrina poeppigiana",2,2,0,1,NA,NO,NA,NA,Costa Rica,9°53'44''N,83°40'7''W,9.89555555555556,-83.6686111111111,600,2651,21.8,NA,Acrisols,0,10,10,119,45,119,45,CI,2.5,NA,unknown,unknown,4,4,Cuadro 10,EXtractool,%,Done,"2,72",0.328 SDMax,"0,33",30.91,3.73,"2,72",0.328 SDMax,"0,33",30.91,3.73,NA,NA,YES,0,"0,007270761246",YES,30.12,NA,NA,NA,187,94,1592,Tropical Wet,5,10,TRUE,"(0,5]",-83.6686111111111,9.89555555555556,FALSE,Cocoa/Coffee,Shaded perennial,1,A:<0/+1,Control-Impact Designs,Unknown/mixed,"[0,15)",FALSE,FALSE,0,0.007280976977754789
1062,166,1061,2004,John Jairo Zuluaga Peláez,Spanish,MSc thesis,https://repositorio.catie.ac.cr/bitstream/handle/11554/4822/Dinamica_de_la_materia_organica.pdf?sequence=1&isAllowed=y,NA,NA,LMP,Cropland,Full sun,NA,Coffea arabica,1,1,0,0,Cropland,Shaded perennial,Coffee,NA,"Coffea arabica,Erythrina poeppigiana",2,2,0,1,NA,YES,NA,NA,Costa Rica,9°53'44''N,83°40'7''W,9.89555555555556,-83.6686111111111,600,2651,21.8,NA,Acrisols,0,10,10,119,45,119,45,CI,4,NA,unknown,unknown,4,4,Cuadro 12,EXtractool,%,Done,"3,40",0.27 SDmax,"0,27",38.64,3.07,"4,27",0.27 SDmax,"0,27",48.53,3.07,NA,NA,YES,"0,2278383956","0,002576123811",YES,"2,47177875",NA,NA,NA,187,94,1592,Tropical Wet,5,10,TRUE,"(0,5]",-83.6686111111111,9.89555555555556,FALSE,Cocoa/Coffee,Shaded perennial,1,A:<0/+1,Control-Impact Designs,Unknown/mixed,"[0,15)",FALSE,FALSE,0.22789415407280755,0.0025785809018621345
1063,166,1062,2004,John Jairo Zuluaga Peláez,Spanish,MSc thesis,https://repositorio.catie.ac.cr/bitstream/handle/11554/4822/Dinamica_de_la_materia_organica.pdf?sequence=1&isAllowed=y,NA,NA,LMP,Cropland,Full sun,NA,Coffea arabica,1,1,0,0,Cropland,Shaded perennial,Coffee,NA,"Coffea arabica,Erythrina poeppigiana",2,2,0,1,NA,YES,NA,NA,Costa Rica,9°53'44''N,83°40'7''W,9.89555555555556,-83.6686111111111,600,2651,21.8,NA,Acrisols,0,10,10,119,45,119,45,CI,4,NA,unknown,unknown,4,4,Cuadro 12,EXtractool,%,Done,"3,40",0.27 SDmax,"0,27",38.64,3.07,"4,12",0.27 SDmax,"0,27",46.82,3.07,NA,NA,YES,"0,1920777317","0,002650232746",YES,"2,04561",NA,NA,NA,187,94,1592,Tropical Wet,5,10,TRUE,"(0,5]",-83.6686111111111,9.89555555555556,FALSE,Cocoa/Coffee,Shaded perennial,1,A:<0/+1,Control-Impact Designs,Unknown/mixed,"[0,15)",FALSE,FALSE,0.19202245271844748,0.002652994133576071
1064,166,1063,2004,John Jairo Zuluaga Peláez,Spanish,MSc thesis,https://repositorio.catie.ac.cr/bitstream/handle/11554/4822/Dinamica_de_la_materia_organica.pdf?sequence=1&isAllowed=y,NA,NA,LMP,Cropland,Full sun,NA,Coffea arabica,1,1,0,0,Cropland,Shaded perennial,Coffee,NA,"Coffea arabica,Erythrina poeppigiana",2,2,0,1,NA,YES,NA,NA,Costa Rica,9°53'44''N,83°40'7''W,9.89555555555556,-83.6686111111111,600,2651,21.8,NA,Acrisols,0,10,10,119,45,119,45,CI,4,NA,unknown,unknown,4,4,Cuadro 12,EXtractool,%,Done,"3,40",0.27 SDmax,"0,27",38.64,3.07,"3,81",0.27 SDmax,"0,27",43.3,3.07,NA,NA,YES,"0,1138537575","0,002832059604",YES,"1,16486125",NA,NA,NA,187,94,1592,Tropical Wet,5,10,TRUE,"(0,5]",-83.6686111111111,9.89555555555556,FALSE,Cocoa/Coffee,Shaded perennial,1,A:<0/+1,Control-Impact Designs,Unknown/mixed,"[0,15)",FALSE,FALSE,0.11386462566412692,0.002834856146918623
1065,166,1064,2004,John Jairo Zuluaga Peláez,Spanish,MSc thesis,https://repositorio.catie.ac.cr/bitstream/handle/11554/4822/Dinamica_de_la_materia_organica.pdf?sequence=1&isAllowed=y,NA,NA,LMP,Cropland,Full sun,NA,Coffea arabica,1,1,0,0,Cropland,Shaded perennial,Coffee,NA,"Coffea arabica,Erythrina poeppigiana",2,2,0,1,NA,NO,NA,NA,Costa Rica,9°53'44''N,83°40'7''W,9.89555555555556,-83.6686111111111,600,2651,21.8,NA,Acrisols,0,10,10,119,45,119,45,CI,4,NA,unknown,unknown,4,4,Cuadro 12,EXtractool,%,Done,"3,40",0.27 SDmax,"0,27",38.64,3.07,"3,49",0.27 SDmax,"0,27",39.66,3.07,NA,NA,YES,"0,02612630459","0,003072850227",YES,"0,25570125",NA,NA,NA,187,94,1592,Tropical Wet,5,10,TRUE,"(0,5]",-83.6686111111111,9.89555555555556,FALSE,Cocoa/Coffee,Shaded perennial,1,A:<0/+1,Control-Impact Designs,Unknown/mixed,"[0,15)",FALSE,FALSE,0.026055113747332475,0.0030761274524522134
1066,166,1065,2004,John Jairo Zuluaga Peláez,Spanish,MSc thesis,https://repositorio.catie.ac.cr/bitstream/handle/11554/4822/Dinamica_de_la_materia_organica.pdf?sequence=1&isAllowed=y,NA,NA,LMP,Cropland,Full sun,NA,Coffea arabica,1,1,0,0,Cropland,Shaded perennial,Coffee,NA,"Coffea arabica,Erythrina poeppigiana",2,2,0,1,NA,NO,NA,NA,Costa Rica,9°53'44''N,83°40'7''W,9.89555555555556,-83.6686111111111,600,2651,21.8,NA,Acrisols,0,10,10,119,45,119,45,CI,4,NA,unknown,unknown,4,4,Cuadro 12,EXtractool,%,Done,"3,40",0.27 SDmax,"0,27",38.64,3.07,"3,42",0.27 SDmax,"0,27",38.87,3.07,NA,NA,YES,"0,005865119452","0,003134728839",YES,"0,0568225",NA,NA,NA,187,94,1592,Tropical Wet,5,10,TRUE,"(0,5]",-83.6686111111111,9.89555555555556,FALSE,Cocoa/Coffee,Shaded perennial,1,A:<0/+1,Control-Impact Designs,Unknown/mixed,"[0,15)",FALSE,FALSE,0.0059347355198145265,0.0031376373420281133
1067,166,1066,2004,John Jairo Zuluaga Peláez,Spanish,MSc thesis,https://repositorio.catie.ac.cr/bitstream/handle/11554/4822/Dinamica_de_la_materia_organica.pdf?sequence=1&isAllowed=y,NA,NA,LMP,Cropland,Full sun,NA,Coffea arabica,1,1,0,0,Cropland,Shaded perennial,Coffee,NA,"Coffea arabica,Erythrina poeppigiana",2,2,0,1,NA,NO,NA,NA,Costa Rica,9°53'44''N,83°40'7''W,9.89555555555556,-83.6686111111111,600,2651,21.8,NA,Acrisols,0,10,10,119,45,119,45,CI,4,NA,unknown,unknown,4,4,Cuadro 12,EXtractool,%,Done,"3,40",0.27 SDmax,"0,27",38.64,3.07,"3,05",0.27 SDmax,"0,27",34.66,3.07,NA,NA,YES,"-0,108633841","0,003535707859",YES,"-0,99439375",NA,NA,NA,187,94,1592,Tropical Wet,5,10,TRUE,"(0,5]",-83.6686111111111,9.89555555555556,FALSE,Cocoa/Coffee,Shaded perennial,1,A:<0/+1,Control-Impact Designs,Unknown/mixed,"[0,15)",FALSE,FALSE,-0.10870172505685732,0.0035394996030537213
1176,170,1175,2019,"Sauvadet et al,",English,Article,https://doi.org/10.1016/j.scitotenv.2018.08.291,NA,NA,LMP,Cropland,Full sun,NA,Saccharum officinarum,1,0,1,0,Cropland,Shaded perennial,Coffee,NA,"Coffea,Terminalia",2,3,0,0,NA,NA,NA,NA,Costa Rica,9° 53’ 44” N,83°40’7’W,9.89555555555556,-83.6686111111111,685,2915,22,NA,Cambisols,0,10,10,105,43,105,43,RCBD,17,Sugar cane,cropland,cropland,6,7,Table 2,NA,gC.kg-1,Done,"39,30","9,20","9,20",39.49,9.24,"39,10","5,30","5,30",39.29,5.33,0.07003558824,"0,05821382353",YES,"-0,005102051884","0,01175836752",YES,"-0,01182176471",NA,NA,0.05821382353,187,94,1592,Tropical Wet,5,10,TRUE,"(0,5]",-83.6686111111111,9.89555555555556,FALSE,Cocoa/Coffee,Shaded perennial,1,A:<0/+1,Randomized Designs,Cropland,"[0,15)",FALSE,FALSE,-0.005077441728189779,0.011753706924038048
1177,170,1176,2019,"Sauvadet et al,",English,Article,https://doi.org/10.1016/j.scitotenv.2018.08.291,NA,NA,LMP,Cropland,Full sun,NA,Saccharum officinarum,1,0,1,0,Cropland,Shaded perennial,Coffee,NA,"Coffea,Eythrina",2,2,0,1,NA,NA,NA,NA,Costa Rica,9° 53’ 44” N,83°40’7’W,9.89555555555556,-83.6686111111111,685,2915,22,NA,Cambisols,0,10,10,105,43,105,43,RCBD,17,Sugar cane,cropland,cropland,6,7,Table 2,NA,gC.kg-1,Done,"39,30","9,20","9,20",39.49,9.24,"45,20","6,10","6,10",45.42,6.13,0.07003558824,"0,4187776471",YES,"0,139872568","0,01173540855",YES,"0,3487420588",NA,NA,0.4187776471,187,94,1592,Tropical Wet,5,10,TRUE,"(0,5]",-83.6686111111111,9.89555555555556,FALSE,Cocoa/Coffee,Shaded perennial,1,A:<0/+1,Randomized Designs,Cropland,"[0,15)",FALSE,FALSE,0.13990506137885442,0.0117268243854663
1178,170,1177,2019,"Sauvadet et al,",English,Article,https://doi.org/10.1016/j.scitotenv.2018.08.291,NA,NA,LMP,Cropland,Full sun,NA,Saccharum officinarum,1,0,1,0,Cropland,Shaded perennial,Coffee,NA,"Coffea,Terminalia",2,3,0,0,NA,NA,NA,NA,Costa Rica,9° 53’ 44” N,83°40’7’W,9.89555555555556,-83.6686111111111,685,2915,22,NA,Cambisols,0,10,10,105,43,105,43,RCBD,17,Sugar cane,cropland,cropland,6,7,Table 2,NA,gC.kg-1,Done,"36,90","4,90","4,90",37.08,4.92,"40,10","6,10","6,10",40.29,6.13,-0.07182558824,"0,1173226471",YES,"0,08316478327","0,006244694703",YES,"0,1891482353",NA,NA,0.1173226471,187,94,1592,Tropical Wet,5,10,TRUE,"(0,5]",-83.6686111111111,9.89555555555556,FALSE,Cocoa/Coffee,Shaded perennial,1,A:<0/+1,Randomized Designs,Cropland,"[0,15)",FALSE,FALSE,0.08302555850560149,0.006241221832128472
1179,170,1178,2019,"Sauvadet et al,",English,Article,https://doi.org/10.1016/j.scitotenv.2018.08.291,NA,NA,LMP,Cropland,Full sun,NA,Saccharum officinarum,1,0,1,0,Cropland,Shaded perennial,Coffee,NA,"Coffea,Eythrina",2,2,0,1,NA,NA,NA,NA,Costa Rica,9° 53’ 44” N,83°40’7’W,9.89555555555556,-83.6686111111111,685,2915,22,NA,Cambisols,0,10,10,105,43,105,43,RCBD,17,Sugar cane,cropland,cropland,6,7,Table 2,NA,gC.kg-1,Done,"36,90","4,90","4,90",37.08,4.92,"42,00","8,10","8,10",42.2,8.14,-0.07182558824,"0,2296294118",YES,"0,1294580672","0,008252333874",YES,"0,301455",NA,NA,0.2296294118,187,94,1592,Tropical Wet,5,10,TRUE,"(0,5]",-83.6686111111111,9.89555555555556,FALSE,Cocoa/Coffee,Shaded perennial,1,A:<0/+1,Randomized Designs,Cropland,"[0,15)",FALSE,FALSE,0.1293424803443119,0.008249542733123682
1193,171,1192,2019,Kearney et al.,English,Article,http://dx.doi.org/10.1016/j.ecolind.2017.08.032,NA,NA,LMP,Cropland,Full sun,NA,"zea mays,Phaseolus vulgaris",2,0,2,1,Cropland,Multistrata system,"Beans, Maize",NA,"zea mays,phaseoulus vulgaris, trees",3,1,2,1,1000-1400,NO,NA,NA,El Salvador,"14° 5’ 49,4988” N",88°53’17.77'W,14.097083,-88.888272,745,1985,24,NA,Cambisols,0,20,20,94,80,89,80,CI,36,NA,cropland,cropland,5,5,Table 3,SD to be estimated,t C ha-1,Done,"28,80",NA,NA,28.8,8.31951885740959,"28,10",NA,NA,28.1,8.299148507043851,NA,NA,YES,"-0,0246058108",0,YES,"-0,01944444444",NA,NA,NA,232,127,1864,Tropical Moist,10,20,TRUE,"(5,10]",-88.888272,14.097083,FALSE,Beans/Maize,Multistrata system,1,A:<0/+1,Control-Impact Designs,Cropland,"[0,15)",TRUE,TRUE,-0.02460581080220019,0.03413496801210039
1194,171,1193,2019,Kearney et al.,English,Article,http://dx.doi.org/10.1016/j.ecolind.2017.08.032,NA,NA,LMP,Cropland,Full sun,NA,"zea mays,Phaseolus vulgaris",2,0,2,1,Cropland,Multistrata system,"Beans, Maize",NA,"zea mays,phaseoulus vulgaris, trees",3,1,2,1,1000-1400,NO,NA,ORg_control_conv_tratment,El Salvador,"14° 5’ 49,4988” N",88°53’17.77'W,14.097083,-88.888272,745,1985,24,NA,Cambisols,0,20,20,93,80,89,80,CI,36,NA,cropland,cropland,5,5,Table 3,SD to be estimated,t C ha-1,Done,"24,90",NA,NA,24.9,7.192917345468709,"28,10",NA,NA,28.1,8.299148507043851,NA,NA,YES,"0,1209017729",0,YES,"0,08888888889",NA,NA,NA,232,127,1864,Tropical Moist,10,20,TRUE,"(5,10]",-88.888272,14.097083,FALSE,Beans/Maize,Multistrata system,1,A:<0/+1,Control-Impact Designs,Cropland,"[0,15)",TRUE,TRUE,0.1209017728690382,0.03413496801210039
1196,171,1195,2019,Kearney et al.,English,Article,http://dx.doi.org/10.1016/j.ecolind.2017.08.032,NA,NA,LMP,Cropland,Full sun,NA,"zea mays,Phaseolus vulgaris",2,0,2,1,Cropland,Multistrata system,"Beans, Maize",NA,"zea mays,phaseoulus vulgaris, trees",3,1,2,1,NA,NO,NA,NA,El Salvador,"14° 5’ 49,4988” N",88°53’17.77'W,14.097083,-88.888272,745,1985,24,NA,Cambisols,0,20,20,94,80,99,80,CI,36,NA,cropland,forest,5,5,Table 3,SD to be estimated,t C ha-1,Done,"28,80",NA,NA,28.8,8.31951885740959,"30,50",NA,NA,30.5,9.007972578819837,NA,NA,YES,"0,05735129647",0,YES,"0,04722222222",NA,NA,NA,232,127,1864,Tropical Moist,10,20,TRUE,"(5,10]",-88.888272,14.097083,FALSE,Beans/Maize,Multistrata system,1,A:<0/+1,Control-Impact Designs,Unknown/mixed,"[0,15)",TRUE,TRUE,0.0573512964714656,0.034134968012100385
1197,171,1196,2019,Kearney et al.,English,Article,http://dx.doi.org/10.1016/j.ecolind.2017.08.032,NA,NA,LMP,Cropland,Full sun,NA,"zea mays,Phaseolus vulgaris",2,0,2,1,Cropland,Multistrata system,"Beans, Maize",NA,"zea mays,phaseoulus vulgaris, trees",3,1,2,1,NA,NO,NA,ORg_control_conv_tratment,El Salvador,"14° 5’ 49,4988” N",88°53’17.77'W,14.097083,-88.888272,745,1985,24,NA,Cambisols,0,20,20,93,80,99,80,CI,36,NA,cropland,forest,5,5,Table 3,SD to be estimated,t C ha-1,Done,"24,90",NA,NA,24.9,7.192917345468709,"30,50",NA,NA,30.5,9.007972578819837,NA,NA,YES,"0,2028588801",0,YES,"0,1555555556",NA,NA,NA,232,127,1864,Tropical Moist,10,20,TRUE,"(5,10]",-88.888272,14.097083,FALSE,Beans/Maize,Multistrata system,1,A:<0/+1,Control-Impact Designs,Unknown/mixed,"[0,15)",TRUE,TRUE,0.20285888014270412,0.03413496801210039
RR_row308,163,1018,2022,Leonel Salas Juárez,Spanish,MSc thesis,https://repositorio.catie.ac.cr/bitstream/handle/11554/12078/BCO22108412e.pdf?sequence=1&isAllowed=y,NA,NA,LMP,Grassland,Full sun,NA,"Brachiaría brizantha,Tithonia diversifolia",2,0,1,0,Grassland,SilvoPasture,Pasture,NA,"Brachiaría brizantha,Leucaena diversifolia",2,1,0,1,2304,NA,NA,NA,Costa Rica,"9°53'31,6536""N","83°40'30,36""W",9.892126,-83.6751,640,2700,21.8,NA,Cambisols,0,10,10,112,0,109,0,BACI,4,NA,unknown,unknown,4,4,Table 13,NA,t C ha-1,Done,"32,13","3,58 SE","7,16",32.13,7.16,"30,87","3,23 SE","6,46",30.87,6.46,NA,NA,YES,"-0,04000533461","0,02336286365",NO,NA,NA,NA,NA,NA,NA,1713,Tropical Wet,5,10,TRUE,"(0,5]",-83.6751,9.892126,FALSE,Pasture,SilvoPasture,0,A:<0/+1,Before-After Designs,Unknown/mixed,"[0,15)",FALSE,FALSE,-0.04000533461369925,0.023362863645324687
RR_row309,163,10191,2022,Leonel Salas Juárez,Spanish,MSc thesis,https://repositorio.catie.ac.cr/bitstream/handle/11554/12078/BCO22108412e.pdf?sequence=1&isAllowed=y,NA,NA,LMP,Grassland,Full sun,NA,"Brachiaría brizantha,Tithonia diversifolia",2,0,1,0,Grassland,SilvoPasture,Pasture,NA,"Brachiaría brizantha,Leucaena diversifolia",2,1,0,1,2304,NA,NA,NA,Costa Rica,"9°53'31,6536""N","83°40'30,36""W",9.892126,-83.6751,640,2700,21.8,NA,Cambisols,10,20,10,117,0,111,0,BACI,4,NA,unknown,unknown,4,4,Table 13,NA,t C ha-1,Done,"27,20","4,84 SE","9,68",27.2,9.68,"22,44","2,03 SE","4,06",22.44,4.06,NA,NA,YES,"-0,1923718926","0,03984669954",NO,NA,NA,NA,NA,NA,NA,1713,Tropical Wet,15,10,FALSE,"(10,15]",-83.6751,9.892126,FALSE,Pasture,SilvoPasture,0,A:<0/+1,Before-After Designs,Unknown/mixed,"[15,30)",FALSE,FALSE,-0.192371892647456,0.03984669953705028
RR_row310,47,5871,2019,"Saavedra-Mora, David; Murcia-Torrejano, Valentin; Machado-Cuellar, Leidy; Sanchez-Cerquera, Joserth; Estrada-Quintero, Luis F.; Ordonez-Espinosa, Claudia M.",Spanish,Article,NA,https://dialnet.unirioja.es/servlet/articulo?codigo=7146306,The data provided is MO in %,LMP,Cropland,Full sun,"308641,9753",Ananas comosus,1,0,1,0,Cropland,Multistrata system,Cocoa,NA,"Theobroma cacao,Pseudosamanea guachapele L,Cordia alliodora,Gliricidia sepium",4,4,0,1,NA,NA,NA,NA,Colombia,2°41'N,75°19'W,2.68333333333333,-75.3166666666667,612,1550,26.5,NA,Gleysols,0,60,60,150,0,146,0,CI,9,NA,unknown,unknown,2,2,Table 3,OM -Extractool,%,Done,"2,42","1,42 SEmin","0,83",217.67,74.3,"2,63","1,42 SEmin","0,83",230.71,72.32,NA,NA,YES,"0,05817819283",#VALUE!,NO,NA,NA,NA,NA,224,104,1469,Tropical Moist,30,60,TRUE,"(25,50]",-75.3166666666667,2.68333333333333,TRUE,Cocoa/Coffee,Multistrata system,3,C+2+,Control-Impact Designs,Unknown/mixed,"[30,45)",FALSE,FALSE,0.05818135615077159,0.10738813536521336
RR_row311,47,58710,2019,"Saavedra-Mora, David; Murcia-Torrejano, Valentin; Machado-Cuellar, Leidy; Sanchez-Cerquera, Joserth; Estrada-Quintero, Luis F.; Ordonez-Espinosa, Claudia M.",Spanish,Article,NA,https://dialnet.unirioja.es/servlet/articulo?codigo=7146306,The data provided is MO in %,LMP,Cropland,Full sun,"416,6666667",Passiflora quadrangularis L.,1,0,1,0,Cropland,Multistrata system,"Banana, coffee",NA,"Coffea arabica,Gliricidia sepium,Musa paradisiaca
L",3,2,1,1,"1071,428571",NA,NA,NA,Colombia,2°41'N,75°19'W,2.68333333333333,-75.3166666666667,612,1550,26.5,NA,Gleysols,0,60,60,150,0,146,0,CI,9,NA,unknown,unknown,2,2,Table 3,OM -Extractool,%,Done,"2,28","1,42 SEmin","0,83",205.12,74.3,"2,01","1,42 SEmin","0,83",176.22,72.32,NA,NA,YES,"-0,1518517371",#VALUE!,NO,NA,NA,NA,NA,224,104,1469,Tropical Moist,30,60,TRUE,"(25,50]",-75.3166666666667,2.68333333333333,TRUE,Others,Multistrata system,2,C+2+,Control-Impact Designs,Unknown/mixed,"[30,45)",FALSE,FALSE,-0.15186195929372157,0.14981667352839537
RR_row312,47,58711,2019,"Saavedra-Mora, David; Murcia-Torrejano, Valentin; Machado-Cuellar, Leidy; Sanchez-Cerquera, Joserth; Estrada-Quintero, Luis F.; Ordonez-Espinosa, Claudia M.",Spanish,Article,NA,https://dialnet.unirioja.es/servlet/articulo?codigo=7146306,The data provided is MO in %,LMP,Cropland,Full sun,"416,6666667",Passiflora edulis,1,0,1,0,Cropland,Multistrata system,"Banana, coffee",NA,"Coffea arabica,Gliricidia sepium,Musa paradisiaca
L",3,2,1,1,"1071,428571",NA,NA,NA,Colombia,2°41'N,75°19'W,2.68333333333333,-75.3166666666667,612,1550,26.5,NA,Gleysols,0,60,60,150,0,146,0,CI,9,NA,unknown,unknown,2,2,Table 3,OM -Extractool,%,Done,"2,27","1,42 SEmin","0,83",204.07,74.3,"2,01","1,42 SEmin","0,83",176.22,72.32,NA,NA,YES,"-0,1467366365",#VALUE!,NO,NA,NA,NA,NA,224,104,1469,Tropical Moist,30,60,TRUE,"(25,50]",-75.3166666666667,2.68333333333333,TRUE,Others,Multistrata system,2,C+2+,Control-Impact Designs,Unknown/mixed,"[30,45)",FALSE,FALSE,-0.14672985780241066,0.15049351599258842
RR_row313,47,58712,2019,"Saavedra-Mora, David; Murcia-Torrejano, Valentin; Machado-Cuellar, Leidy; Sanchez-Cerquera, Joserth; Estrada-Quintero, Luis F.; Ordonez-Espinosa, Claudia M.",Spanish,Article,NA,https://dialnet.unirioja.es/servlet/articulo?codigo=7146306,The data provided is MO in %,LMP,Cropland,Full sun,"833,3333333",Musa paradisiaca,1,0,1,0,Cropland,Multistrata system,"Banana, coffee",NA,"Coffea arabica,Gliricidia sepium,Musa paradisiaca
L",3,2,1,1,"1071,428571",NA,NA,NA,Colombia,2°41'N,75°19'W,2.68333333333333,-75.3166666666667,612,1550,26.5,NA,Gleysols,0,60,60,150,0,146,0,CI,9,NA,unknown,unknown,2,2,Table 3,OM -Extractool,%,Done,"2,03","1,42 SEmin","0,83",182.62,74.3,"2,01","1,42 SEmin","0,83",176.22,72.32,NA,NA,YES,"-0,03566181953",#VALUE!,NO,NA,NA,NA,NA,224,104,1469,Tropical Moist,30,60,TRUE,"(25,50]",-75.3166666666667,2.68333333333333,TRUE,Others,Multistrata system,2,C+2+,Control-Impact Designs,Unknown/mixed,"[30,45)",FALSE,FALSE,-0.035674276749610344,0.16697828491243644
RR_row314,47,58713,2019,"Saavedra-Mora, David; Murcia-Torrejano, Valentin; Machado-Cuellar, Leidy; Sanchez-Cerquera, Joserth; Estrada-Quintero, Luis F.; Ordonez-Espinosa, Claudia M.",Spanish,Article,NA,https://dialnet.unirioja.es/servlet/articulo?codigo=7146306,The data provided is MO in %,LMP,Cropland,Full sun,"416,6666667",Mangifera indica,1,1,0,0,Cropland,Multistrata system,Cocoa,NA,"Passiflora edulis f. flavicarpa,Theobroma cacao,Fruits",3,2,1,0,NA,NA,NA,NA,Colombia,2°41'N,75°19'W,2.68333333333333,-75.3166666666667,612,1550,26.5,NA,Gleysols,0,60,60,150,0,146,0,CI,9,NA,unknown,unknown,2,2,Table 3,OM -Extractool,%,Done,"1,41","1,42 SEmin","0,83",126.63,74.3,"3,20","1,42 SEmin","0,83",280.12,72.32,NA,NA,YES,"0,7939518797",#VALUE!,NO,NA,NA,NA,NA,224,104,1469,Tropical Moist,30,60,TRUE,"(25,50]",-75.3166666666667,2.68333333333333,TRUE,Cocoa/Coffee,Multistrata system,2,C+2+,Control-Impact Designs,Unknown/mixed,"[30,45)",FALSE,FALSE,0.7939486343248,0.20546425745407387
RR_row315,47,5872,2019,"Saavedra-Mora, David; Murcia-Torrejano, Valentin; Machado-Cuellar, Leidy; Sanchez-Cerquera, Joserth; Estrada-Quintero, Luis F.; Ordonez-Espinosa, Claudia M.",Spanish,Article,NA,https://dialnet.unirioja.es/servlet/articulo?codigo=7146306,The data provided is MO in %,LMP,Cropland,Full sun,"308641,9753",Ananas comosus,1,0,1,0,Cropland,Multistrata system,Cocoa,NA,"Passiflora edulis f. flavicarpa,Theobroma cacao,Fruits",3,2,1,0,NA,NA,NA,NA,Colombia,2°41'N,75°19'W,2.68333333333333,-75.3166666666667,612,1550,26.5,NA,Gleysols,0,60,60,150,0,146,0,CI,9,NA,unknown,unknown,2,2,Table 3,OM -Extractool,%,Done,"2,42","1,42 SEmin","0,83",217.67,74.3,"3,20","1,42 SEmin","0,83",280.12,72.32,NA,NA,YES,"0,2522043456",#VALUE!,NO,NA,NA,NA,NA,224,104,1469,Tropical Moist,30,60,TRUE,"(25,50]",-75.3166666666667,2.68333333333333,TRUE,Cocoa/Coffee,Multistrata system,2,C+2+,Control-Impact Designs,Unknown/mixed,"[30,45)",FALSE,FALSE,0.25223792836057135,0.09158449951671696
RR_row316,47,5873,2019,"Saavedra-Mora, David; Murcia-Torrejano, Valentin; Machado-Cuellar, Leidy; Sanchez-Cerquera, Joserth; Estrada-Quintero, Luis F.; Ordonez-Espinosa, Claudia M.",Spanish,Article,NA,https://dialnet.unirioja.es/servlet/articulo?codigo=7146306,The data provided is MO in %,LMP,Cropland,Full sun,"308641,9753",Ananas comosus,1,0,1,0,Cropland,Multistrata system,"Banana, coffee",NA,"Coffea arabica,Gliricidia sepium,Musa paradisiaca
L",3,2,1,1,"1071,428571",NA,NA,NA,Colombia,2°41'N,75°19'W,2.68333333333333,-75.3166666666667,612,1550,26.5,NA,Gleysols,0,60,60,150,0,146,0,CI,9,NA,unknown,unknown,2,2,Table 3,OM -Extractool,%,Done,"2,42","1,42 SEmin","0,83",217.67,74.3,"2,01","1,42 SEmin","0,83",176.22,72.32,NA,NA,YES,"-0,2112751576",#VALUE!,NO,NA,NA,NA,NA,224,104,1469,Tropical Moist,30,60,TRUE,"(25,50]",-75.3166666666667,2.68333333333333,TRUE,Others,Multistrata system,2,C+2+,Control-Impact Designs,Unknown/mixed,"[30,45)",FALSE,FALSE,-0.21124693998816202,0.14246979441227414
RR_row317,47,5874,2019,"Saavedra-Mora, David; Murcia-Torrejano, Valentin; Machado-Cuellar, Leidy; Sanchez-Cerquera, Joserth; Estrada-Quintero, Luis F.; Ordonez-Espinosa, Claudia M.",Spanish,Article,NA,https://dialnet.unirioja.es/servlet/articulo?codigo=7146306,The data provided is MO in %,LMP,Cropland,Full sun,"416,6666667",Passiflora quadrangularis L.,1,0,1,0,Cropland,Multistrata system,Cocoa,NA,"Theobroma cacao,Pseudosamanea guachapele L,Cordia alliodora,Gliricidia sepium",4,4,0,1,NA,NA,NA,NA,Colombia,2°41'N,75°19'W,2.68333333333333,-75.3166666666667,612,1550,26.5,NA,Gleysols,0,60,60,150,0,146,0,CI,9,NA,unknown,unknown,2,2,Table 3,OM -Extractool,%,Done,"2,28","1,42 SEmin","0,83",205.12,74.3,"2,63","1,42 SEmin","0,83",230.71,72.32,NA,NA,YES,"0,1176016133",#VALUE!,NO,NA,NA,NA,NA,224,104,1469,Tropical Moist,30,60,TRUE,"(25,50]",-75.3166666666667,2.68333333333333,TRUE,Cocoa/Coffee,Multistrata system,3,C+2+,Control-Impact Designs,Unknown/mixed,"[30,45)",FALSE,FALSE,0.11756633684521202,0.1147350144813346
RR_row318,47,5875,2019,"Saavedra-Mora, David; Murcia-Torrejano, Valentin; Machado-Cuellar, Leidy; Sanchez-Cerquera, Joserth; Estrada-Quintero, Luis F.; Ordonez-Espinosa, Claudia M.",Spanish,Article,NA,https://dialnet.unirioja.es/servlet/articulo?codigo=7146306,The data provided is MO in %,LMP,Cropland,Full sun,"416,6666667",Passiflora edulis,1,0,1,0,Cropland,Multistrata system,Cocoa,NA,"Theobroma cacao,Pseudosamanea guachapele L,Cordia alliodora,Gliricidia sepium",4,4,0,1,NA,NA,NA,NA,Colombia,2°41'N,75°19'W,2.68333333333333,-75.3166666666667,612,1550,26.5,NA,Gleysols,0,60,60,150,0,146,0,CI,9,NA,unknown,unknown,2,2,Table 3,OM -Extractool,%,Done,"2,27","1,42 SEmin","0,83",204.07,74.3,"2,63","1,42 SEmin","0,83",230.71,72.32,NA,NA,YES,"0,122716714",#VALUE!,NO,NA,NA,NA,NA,224,104,1469,Tropical Moist,30,60,TRUE,"(25,50]",-75.3166666666667,2.68333333333333,TRUE,Cocoa/Coffee,Multistrata system,3,C+2+,Control-Impact Designs,Unknown/mixed,"[30,45)",FALSE,FALSE,0.1226984383365228,0.11541185694552764
RR_row319,47,5876,2019,"Saavedra-Mora, David; Murcia-Torrejano, Valentin; Machado-Cuellar, Leidy; Sanchez-Cerquera, Joserth; Estrada-Quintero, Luis F.; Ordonez-Espinosa, Claudia M.",Spanish,Article,NA,https://dialnet.unirioja.es/servlet/articulo?codigo=7146306,The data provided is MO in %,LMP,Cropland,Full sun,"833,3333333",Musa paradisiaca,1,0,1,0,Cropland,Multistrata system,Cocoa,NA,"Theobroma cacao,Pseudosamanea guachapele L,Cordia alliodora,Gliricidia sepium",4,4,0,1,NA,NA,NA,NA,Colombia,2°41'N,75°19'W,2.68333333333333,-75.3166666666667,612,1550,26.5,NA,Gleysols,0,60,60,150,0,146,0,CI,9,NA,unknown,unknown,2,2,Table 3,OM -Extractool,%,Done,"2,03","1,42 SEmin","0,83",182.62,74.3,"2,63","1,42 SEmin","0,83",230.71,72.32,NA,NA,YES,"0,2337915309",#VALUE!,NO,NA,NA,NA,NA,224,104,1469,Tropical Moist,30,60,TRUE,"(25,50]",-75.3166666666667,2.68333333333333,TRUE,Cocoa/Coffee,Multistrata system,3,C+2+,Control-Impact Designs,Unknown/mixed,"[30,45)",FALSE,FALSE,0.23375401938932303,0.13189662586537565
RR_row320,47,5877,2019,"Saavedra-Mora, David; Murcia-Torrejano, Valentin; Machado-Cuellar, Leidy; Sanchez-Cerquera, Joserth; Estrada-Quintero, Luis F.; Ordonez-Espinosa, Claudia M.",Spanish,Article,NA,https://dialnet.unirioja.es/servlet/articulo?codigo=7146306,The data provided is MO in %,LMP,Cropland,Full sun,"416,6666667",Passiflora quadrangularis L.,1,0,1,0,Cropland,Multistrata system,Cocoa,NA,"Passiflora edulis f. flavicarpa,Theobroma cacao,Fruits",3,2,1,0,NA,NA,NA,NA,Colombia,2°41'N,75°19'W,2.68333333333333,-75.3166666666667,612,1550,26.5,NA,Gleysols,0,60,60,150,0,146,0,CI,9,NA,unknown,unknown,2,2,Table 3,OM -Extractool,%,Done,"2,28","1,42 SEmin","0,83",205.12,74.3,"3,20","1,42 SEmin","0,83",280.12,72.32,NA,NA,YES,"0,311627766",#VALUE!,NO,NA,NA,NA,NA,224,104,1469,Tropical Moist,30,60,TRUE,"(25,50]",-75.3166666666667,2.68333333333333,TRUE,Cocoa/Coffee,Multistrata system,2,C+2+,Control-Impact Designs,Unknown/mixed,"[30,45)",FALSE,FALSE,0.3116229090550118,0.0989313786328382
RR_row321,47,5878,2019,"Saavedra-Mora, David; Murcia-Torrejano, Valentin; Machado-Cuellar, Leidy; Sanchez-Cerquera, Joserth; Estrada-Quintero, Luis F.; Ordonez-Espinosa, Claudia M.",Spanish,Article,NA,https://dialnet.unirioja.es/servlet/articulo?codigo=7146306,The data provided is MO in %,LMP,Cropland,Full sun,"416,6666667",Passiflora edulis,1,0,1,0,Cropland,Multistrata system,Cocoa,NA,"Passiflora edulis f. flavicarpa,Theobroma cacao,Fruits",3,2,1,0,NA,NA,NA,NA,Colombia,2°41'N,75°19'W,2.68333333333333,-75.3166666666667,612,1550,26.5,NA,Gleysols,0,60,60,150,0,146,0,CI,9,NA,unknown,unknown,2,2,Table 3,OM -Extractool,%,Done,"2,27","1,42 SEmin","0,83",204.07,74.3,"3,20","1,42 SEmin","0,83",280.12,72.32,NA,NA,YES,"0,3167428667",#VALUE!,NO,NA,NA,NA,NA,224,104,1469,Tropical Moist,30,60,TRUE,"(25,50]",-75.3166666666667,2.68333333333333,TRUE,Cocoa/Coffee,Multistrata system,2,C+2+,Control-Impact Designs,Unknown/mixed,"[30,45)",FALSE,FALSE,0.3167550105463226,0.09960822109703124
RR_row322,47,5879,2019,"Saavedra-Mora, David; Murcia-Torrejano, Valentin; Machado-Cuellar, Leidy; Sanchez-Cerquera, Joserth; Estrada-Quintero, Luis F.; Ordonez-Espinosa, Claudia M.",Spanish,Article,NA,https://dialnet.unirioja.es/servlet/articulo?codigo=7146306,The data provided is MO in %,LMP,Cropland,Full sun,"833,3333333",Musa paradisiaca,1,0,1,0,Cropland,Multistrata system,Cocoa,NA,"Passiflora edulis f. flavicarpa,Theobroma cacao,Fruits",3,2,1,0,NA,NA,NA,NA,Colombia,2°41'N,75°19'W,2.68333333333333,-75.3166666666667,612,1550,26.5,NA,Gleysols,0,60,60,150,0,146,0,CI,9,NA,unknown,unknown,2,2,Table 3,OM -Extractool,%,Done,"2,03","1,42 SEmin","0,83",182.62,74.3,"3,20","1,42 SEmin","0,83",280.12,72.32,NA,NA,YES,"0,4278176836",#VALUE!,NO,NA,NA,NA,NA,224,104,1469,Tropical Moist,30,60,TRUE,"(25,50]",-75.3166666666667,2.68333333333333,TRUE,Cocoa/Coffee,Multistrata system,2,C+2+,Control-Impact Designs,Unknown/mixed,"[30,45)",FALSE,FALSE,0.427810591599123,0.11609299001687927
